#번호	종류	자리수	예산	예시위치	JP	KO
0	map	102	39	/AWRD.MAP@141045	　\n　\n　　　扉は開きませんでした。%b%V0	　\n　\n　　　문이 열리지 않았다.%b%V0
1	map	99	35	/AWRD.MAP@141103	　\n　\n宝箱は開きませんでした。%b%V0	　\n　\n상자가 열리지 않았다.%b%V0
2	map	3	16	/AWRD.MAP@141145	中に入りますか？	들어갈까요?
3	map	23	4	/AWRD.MAP@141162	入る	예
4	map	23	8	/AWRD.MAP@141167	入らない	아니오
5	map	2	39	/AWRD.MAP@141217	オレたちは、\nここを通って来たんだ。%b%h	우리는\n여기를 지나서 왔지.%b%h
6	map	2	51	/AWRD.MAP@141288	・・・もう一度ここを通ることは、\nあるんだろうか？%b	…다시 여길 지나갈 일이\n있을까?%b
7	map	1	28	/AWRD.MAP@141371	ここがカカルクラン・・・。%b	여기가 카칼클랜….%b
8	map	1	58	/AWRD.MAP@141431	・・・で、\nあれがゲンユウサイの本拠\n・・・ってワケだ。%b%h	…그리고\n저게 겐유사이의 본거지\n…라는 거군.%b%h
9	map	1	26	/AWRD.MAP@141521	とっとと入っちまおうぜ。%b	얼른 들어가자고.%b
10	map	1	18	/AWRD.MAP@141579	う、うん・・・。%b	으, 응….%b
11	map	1	37	/AWRD.MAP@141629	なんだぁ！？\nビビってんのかぁ！？%b%h	뭐야!?\n쫄았냐!?%b%h
12	map	1	37	/AWRD.MAP@141698	おいおい・・・\nしっかりしてくれよ。%b	이봐 이봐…\n정신 좀 차리라고.%b
13	map	1	22	/AWRD.MAP@141767	わ、わかってるよ。%b%h	아, 알고 있어.%b%h
14	map	1	90	/AWRD.MAP@141821	ただ、\nこれからのボクたちの行動しだいで、世界の行方が決まってしまうのかと\n思うと・・・。%b	다만,\n이제부터 우리 행동에 따라 세계의 행방이 정해져 버린다고\n생각하니….%b
15	map	1	35	/AWRD.MAP@141943	まぁな。\nたしかに気は重いよな。%b%h	그렇지.\n확실히 마음이 무겁지.%b%h
16	map	1	70	/AWRD.MAP@142010	・・・けどよ、\nこんなトコでなやんでたって、\n解決にはなんねぇだろ？%b%h	…그래도 말이야,\n이런 데서 고민해 봤자\n해결은 안 되잖아?%b%h
17	map	1	55	/AWRD.MAP@142112	どうにかなっちまう前に、\nやるコトやっておかねぇとな。%b	어떻게 되기 전에\n할 일은 해 둬야지.%b
18	map	1	18	/AWRD.MAP@142199	そ、そうだね。%b%h	그, 그렇네.%b%h
19	map	1	56	/AWRD.MAP@142249	とにかく行ってみよう、\nゲンユウサイの待つ、\n魔の城へ！%b	아무튼 가 보자,\n겐유사이가 기다리는\n마의 성으로!%b
20	map	1	28	/AWRD.MAP@142491	私は%s0に\nついて行くわよ。%b	난 %s0를\n따라갈 거야.%b
21	map	1	62	/AWRD.MAP@142551	ぼっちゃま、\nじいはどこまでも\nぼっちゃまについて行きますぞ。%b	도련님,\n이 할아범은 어디까지나\n도련님을 따라가겠습니다.%b
22	map	1	20	/AWRD.MAP@142645	それしかなかろう。%b	그 수밖에 없겠지.%b
23	map	1	28	/AWRD.MAP@142697	だいじょーぶだって、\n%s1！%b	괜찮다니까,\n%s1!%b
24	map	1	53	/AWRD.MAP@142757	どうしたい、大将。\n今度は大将がビビっちまったかい？%b	왜 그래, 대장.\n이번엔 대장이 쫄아 버린 거야?%b
25	map	1	35	/AWRD.MAP@142842	ほっほっほっ、\n行くしかなかろう。%b	허허허,\n갈 수밖에 없지.%b
26	map	1	28	/AWRD.MAP@142909	オレも%s0に\nついて行くぜ！%b	나도 %s0를\n따라가겠어!%b
27	map	1	20	/AWRD.MAP@142970	しようがねぇよな。%b	어쩔 수 없지.%b
28	map	1	41	/AWRD.MAP@143023	あたしもだ。\nみんなのところへ帰るんだ。%b	나도야.\n다들 곁으로 돌아갈 거야.%b
29	map	2	59	/AWRD.MAP@143097	ウッホウッホウッホホッホーッ！\n（↑はりきっているらしい）%b	우호우호우호호호!\n（↑의욕이 넘치는 듯하다）%b
30	map	1	39	/AWRD.MAP@143188	わかった、わかった。\nオレも行くよ。%b%h	알았어, 알았어.\n나도 갈게.%b%h
31	map	1	54	/AWRD.MAP@143259	こんな所にひとりでおいてかれちゃ、つまんねぇからな。%b	이런 곳에 혼자 남겨지면 재미없으니까.%b
32	map	1	35	/AWRD.MAP@143345	よし、\nみんなのところにもどるぞ！%b	좋아,\n다들 있는 곳으로 돌아가자!%b
33	map	2	55	/AWRD.MAP@143422	・・・また、この水晶か。\nこんな所にまであるなんてな。%b	…또 이 수정인가.\n이런 곳에까지 있다니.%b
34	map	2	70	/AWRD.MAP@143509	しかし、こいつを見てると、\n中にすいこまれそうな気分に\nなっちまうぜ。%b	하지만 이걸 보고 있으면\n안으로 빨려 들어갈 것 같은\n기분이 든다니까.%b
35	map	38	22	/AWRD.MAP@143611	・・・・・・・・・。%b	………%b
36	map	2	32	/AWRD.MAP@143665	・・・まさか、とは思うけどな。%b	…설마 싶긴 하지만.%b
37	map	4	22	/AWRD.MAP@143698	水晶にふれてみますか？	수정을 만져 볼까요?
38	map	4	6	/AWRD.MAP@143721	ふれる	만진다
39	map	4	8	/AWRD.MAP@143728	ふれない	그만둔다
40	map	1	19	/AWRD.MAP@144154	・・・ふぅ・・・。\n	…휴….\n
41	map	1	51	/AWRD.MAP@144205	どうやら、カカルクランに\nもどってこれたようだな。%b	아무래도 카칼클랜에\n돌아온 모양이군.%b
42	map	1	39	/AWRD.MAP@144288	今度こそ、\nすべてに決着をつけようぜ！%b	이번에야말로\n모든 것에 결판을 내자!%b
43	map	1	39	/AWRD.MAP@144359	いったん、ここで\n態勢をととのえるか。%b	일단 여기서\n태세를 갖출까.%b
44	map	1	41	/AWRD.MAP@144430	ふぅ・・・。\nぎりぎりセーフだったな。%b%h	휴….\n아슬아슬하게 세이프였군.%b%h
45	map	1	37	/AWRD.MAP@144503	みんなも、\nちゃんとついて来てるな？%b	다들\n제대로 따라오고 있지?%b
46	map	1	41	/AWRD.MAP@144572	でも、\nこれからどうするかが問題だね。%b%h	하지만\n이제부터 어떻게 할지가 문제네.%b%h
47	map	1	91	/AWRD.MAP@144645	ハッキリとはわからないけど、\nボクたちの世界が\n大変なコトになっているのは\n確かだと思う。%b%h	확실히는 모르겠지만\n우리 세계가\n큰일이 났다는 건\n확실한 것 같아.%b%h
48	map	1	22	/AWRD.MAP@144768	急いでもどらなきゃ！%b	서둘러 돌아가야 해!%b
49	map	1	47	/AWRD.MAP@144822	そりゃあそうだが、\nでも、どうやって・・・？%b%h	그야 그렇지만\n대체 어떻게…?%b%h
50	map	1	37	/AWRD.MAP@144901	歩いて帰るってワケにゃ\nいかねぇぜ。%b	걸어서 돌아갈 수는\n없다고.%b
51	map	1	60	/AWRD.MAP@144970	『扉』をくぐるんだ。\nボクたちには、\nそれしか方法がないよ。%b	『문』을 지나는 거야.\n우리에겐\n그 방법밖에 없어.%b
52	map	1	14	/AWRD.MAP@145062	けどよ・・・%b	하지만…%b
53	map	5	2	/BT20.MAP@209021	！	
54	map	3	31	/DB00.MAP@14242	O4濂〆｢QAY｡EAU！AEAMbMAAAY｢Q｡= 	
55	map	7	3	/DB00.MAP@22301	｢ガ	
56	map	14	3	/DB00.MAP@36815	Y！	
57	map	1	540	/DB00.MAP@132415	l%V100　　　　　　試練の迷宮へようこそ\n \nバトラムの町の自治体よりお知らせします。\n \n下記にあげる条件が納得できない場合は、\n迷宮内に入らないようにしてください。%b %a１．パーティは６名まで！\n２．アイテムの持ち込み、宝物の持ち出し自由！\n３．モンスター達はお金をもっていません\n　　お金が必要な方は闘技場へ\n４．迷宮内でのレベルアップサービスはありません\n　　経験値は全て無効となります。\n　　ただし、技に関するスキルアップは可能です。%b %aなお、この迷宮内でのできごとに当方は一切の責任をもちませんのでご注意ください。\n \n　　バトラムの町の自治体%b	l%V100　　　　　　시련의 미궁에 어서 오세요\n \n바트람 마을 자치회에서 알려 드립니다.\n \n아래 조건에 납득할 수 없는 경우에는\n미궁에 들어가지 마십시오.%b %a１．파티는 ６명까지!\n２．아이템 반입, 보물 반출 자유!\n３．몬스터들은 돈을 갖고 있지 않습니다\n　　돈이 필요한 분은 투기장으로\n４．미궁 안에서는 레벨 업 서비스가 없습니다\n　　경험치는 모두 무효가 됩니다.\n　　단, 기술의 스킬 업은 가능합니다.%b %a아울러 이 미궁 안에서 일어난 일에 저희는 일절 책임을 지지 않으니 주의하십시오.\n \n　　바트람 마을 자치회%b
58	map	1	52	/DB00.MAP@133007	hん、なんだね。\nわたしに聞きたいことでもあるのかね？	h음, 무슨 일인가.\n나한테 묻고 싶은 거라도 있나?
59	map	5	30	/DB00.MAP@133060	まだ聞きたいことがあるのかね？	아직 물을 게 있나?
60	map	5	61	/DB00.MAP@133092	もう用は済んだのかね？\nまた何かあったら、たずねてきなさい。%b	볼일은 끝났나?\n또 무슨 일 있으면 찾아오게.%b
61	map	1	116	/DB00.MAP@133156	そういえば、ドラグーン城の方がさわがしくなっているようだ。\nまさか、ゲンユウサイの軍が\n攻めてきたのではあるまいな。%b	그러고 보니 드래군성 쪽이 소란스러운 모양이야.\n설마 겐유사이의 군대가\n쳐들어온 건 아니겠지.%b
62	map	1	71	/DB00.MAP@133276	ドラグーン城の話は聞いている。\nああ、この国はいったいどうなるんだ！？%b	드래군성 이야기는 들었네.\n아아, 이 나라는 대체 어떻게 되는 건가!?%b
63	map	1	102	/DB00.MAP@133348	そういえば、ずっと東にあるロッサム国には\nすごい魔導士がいるそうだ。\nいったい、どんな人物なのだろう。%b	그러고 보니 저 동쪽 로삼국에는\n굉장한 마도사가 있다더군.\n대체 어떤 인물일까.%b
64	map	1	134	/DB00.MAP@133452	最近になって、東にあるロッサム国の古代遺跡が、\n何者かにあらされたというウワサを耳にしたよ。\nなんだって、そんなことをするのだろうね？%b	최근 동쪽 로삼국의 고대 유적이\n누군가에게 파헤쳐졌다는 소문을 들었어.\n대체 왜 그런 짓을 하는 걸까?%b
65	map	1	127	/DB00.MAP@133588	北のクイーンズランド国の\n義賊の話を知っているかね？\n近ごろ、まずしい人たちを助ける盗賊が、\nたいそうもてはやされてるそうだよ。%b	북쪽 퀸즈랜드국의\n의적 이야기를 아나?\n요즘 가난한 사람들을 돕는 도적이\n무척 인기라더군.%b
66	map	1	130	/DB00.MAP@133716	そういえば北のクイーンズランド国の\n義賊を知っているかね？\nなんでも、\nゲンユウサイにケンカをふっかけてから\n現れなくなったそうだ。%b	그러고 보니 북쪽 퀸즈랜드국의\n의적을 아나?\n듣자 하니\n겐유사이에게 싸움을 걸고 나서\n모습을 감췄다더군.%b
67	map	1	114	/DB00.MAP@133848	南の港町オルトマでは、\n商船をおそう海賊になやまされているそうだ。\nわたしでは力になれんが、どうにかならんものか。%b	남쪽 항구 오르트마에서는\n상선을 습격하는 해적 때문에 골치라더군.\n나로선 힘이 못 되지만 어떻게 안 될까.%b
68	map	1	118	/DB00.MAP@133964	近ごろは、商船をおそう海賊がでなくなったと、\n南の港町オルトマに住む知人が言っていたよ。\n役人につかまったんだろうか。%b	요즘은 상선을 덮치는 해적이 안 나온다고\n남쪽 항구 오르트마에 사는 지인이 그러더군.\n관리에게 잡힌 걸까.%b
69	map	1	116	/DB00.MAP@134084	まったく、あちこちで問題が多発しているよ。\nそれもこれも、あのゲンユウサイのせいだろうね。\nどうにかならないものか。%b	정말이지 곳곳에서 문제가 끊이질 않아.\n이것도 저것도 다 그 겐유사이 탓이겠지.\n어떻게 안 될까.%b
70	map	1	108	/DB00.MAP@134204	きみたちは、世界中を旅しているのだろう？\nわたしよりも、きみたちの方が\nいろいろと知っているのではないかね？%b	자네들은 세계를 여행하고 있지?\n나보다 자네들이\n더 많이 알고 있지 않나?%b
71	map	2	24	/DB00.MAP@134348	ん、あたしに何か用かい？	어머, 무슨 볼일이에요?
72	map	4	40	/DB00.MAP@134376	おや、まだ何か聞きたいことがあるのかい？	어머, 또 뭔가 물어볼 게 있어요?
73	map	5	30	/DB00.MAP@134420	また話を聞きに来ておくれよ。%b	또 이야기 들으러 와요.%b
74	map	1	120	/DB00.MAP@134452	話と言っても、\nいまは北の山中の館にとらわれた娘のことだけが気がかりでね。\nすまないねぇ、話すことが見つからないんだよ。%b	이야기라 해도\n지금은 북쪽 산속 저택에 잡혀간 딸 생각뿐이라서요.\n미안해요, 할 이야기가 없네요.%b
75	map	1	122	/DB00.MAP@134576	あんた達、あちこち旅して回ってるんだってね。\n\n最近じゃブッソウなモンスターがうろついてるって言うから、気をつけるんだよ。%b	당신들, 여기저기 여행하며 다닌다면서요.\n\n요즘 험악한 몬스터가 어슬렁거린다니 조심해요.%b
76	map	1	386	/DB00.MAP@134700	おや・・・？　立てふだを見て来てくれたのかい？\n実は北の山中に、あやしい館があってね。\nそこのやつらが娘をさらって行っちまったんだよ。\nしかも、その館は高い山の上にあって\n人の足では近づけないものでね。\n娘の名は『メイ』って言うんだけど、\nどうか助けてやってくれないかい？\nムリにはたのめないけど心にとめといておくれよ。\n北の山中にある館だからね。\n\n・・・え～と、それでどんなご用だったかね？%b	어머…? 팻말을 보고 와 준 거예요?\n실은 북쪽 산속에 수상한 저택이 있는데\n거기 놈들이 딸을 잡아가 버렸어요.\n게다가 그 저택은 높은 산 위에 있어서\n사람 발로는 다가갈 수가 없어요.\n딸 이름은 『메이』라고 하는데\n부디 구해 주지 않겠어요?\n억지로 부탁할 순 없지만 기억해 둬요.\n북쪽 산속에 있는 저택이에요.\n\n…음, 그래서 무슨 일로 오셨죠?%b
77	map	1	168	/DB00.MAP@135088	おや・・・あんたらだったのかい？\nどうだい、さらわれた娘は助かりそうかい？\nムリなら仕方ないけど、\n力になってくれるのなら、\n北の山中にあるあやしげな館へ向かっておくれ。%b	어머…당신들이었어요?\n어때요, 잡혀간 딸은 구할 수 있을 것 같아요?\n무리라면 어쩔 수 없지만\n힘이 되어 준다면\n북쪽 산속의 수상한 저택으로 가 줘요.%b
78	map	1	283	/DB00.MAP@135260	おや・・・あんたらだったのかい？\nん・・・？　あんたが背中におぶってるのは・・・\nメイ！!　ああ、助け出してくれたんだね！\nありがとうよ、あんたらにたのんでよかったよ。\nすまないけど、娘の様子が気になるから....\nいったん引き取ってくれないかい？\n目をさましたら、あらためて礼をするからさ。%b	어머…당신들이었어요?\n응…? 당신이 등에 업고 있는 건…\n메이!! 아아, 구해 줬군요!\n고마워요, 당신들한테 부탁하길 잘했어요.\n미안하지만 딸이 걱정되니까….\n일단 돌아가 주지 않겠어요?\n깨어나면 다시 사례할게요.%b
79	map	1	55	/DB00.MAP@135592	やぁ、いらっしゃい。\nこの町のことなら何でも聞いてくれ。	야, 어서 오게.\n이 마을 일이라면 뭐든 물어보게.
80	map	1	28	/DB00.MAP@135648	他に聞きたいことはあるかい？	그 밖에 물어볼 건 있나?
81	map	1	78	/DB00.MAP@135680	もう行ってしまうのか？\n冒険者ってのは先を急ぎすぎるよな。\nまたよってくれよ。%b	벌써 가는 건가?\n모험가란 너무 서두른다니까.\n또 들르게.%b
82	map	2	12	/DB00.MAP@135760	バトラムの町	바트람 마을
83	map	1	10	/DB00.MAP@135796	ランキング	랭킹
84	map	2	8	/DB00.MAP@135808	店を出る	나가기
85	map	1	71	/DB00.MAP@135820	この町は、もともと試練の迷宮が先にあって\nその周りに作られた町なんだ。%b	이 마을은 원래 시련의 미궁이 먼저 있었고\n그 주위에 만들어진 마을이야.%b
86	map	1	178	/DB00.MAP@135892	この迷宮は昔、\nものずきな魔導士が作り上げたものらしいんだが\nくわしいことはだれも知らないんだ。%b %aただ、この迷宮に入っていった冒険者で\n最下層まで行った者がいないのは確かだな。%b	이 미궁은 옛날에\n별난 마도사가 만든 것이라는데\n자세한 건 아무도 몰라.%b %a다만, 이 미궁에 들어간 모험가 중에\n최하층까지 간 자가 없는 건 확실해.%b
87	map	1	200	/DB00.MAP@136072	どうやってここまで来るのかは知らないが、\nけっこうな人数がやって来るよ。\n私の店もそれなりににぎわっているしね。%b %a迷宮にチャレンジしている者たちのランキングが\nはりだしてあるから見てみちゃどうだい。%b	어떻게 여기까지 오는지는 모르지만\n꽤 많은 사람이 찾아와.\n우리 가게도 나름 붐비고 있고.%b %a미궁에 도전하는 자들의 랭킹을\n붙여 뒀으니 한번 보는 게 어때.%b
88	map	1	191	/DB00.MAP@136276	%V100ランク　パーティ名　　リーダー　　到達ポイント\n　１　マラハリの風　　マ・ドゴイ　　地下２Ｆ\n　２　虹の私兵団　　　リーン　　　　地下１Ｆ\n　３　紅の鷹　　　　　サイード　　　地下１Ｆ%V0%b	%V100랭크　파티명　　　　　리더　　　　　도달 지점\n　１　마라하리의 바람 마・도고이　　지하 2층\n　２　무지개 사병단　 린　　　　　　지하 1층\n　３　진홍의 매　　　 사이드　　　　지하 1층%V0%b
89	map	1	33	/DB00.MAP@136523	Lよう、らっしゃい。\n何にするね？\n	L어이, 어서 와.\n뭘로 하겠나?\n
90	map	6	42	/DB00.MAP@136560	なんだ、やめんのか。\nほかに用はあるかい？\n	뭐야, 안 사나.\n다른 볼일은 있나?\n
91	map	6	26	/DB00.MAP@136604	武器を買ってくれんのかい。	무기를 안 사 주는 건가.
92	map	6	18	/DB00.MAP@136632	売りに来たのかい。	팔러 왔나.
93	map	6	18	/DB00.MAP@136652	また来てくれよ。%b	또 와 주게.%b
94	map	6	20	/DB00.MAP@136672	さて、どれを買うね？	자, 뭘 사겠나?
95	map	6	20	/DB00.MAP@136696	さて、どれを売るね？	자, 뭘 팔겠나?
96	map	6	36	/DB00.MAP@136720	売れるものなんか持ってないようだが。	팔 만한 물건이 없는 것 같은데.
97	map	6	24	/DB00.MAP@136760	「%nS」だな。\n買うかい？	「%nS」군.\n사겠나?
98	map	6	55	/DB00.MAP@136788	おいおい、そんなに持てねぇだろ。\nやめとけ、やめとけ。%b	이봐, 그렇게 많이는 못 들잖아.\n관둬, 관둬.%b
99	map	6	76	/DB00.MAP@136844	金が足りないようじゃねぇか。\nこっちも商売だからな。\n正札でしか売らねぇよ。%b	돈이 모자라잖아.\n이쪽도 장사라서 말이야.\n정가로만 판다고.%b
100	map	12	33	/DB00.MAP@136924	まいどあり。\nほかに何かあるかい？	고맙네.\n다른 건 없나?
101	map	6	30	/DB00.MAP@136960	「%nS」を\n売ってくれるのかい？	「%nS」\n팔아 주겠나?
102	map	1	41	/DB00.MAP@137083	ｨいらっしゃい。\nゆっくり見てっておくれ。\n	ｨ어서 와요.\n천천히 보고 가요.\n
103	map	3	44	/DB00.MAP@137128	なんだ、やめるのかい。\nほかに何かあるかい？\n	뭐야, 안 사요?\n다른 볼일 있어요?\n
104	map	3	24	/DB00.MAP@137176	ゆっくり見てっておくれ。	천천히 보고 가요.
105	map	1	32	/DB00.MAP@137204	おやおや、何か売りに来たのかい？	어머어머, 뭔가 팔러 왔어요?
106	map	3	35	/DB00.MAP@137240	そうかい。\nまた、よっておくれよ。%b	그래요.\n또 들러 줘요.%b
107	map	7	26	/DB00.MAP@137276	どれを買ってくれるんだい？	어느 걸 사 줄 거예요?
108	map	7	26	/DB00.MAP@137304	どれを売ってくれるんだい？	어느 걸 팔 거예요?
109	map	1	38	/DB00.MAP@137332	おやおや、何も売るものがないようだね？	어머어머, 팔 물건이 없는 것 같네요?
110	map	3	21	/DB00.MAP@137372	「%nS」でいいのかい？	「%nS」 맞아요?
111	map	3	69	/DB00.MAP@137396	おやまぁ、そんなに持てないだろう？\n荷物が軽くなったら、またおいで。%b	어머나, 그렇게 많이는 못 들잖아요?\n짐이 가벼워지면 또 와요.%b
112	map	3	55	/DB00.MAP@137468	おやおや\nお金がないんじゃ、売るわけにはいかないねぇ。%b	어머어머\n돈이 없으면 팔 수가 없네요.%b
113	map	6	35	/DB00.MAP@137524	ありがとうよ。\nほかに何かあるかい？	고마워요.\n다른 건 없어요?
114	map	3	35	/DB00.MAP@137560	「%nS」を売っちまってもいいんだね？	「%nS」 정말 팔아도 되죠?
115	map	11	14	/DB10.MAP@179395	外に出ますか？	나갈까요?
116	map	14	4	/DB10.MAP@179410	出る	예
117	map	14	6	/DB10.MAP@179415	出ない	아니오
118	map	18	12	/DB10.MAP@179432	下りますか？	내려갈까요?
119	map	19	6	/DB10.MAP@179445	下りる	예
120	map	19	8	/DB10.MAP@179452	下りない	아니오
121	map	1	13	/DB10.MAP@179635	なんか・・・\n	뭔가…\n
122	map	1	37	/DB10.MAP@179649	おしつぶされそうな\n霊気を感じるぜ。%b	짓눌릴 것 같은\n영기가 느껴져.%b
123	map	1	41	/DB10.MAP@179718	ともかく、\n最下層を目指せばいいんだな。%b	어쨌든\n최하층을 목표로 하면 되겠군.%b
124	map	20	12	/DB20.MAP@179743	上りますか？	올라갈까요?
125	map	23	4	/DB20.MAP@179756	上る	예
126	map	23	8	/DB20.MAP@179761	上らない	아니오
127	map	1	40	/DB40.MAP@163773	まだ奥があるのか。うわさ通りの迷宮だな%b	아직 안쪽이 있나. 소문대로의 미궁이군%b
128	map	1	58	/DB40.MAP@163845	オレたちもまだまだだな。こんな迷宮は楽勝だと思ったんだが%b	우리도 아직 멀었군. 이런 미궁쯤 쉬울 줄 알았는데%b
129	map	1	64	/DB40.MAP@163935	やっとここまで来たわ。なんとしても宝を持って帰らなくては・・・%b	겨우 여기까지 왔어. 무슨 일이 있어도 보물을 갖고 돌아가야 해…%b
130	map	1	34	/DB40.MAP@164031	ぼっちゃま。じいはがんばりますぞ%b	도련님. 이 할아범은 힘내겠습니다%b
131	map	1	14	/DB40.MAP@164097	・・・・・・%b	……%b
132	map	1	38	/DB40.MAP@164143	やだまだあるのお。あきてきちゃった。%b	싫다, 아직도 있어. 질려 버렸어.%b
133	map	1	40	/DB40.MAP@164213	フッ。このオレ様は簡単にはやられないぜ%b	훗. 이 몸은 쉽게 당하지 않는다고%b
134	map	1	48	/DB40.MAP@164285	ほっほっほっ。ここを作った魔導士もたちが悪いの%b	허허허. 여길 만든 마도사도 고약하구먼%b
135	map	1	28	/DB40.MAP@164365	くそっ、まだオレはやれるぜ%b	젠장, 난 아직 할 수 있어%b
136	map	1	28	/DB40.MAP@164426	ちっ、まだ奥がありやがるぜ%b	칫, 아직 안쪽이 있잖아%b
137	map	1	50	/DB40.MAP@164487	お宝だよ、お・た・か・ら。お宝が私を呼んでいるよ%b	보물이야, 보・물. 보물이 날 부르고 있어%b
138	map	1	17	/DB40.MAP@164570	ウホウホホウホ？\n	우호우호호우호?\n
139	map	1	30	/DB40.MAP@164588	（↑よく解っていないらしい）%b	（↑잘 모르는 듯하다）%b
140	map	1	45	/DC00.MAP@97825	ここまで来れば一安心だな。\nケガも治ったし。%b	여기까지 오면 안심이군.\n상처도 나았고.%b
141	map	1	60	/DC00.MAP@97902	よし、みんな。\n力を合わせて、\n今度こそアヤヒメを倒すんだ！%b	좋아, 다들.\n힘을 합쳐서\n이번엔 아야히메를 해치우자!%b
142	map	1	18	/DC0B.MAP@99804	ＺＺＺＺＺ・・・%b	ＺＺＺＺＺ…%b
143	map	3	49	/DC0B.MAP@99855	どれどれ・・・%b%h%H%m1%V100［%m0看守%m1］%V0%m0\n	어디 보자…%b%h%H%m1%V100［%m0간수%m1］%V0%m0\n
144	map	1	101	/DC0B.MAP@99905	なんでぇなんでぇ、\nアヤヒメ様のおいいつけが\n守れてねぇじゃねぇか。%b%h%H%m1%V100［%m0看守%m1］%V0%m0\n	뭐야 뭐야,\n아야히메 님의 분부를\n못 지켰잖아.%b%h%H%m1%V100［%m0간수%m1］%V0%m0\n
145	map	1	45	/DC0B.MAP@100007	とっとと、上にもどって、\nやり直すこったな。%b	냉큼 위로 돌아가서\n다시 해 보라고.%b
146	map	2	114	/DC0B.MAP@100145	ちっ、もう終わりかよ。\nつまんねえな。\nもっと楽しませてくれるかと\n思ったのによ。%b%h%H%m1%V100［%m0看守%m1］%V0%m0\n	칫, 벌써 끝이냐.\n시시하군.\n좀 더 즐겁게 해 줄 줄\n알았는데 말이야.%b%h%H%m1%V100［%m0간수%m1］%V0%m0\n
147	map	1	66	/DC0B.MAP@100260	・・・・・・ん？\nちょっと待て！%b%h%H%m1%V100［%m0看守%m1］%V0%m0\n	……응?\n잠깐 기다려!%b%h%H%m1%V100［%m0간수%m1］%V0%m0\n
148	map	1	109	/DC0B.MAP@100327	おめぇが持ってるそれは、\n酒じゃねぇか！\nンなもの持ってるってぇコトは・・・%b%h%H%m1%V100［%m0看守%m1］%V0%m0\n	네놈이 들고 있는 그건\n술 아니냐!\n그런 걸 들고 있다는 건…%b%h%H%m1%V100［%m0간수%m1］%V0%m0\n
149	map	1	128	/DC0B.MAP@100437	・・・・・・そうっか！\nアヤヒメ様がオレのコトを思って、\nさしいれをよこして\nくだすったんだな。%b%h%H%m1%V100［%m0看守%m1］%V0%m0\n	……그렇구나!\n아야히메 님이 날 생각해서\n위문품을 보내\n주셨구나.%b%h%H%m1%V100［%m0간수%m1］%V0%m0\n
150	map	1	28	/DC0B.MAP@100566	くぅぅぅ～っ、ありがてぇ。%b	크으으～, 고맙구먼.%b
151	map	1	56	/DC0B.MAP@100626	おいおい、\nそれは、オレが\n見つけてきてやったんだぜ。%b%h	이봐 이봐,\n그건 내가\n찾아다 준 거라고.%b%h
152	map	1	62	/DC0B.MAP@100714	酒を持ってきたら、\n何でもたのみを聞いてくれるって\n言ったろ？%b	술을 가져오면\n무슨 부탁이든 들어준다고\n했잖아?%b
153	map	1	76	/DC0B.MAP@100809	・・・ああん？\nンなこと言ったっけかぁ！？%b%h%H%m1%V100［%m0看守%m1］%V0%m0\n	…뭐어?\n내가 그런 말을 했던가!?%b%h%H%m1%V100［%m0간수%m1］%V0%m0\n
154	map	1	119	/DC0B.MAP@100886	『なんだって聞いてやる』\nって言ったおぼえはあるが、\nたのみを聞いてやるとまではなぁ。%b%h%H%m1%V100［%m0看守%m1］%V0%m0\n	『뭐든지 들어 주마』\n라고 한 기억은 있지만\n부탁을 들어준다고까진 안 했지.%b%h%H%m1%V100［%m0간수%m1］%V0%m0\n
155	map	1	62	/DC0B.MAP@101006	なんなら、\n過去にさかのぼってオレのセリフを\n調べてみるかい？%b	뭣하면\n과거로 돌아가서 내 대사를\n확인해 보든가?%b
156	map	1	26	/DC0B.MAP@101100	そ、そんな・・・・・・！%b	그, 그런…!%b
157	map	1	33	/DC0B.MAP@101158	ま、待てよ！\n勝手に何を・・・！%b	자, 잠깐!\n멋대로 무슨…!%b
158	map	1	66	/DC0B.MAP@101224	うるせぇ！\nガキはすっこんでな！%b%h%H%m1%V100［%m0看守%m1］%V0%m0\n	시끄러!\n꼬맹이는 빠져 있어!%b%h%H%m1%V100［%m0간수%m1］%V0%m0\n
159	map	1	64	/DC0B.MAP@101291	・・・おおおぅっ、\nこれは禁断の名酒\n「竜殺し」じゃねぇかい！%b%h	…오오오,\n이건 금단의 명주\n「용살자」 아니냐!%b%h
160	map	1	14	/DC0B.MAP@101356	\n\nぐびぐび%b%h	\n\n꿀꺽꿀꺽%b%h
161	map	1	26	/DC0B.MAP@101403	くはぁーっ、きくぜぃ！%b%h	크하～, 끝내주는군!%b%h
162	map	1	18	/DC0B.MAP@101430	\n\nぐびんぐびん%b%h	\n\n꿀꺽꿀꺽꿀꺽%b%h
163	map	1	43	/DC0B.MAP@101481	ぶふふぅーっ、\nかーっ、きもちいいーっ！%b%h	푸하하～,\n캬～, 기분 좋다～!%b%h
164	map	1	22	/DC0B.MAP@101525	\n\nぐびどくぐびどく%b%h	\n\n꿀꺽꿀꺽꿀꺽꿀꺽%b%h
165	map	1	92	/DC0B.MAP@101580	・・・ふぁ、だんだんと・・・\n夢見心地に・・・なって・・・%b%h%H%m1%V100［%m0看守%m1］%V0%m0\n	…후아, 점점…\n꿈꾸는 기분이…되어…%b%h%H%m1%V100［%m0간수%m1］%V0%m0\n
166	map	1	35	/DC0B.MAP@101673	ぐかぁ～～～～っ\nすぴぴ～～～～っ%b	드르렁～～～～\n쿨쿨～～～～%b
167	map	1	30	/DC0B.MAP@101740	ね、眠ってしまった・・・。%b%h	자, 잠들어 버렸어….%b%h
168	map	1	43	/DC0B.MAP@101802	おっと、\nこのチャンスを逃す手はないな。%b%h	오호,\n이 기회를 놓칠 수는 없지.%b%h
169	map	1	45	/DC0B.MAP@101877	いまのうちに、\nアイツらを助けないと・・・。%b	지금 이 틈에\n녀석들을 구해야….%b
170	map	1	99	/DC0B.MAP@102088	お前の仲間のいる牢なら、この先だ。話ぐらいしたってかまわねーぜ。%b%h%H%m1%V100［%m0看守%m1］%V0%m0\n	네 동료가 있는 감옥이라면 이 앞이다. 얘기 정도는 해도 상관없어.%b%h%H%m1%V100［%m0간수%m1］%V0%m0\n
171	map	1	84	/DC0B.MAP@102188	・・・ったくよぉ！\nアヤヒメ様も気がきかねぇよな。%b%h%H%m1%V100［%m0看守%m1］%V0%m0\n	…정말이지!\n아야히메 님도 눈치가 없어.%b%h%H%m1%V100［%m0간수%m1］%V0%m0\n
172	map	1	91	/DC0B.MAP@102273	そんな水よりか、\n酒でもとどけさせてくれれば\nいいのによ。%b%h%H%m1%V100［%m0看守%m1］%V0%m0\n	그런 물보다\n술이라도 보내 주면\n좋을 텐데.%b%h%H%m1%V100［%m0간수%m1］%V0%m0\n
173	map	1	92	/DC0B.MAP@102365	・・・・・・そう思ったら、\n急に酒が飲みたくなってきたぞ。%b%h%H%m1%V100［%m0看守%m1］%V0%m0\n	……그렇게 생각하니\n갑자기 술이 마시고 싶어졌어.%b%h%H%m1%V100［%m0간수%m1］%V0%m0\n
174	map	1	80	/DC0B.MAP@102458	くっそー！　酒だ、酒をよこせ！\nこのボロ城にゃあ、\n酒の１つもねぇってのかぁ！？%b	젠장! 술이다, 술 내놔!\n이 낡은 성에는\n술 한 병도 없단 말이냐!?%b
175	map	1	68	/DC0B.MAP@102539	酒だ、酒だー！\n酒をよこせぇー！！%b%h%H%m1%V100［%m0看守%m1］%V0%m0\n	술이다, 술!\n술 내놔～!!%b%h%H%m1%V100［%m0간수%m1］%V0%m0\n
176	map	1	47	/DC0B.MAP@102608	酒を持ってきたら、\nなんだって聞いてやるぞー！%b	술을 가져오면\n뭐든지 들어 주마～!%b
177	map	1	24	/DC0B.MAP@102687	みんな、用意はいいな。%b	다들, 준비됐지?%b
178	map	1	33	/DC0B.MAP@102743	行くか。\n今度はヘマはやらねぇ。%b	가 볼까.\n이번엔 실수 안 해.%b
179	map	1	24	/DC0B.MAP@102808	待ってくれ、みんな。%b%h	기다려 줘, 다들.%b%h
180	map	1	51	/DC0B.MAP@102864	王が・・・、\n国王がヤツらにとらわれているんだ。%b%h	왕께서…\n국왕께서 놈들에게 잡혀 계셔.%b%h
181	map	1	36	/DC0B.MAP@102947	ヘタに動くと、何をされるか・・・。%b	섣불리 움직이면 무슨 짓을 할지….%b
182	map	1	13	/DC0B.MAP@103015	・・・%s9？%b	…%s9?%b
183	map	1	45	/DC0B.MAP@103060	・・・そうか。\n聞かされていないのか・・・。%b	…그렇군.\n아무 말도 못 들었구나….%b
184	map	1	53	/DC0B.MAP@103137	%s9、\nここに来るまで、\n王のすがたを一度でも見たか？%b	%s9,\n여기 오기까지\n왕을 한 번이라도 봤나?%b
185	map	1	27	/DC0B.MAP@103222	・・・え？\nいや・・・。%b%h	…어?\n아니….%b%h
186	map	1	24	/DC0B.MAP@103281	じゃあ、まさか・・・！%b	그럼, 설마…!%b
187	map	1	54	/DC0B.MAP@103337	さっき、\nそこの看守がしゃべってたのを\n聞いたんだ。%b%h	아까\n저기 간수가 떠드는 걸\n들었어.%b%h
188	map	1	24	/DC0B.MAP@103423	お前んとこの王は・・・%b	너희 왕은…%b
189	map	1	36	/DC0B.MAP@103479	%s1！\nもう、それ以上は・・・・・・%b	%s1!\n더 이상은……%b
190	map	1	45	/DC0B.MAP@103547	だまってたって、\nこいつのタメになるかよ！%b%h	입 다물고 있으면\n이 녀석한테 도움이 되냐!%b%h
191	map	1	47	/DC0B.MAP@103624	お前だって、\n似たような思いしてんだろうが！？%b	너도\n비슷한 심정이잖아!?%b
192	map	1	26	/DC0B.MAP@103703	もういいよ、\n%s1、\n%s0。%b	이제 됐어,\n%s1,\n%s0.%b
193	map	1	15	/DC0B.MAP@103761	%s9・・・！？%b	%s9…!?%b
194	map	1	76	/DC0B.MAP@103808	ちょうどいいや。\n女こどもを手にかけるのは、\n正直言って気が引けてたんだ。%b%h	마침 잘됐어.\n여자랑 애들을 해치는 건\n솔직히 마음에 걸렸거든.%b%h
195	map	1	78	/DC0B.MAP@103916	だが、むこうが『オニ』とわかりゃ\n話は別だ。\n思う存分、あばれまくってやるぜ！%b	하지만 상대가 『도깨비』라면\n얘기가 다르지.\n마음껏 날뛰어 주마!%b
196	map	1	13	/DC0B.MAP@104026	%s9・・・！%b	%s9…!%b
197	map	1	39	/DC0B.MAP@104071	行こうぜ。\nヤツは２階の王の間にいる。%b	가자.\n놈은 2층 왕의 방에 있어.%b
198	map	5	53	/DC0B.MAP@104133	　\nカギがかかっています。\n特別なカギが必要です。%b%V0	　\n특별한 열쇠로\n잠겨 있습니다.%b%V0
199	map	1	17	/DC0B.MAP@104224	%s9、どうだ！？%b	%s9, 어때!?%b
200	map	1	64	/DC0B.MAP@104273	すまない。\nかならず何とかするから、\nもう少しだけ待っててくれ。%b	미안해.\n꼭 어떻게든 할 테니\n조금만 더 기다려 줘.%b
201	map	1	9	/DC0B.MAP@104369	%s9！！%b	%s9!!%b
202	map	1	45	/DC0B.MAP@104410	待たせたな。\nこれで、みんな外に出られるぜ。%b	기다렸지.\n이걸로 다들 밖에 나갈 수 있어.%b
203	map	1	39	/DC0B.MAP@104619	ウロウロしてたって、\nしようがない。%b%h	서성거려 봤자\n소용없어.%b%h
204	map	1	57	/DC0B.MAP@104690	なんとかして、アイツらを\n牢屋から出す方法を考えなきゃ。%b	어떻게든 녀석들을 감옥에서\n꺼낼 방법을 생각해야 해.%b
205	map	1	58	/DC0B.MAP@104863	・・・ったく。\nとんでもねぇヤツだな、\nアヤヒメのやろー。%b	…정말이지.\n지독한 녀석이군,\n아야히메 년.%b
206	map	1	43	/DC0B.MAP@104953	アヤヒメって言うのか？\nさっきの声の主は。%b	아야히메라고?\n아까 그 목소리 주인이.%b
207	map	1	16	/DC0B.MAP@105028	ああ・・・。%b%h	그래….%b%h
208	map	1	99	/DC0B.MAP@105076	『おぼろ谷のアヤヒメ』\nって言うんだがな、\nむかしっから、あーゆーセコイ手を\n使うのがシュミでよ。%b%h	『오보로 계곡의 아야히메』\n라고 하는데 말이야,\n옛날부터 저런 치사한 수를\n쓰는 게 취미라서.%b%h
209	map	1	69	/DC0B.MAP@105207	それでも実力はあったんだろうな、\nなんたって、５幹部の１人だからな。%b	그래도 실력은 있었겠지.\n어쨌든 5간부 중 하나니까.%b
210	map	1	22	/DC0B.MAP@105308	５幹部・・・・・・？%b	5간부……?%b
211	map	1	86	/DC0B.MAP@105362	前に話さなかったっけか？\nゲンユウサイの軍団でも、\nトップ５の実力を持ったヤツらだ。%b%h	전에 말 안 했던가?\n겐유사이 군단에서도\n실력 톱5에 드는 놈들이야.%b%h
212	map	1	61	/DC0B.MAP@105480	ふだんは特命を受けて、\nあちこち飛び回っていることが多い。%b%h	평소엔 특명을 받고\n여기저기 돌아다니는 일이 많아.%b%h
213	map	1	91	/DC0B.MAP@105573	オレの師匠だったジュウザ様、\n青狼のベルザリオン、\n怪僧ラーギニ、\n不死のラミューレ・・・%b%h	내 스승이었던 쥬자 님,\n청랑 벨자리온,\n괴승 라기니,\n불사의 라뮤레…%b%h
214	map	1	69	/DC0B.MAP@105696	それに、\nさっきのアヤヒメを加えたメンバーがゲンユウサイの５幹部だ。%b	거기에\n아까 그 아야히메를 더한 게 겐유사이의 5간부야.%b
215	map	1	93	/DC0B.MAP@105797	・・・もっともウワサでは、\nむかしもう１人、\nジュウザ様もごぞんじない幹部が\nいたらしいがな。%b	…하긴 소문으로는\n옛날에 한 명 더\n쥬자 님도 모르는 간부가\n있었다던데.%b
216	map	1	54	/DC0B.MAP@105922	ふぅん・・・。\nいま、\nその人はどうしてるんだろうね。%b	흐음….\n지금\n그 사람은 어떻게 지낼까.%b
217	map	1	49	/DC0B.MAP@106062	それはそうと、\nここから脱出する方法だが・・・%b%h	그건 그렇고\n여기서 탈출할 방법 말인데…%b%h
218	map	1	25	/DC0B.MAP@106143	%s9？\n%s9はいないのか？%b	%s9?\n%s9은 없는 거야?%b
219	map	1	42	/DC0B.MAP@106200	そう言えば、\n%s9のすがたが見えないな。%b%h	그러고 보니\n%s9의 모습이 안 보이네.%b%h
220	map	1	34	/DC0B.MAP@106274	落とされる途中ではぐれたのか！？%b	떨어지는 도중에 떨어진 건가!?%b
221	map	1	83	/DC0B.MAP@106340	・・・いや、ちがうな。\nアヤヒメの、\nもう一つのイヤなシュミを\n思い出しちまったぜ。%b	…아니, 그게 아니야.\n아야히메의\n또 하나의 고약한 취미가\n생각났어.%b
222	map	1	45	/DC0B.MAP@106455	もう一つのシュミ？\nなんだい、それは・・・？%b	또 하나의 취미?\n그게 뭔데…?%b
223	map	1	22	/DC0B.MAP@106532	うーん、実はな・・・%b	으음, 실은 말이야…%b
224	map	3	39	/DC10.MAP@124423	%H%m1%V100［%m0ドラグーン兵%m1］%V0%m0\n	%H%m1%V100［%m0드래군 병사%m1］%V0%m0\n
225	map	1	73	/DC10.MAP@124463	ここは私ひとりでじゅうぶんだ！%b%h%H%m1%V100［%m0ドラグーン兵%m1］%V0%m0\n	여기는 나 혼자로 충분하다!%b%h%H%m1%V100［%m0드래군 병사%m1］%V0%m0\n
226	map	1	60	/DC10.MAP@124537	それよりも、\n上層の国王はご無事なのか、\nそれが気がかりだ。%b	그보다\n위층의 국왕께서 무사하신지\n그게 걱정이다.%b
227	map	1	108	/DC10.MAP@124638	きゃつら、侵入時の勢いのまま、\n一気に上層を占拠してしまいおった！%b%h%H%m1%V100［%m0ドラグーン兵%m1］%V0%m0\n	놈들, 침입한 기세 그대로\n단숨에 위층을 점거해 버렸어!%b%h%H%m1%V100［%m0드래군 병사%m1］%V0%m0\n
228	map	1	28	/DC10.MAP@124747	王よ、どうかご無事で・・・%b	왕이시여, 부디 무사하시길…%b
229	map	1	80	/DC10.MAP@124816	敵軍の指揮をとっているのは、\n東方の装束に身をつつんだ\n若い娘に見えたが・・・。%b	적군을 지휘하는 건\n동방의 옷차림을 한\n젊은 여자로 보였는데….%b
230	map	2	18	/DC10.MAP@124897	階段を上りますか？	계단을 올라갈까요?
231	map	1	18	/DC10.MAP@124940	階段を下りますか？	계단을 내려갈까요?
232	map	1	57	/DC10.MAP@125016	このまま帰れるものか。\nもっと、奥の方まで調べてみよう。%b	이대로 돌아갈 수는 없어.\n좀 더 안쪽까지 조사해 보자.%b
233	map	1	49	/DC10.MAP@125105	まだ何も解決してねぇってのに、\nどこ行くんだ！？%b	아직 아무것도 해결 안 됐는데\n어딜 가는 거야!?%b
234	map	1	41	/DC10.MAP@125186	もっと、この城のことを\n調べてみなきゃ！%b	좀 더 이 성을\n조사해 봐야 해!%b
235	map	1	65	/DC10.MAP@125259	先ほど来たばかりだというのに、\nついつい足を外に向けてしまう。%b%h	방금 왔는데도\n자꾸만 발이 밖으로 향하는구먼.%b%h
236	map	1	57	/DC10.MAP@125356	これから、何かよからぬコトでも\n起こるのではあるまいな。%b	앞으로 무슨 좋지 않은 일이라도\n일어나는 건 아니겠지.%b
237	map	1	30	/DC10.MAP@125445	まだ何もわかってはおらん。%b%h	아직 아무것도 모른다.%b%h
238	map	1	47	/DC10.MAP@125507	もう少しくわしく\n調べてみる必要がありそうだ。%b	좀 더 자세히\n조사해 볼 필요가 있겠어.%b
239	map	1	62	/DC10.MAP@125586	こっちは出口。\nでもみんな、\nまだ帰るつもりはないみたいだよ。%b	여긴 출구.\n하지만 다들\n아직 돌아갈 생각은 없나 봐.%b
240	map	1	43	/DC10.MAP@125680	もう帰るってのか？\nいま来たばっかだぜ！？%b	벌써 돌아가자고?\n방금 왔잖아!?%b
241	map	1	80	/DC10.MAP@125755	この状況で、どこ行こうってんだ？\nオレには、\nやらなきゃならないコトがあるんだ！%b	이 상황에서 어딜 가겠다는 거야?\n나한텐\n해야 할 일이 있다고!%b
242	map	1	64	/DC10.MAP@125868	・・・いい機会だから、\nもっと中の方まで\n見学しておきましょう。%b	…좋은 기회니까\n좀 더 안쪽까지\n견학해 둡시다.%b
243	map	1	61	/DC10.MAP@125965	おいおい、こっちは出口だぜ？\n方向がちがうんじゃねぇのか！？%b	이봐, 여긴 출구라고?\n방향이 틀린 거 아냐!?%b
244	map	1	68	/DC10.MAP@126059	もう少し、この城のことを\n調べておいた方が\nいいんじゃないのかい？%b%h	이 성에 대해 좀 더\n조사해 두는 편이\n좋지 않겠어?%b%h
245	map	1	47	/DC10.MAP@126160	この様子は、\nどう見たってただごとじゃないよ。%b	이 모양새는\n아무리 봐도 예삿일이 아니야.%b
246	map	2	47	/DC10.MAP@126240	・・・・・・・・・。\n（↑まよっているらしい）%b	………\n（↑망설이는 듯하다）%b
247	map	1	78	/DC10.MAP@126319	オレは%s9。\nここ、ドラグーン王城の親衛隊、\n『ドラグーン・ナイツ』の一員だ。%b\n	난 %s9.\n이곳 드래군 왕성의 친위대\n『드래군 나이츠』의 일원이다.%b\n
248	map	1	103	/DC10.MAP@126429	オレたちはすがたを竜に変えて\n戦闘力をあげることもできるが、\n敵とまちがえて\n攻撃したりしないでくれよ。%b	우리는 모습을 용으로 바꿔\n전투력을 높일 수도 있는데\n적으로 착각해서\n공격하지는 말아 줘.%b
249	map	1	14	/DC10.MAP@126564	わかった。%b%h	알았어.%b%h
250	map	1	69	/DC10.MAP@126610	他の騎士からも\nこの城のくわしい情報を聞きながら、敵をやっつけよう。%b	다른 기사들에게서도\n이 성의 자세한 정보를 들으면서 적을 해치우자.%b
251	map	1	24	/DC10.MAP@126711	ザコは後回しでいい。%b%h	잔챙이는 나중이야.%b%h
252	map	1	58	/DC10.MAP@126767	・・・それより、\n大物が２階を\n占拠してしまってるんだ。%b%h	…그보다\n거물이 2층을\n점거해 버렸어.%b%h
253	map	1	64	/DC10.MAP@126857	北東に２階へあがる階段があるから、まずはそっちへ向かってくれ。%b	북동쪽에 2층으로 올라가는 계단이 있으니 우선 그쪽으로 가 줘.%b
254	map	1	22	/DC10.MAP@126983	こ、これは・・・！？%b	이, 이건…!?%b
255	map	1	19	/DC10.MAP@127042	くっ！\n新手か！？%b	큭!\n적이 또!?%b
256	map	1	28	/DC10.MAP@127093	ひどいありさまだ・・・。%b%h	끔찍한 꼴이군….%b%h
257	map	1	53	/DC10.MAP@127153	この様子じゃあ、\n中はかなりの乱戦になってるだろう。%b	이 모양이면\n안은 꽤 난전이 벌어졌겠군.%b
258	map	1	57	/DC10.MAP@127243	しょうこりもなく来やがって！\nここから先へは行かせんぞ！%b	뻔뻔하게 또 왔구나!\n여기서부턴 못 지나간다!%b
259	map	1	41	/DC10.MAP@127332	ま、待ってくれ、\nボクたちは敵じゃない！%b	자, 잠깐만,\n우리는 적이 아니야!%b
260	map	1	17	/DC10.MAP@127405	ボクの名は%s0。%b	내 이름은 %s0.%b
261	map	1	70	/DC10.MAP@127454	ゲンユウサイを倒すため、\nここにいる仲間といっしょに\n戦っているんだ。%b	겐유사이를 쓰러뜨리려고\n여기 있는 동료들과 함께\n싸우고 있어.%b
262	map	1	17	/DC10.MAP@127561	%s0・・・！？%b%h	%s0…!?%b%h
263	map	1	59	/DC10.MAP@127615	・・・そうかい、\nあんたがクィーンズランドの\n%s0王子かい。%b	…그런가,\n당신이 퀸즈랜드의\n%s0 왕자인가.%b
264	map	1	49	/DC10.MAP@127706	さすが、王子サマともなると\n有名人だな、おい。%b%h	역시 왕자님쯤 되니\n유명인이네, 이봐.%b%h
265	map	1	55	/DC10.MAP@127787	・・・とまぁ、そういうワケだ。\nオレたちも加勢するぜ。%b	…뭐, 그런 거야.\n우리도 거들겠어.%b
266	map	1	79	/DC10.MAP@127879	他国の戦士・・・\nそれも一国の王子にたよるってぇのも情けねぇハナシだが・・・%b%h	다른 나라의 전사…\n그것도 한 나라의 왕자에게 기댄다는 게 한심한 얘기지만…%b%h
267	map	1	69	/DC10.MAP@127995	・・・今はそうも言ってられねぇ。\nマジでこの城はヤバイ状況なんだ。%b%h	…지금은 그런 말 할 때가 아냐.\n정말로 이 성은 위험한 상황이야.%b%h
268	map	1	28	/DC10.MAP@128101	お願いだ、力を貸してくれ！%b	부탁이야, 힘을 빌려 줘!%b
269	map	2	58	/DC1B.MAP@123816	し、しまった！\nいまので、\n「神水」が無くなっちまった！%b%h	아, 아차!\n방금 그걸로\n「성수」가 없어져 버렸어!%b%h
270	map	2	49	/DC1B.MAP@123906	ちくしょう・・・\nいったんアイツの所にもどるか。%b	젠장…\n일단 그 녀석한테 돌아갈까.%b
271	map	1	22	/DC1B.MAP@123998	おおっと、ごめんよ！%b	어이쿠, 미안해!%b
272	map	10	43	/DC1B.MAP@124033	　\n　\n「神水」をこぼしてしまいました。%b%V0	　\n　\n「성수」를 쏟아 버렸습니다.%b%V0
273	map	1	37	/DC1B.MAP@124115	おらぁ、\nトロトロ歩いてんじゃねぇ！%b	이봐,\n느릿느릿 걷지 말라고!%b
274	map	1	50	/DC1B.MAP@124309	こぼしやがった、\nこぼしやがった！\nげはははは！！%b	쏟았다,\n쏟았다!\n게하하하!!%b
275	map	1	27	/DC1B.MAP@124392	ボーッとしてんじゃねえよ！\n	멍하니 있지 말라고!\n
276	map	2	48	/DC1B.MAP@124452	・・・っとと。\nわりぃな、\nぶつかっちまったぜ。%b	…어이쿠.\n미안하군,\n부딪쳐 버렸네.%b
277	map	1	39	/DC1B.MAP@124595	うぉぉぉっと、\n手がすべっちまったい！%b	우오오오,\n손이 미끄러졌다!%b
278	map	1	43	/DC1B.MAP@124729	大変そうだな。\nオレがちぃともってやろう。%b	힘들어 보이는군.\n내가 좀 들어 주지.%b
279	map	1	16	/DC1B.MAP@124804	い、いや・・・%b	아, 아니…%b
280	map	1	37	/DC1B.MAP@124853	そうエンリョすんなって。\nどれ・・・%b	사양하지 말라니까.\n어디…%b
281	map	1	51	/DC1B.MAP@124985	・・・おっとと。%b%h%H%m1%V100［%m0兵士%m1］%V0%m0\n	…어이쿠.%b%h%H%m1%V100［%m0병사%m1］%V0%m0\n
282	map	1	50	/DC1B.MAP@125037	あ～あ、\nお前がジャマするから\nこぼれちまったぜ。%b	아～아,\n네가 방해해서\n쏟아졌잖아.%b
283	map	1	27	/DC1B.MAP@125120	ウロチョロしてんじゃねえ！\n	알짱거리지 마!\n
284	map	1	35	/DC1B.MAP@125180	ほぉぉぉぉら、\nぶつかるぞぉぉぉ！%b	자아아아,\n부딪친다아아!%b
285	map	1	8	/DC1B.MAP@125247	わっ！%b	앗!%b
286	map	1	66	/DC1B.MAP@125350	あ～あ、\nお前がよけねぇから、\nホントに当たっちまったじゃねぇか。%b	아～아,\n네가 안 피하니까\n진짜로 부딪쳤잖아.%b
287	map	1	47	/DC1B.MAP@125449	そらそらそらそらぁ！！\nジャマだぜぇぇぇっ！！%b	비켜 비켜 비켜라!!\n방해다아아!!%b
288	map	1	27	/DC1B.MAP@125528	うわっ！\nあ、あぶないっ！%b	우왓!\n위, 위험해!%b
289	map	2	30	/DC1B.MAP@125650	けひひっ、一生そうやってろ！%b	케헤헷, 평생 그러고 있어라!%b
290	map	1	70	/DC20.MAP@90965	おほほほほっ、\n聞こえておるかえ？%b%h%H%m1%V100［%m0女の声%m1］%V0%m0\n	오호호호호,\n들리느냐?%b%h%H%m1%V100［%m0여자 목소리%m1］%V0%m0\n
291	map	1	103	/DC20.MAP@91036	わらわの名はアヤヒメ、\nゲンユウサイ様におつかえする\n５幹部の１人。%b%h%H%m1%V100［%m0女の声%m1］%V0%m0\n	내 이름은 아야히메,\n겐유사이 님을 모시는\n5간부 중 하나.%b%h%H%m1%V100［%m0여자 목소리%m1］%V0%m0\n
292	map	1	78	/DC20.MAP@91140	よう来なすったのう、\nわらわの新しい城へ。%b%h%H%m1%V100［%m0女の声%m1］%V0%m0\n	잘 와 주었구나,\n나의 새 성에.%b%h%H%m1%V100［%m0여자 목소리%m1］%V0%m0\n
293	map	1	97	/DC20.MAP@91219	早速、その方らを\nもてなすにふさわしい場所に、\n案内するぞよ。%b%h%H%m1%V100［%m0女の声%m1］%V0%m0\n	그럼 곧장 너희를\n대접하기 좋은 곳으로\n안내해 주마.%b%h%H%m1%V100［%m0여자 목소리%m1］%V0%m0\n
294	map	1	8	/DC20.MAP@91317	そら！%b	자!%b
295	map	1	73	/DC20.MAP@91370	おほほほほほほほっ！\n落ちていきよる、\n落ちていきよる。\nゆかい、ゆかい！%b	오호호호호호호!\n떨어진다,\n떨어진다.\n유쾌하구나!%b
296	map	1	47	/DC20.MAP@91478	おほほほほ、\nノラ犬どもが集まって来よったえ。%b	오호호호,\n들개들이 모여들었구나.%b
297	map	1	37	/DC20.MAP@91557	その声は・・・\nおぼろ谷のアヤヒメ！%b	그 목소리는…\n오보로의 아야히메!%b
298	map	1	76	/DC20.MAP@91629	おほほほほ、\nわらわの名前をご存じかえ。%b%h%H%m1%V100［%m0女の声%m1］%V0%m0\n	오호호호,\n내 이름을 알고 있느냐.%b%h%H%m1%V100［%m0여자 목소리%m1］%V0%m0\n
299	map	1	77	/DC20.MAP@91706	・・・ほぅ・・・\nその方が裏切り者の%s1か。%b%H%m1%V100［%m0女の声%m1］%V0%m0\n	…호오…\n네가 배신자 %s1인가.%b%H%m1%V100［%m0여자 목소리%m1］%V0%m0\n
300	map	1	66	/DC20.MAP@91784	お館様からは、\nいろいろと楽しいハナシを\n聞かせてもろうておるわ。%b	주군께 이런저런\n재미있는 이야기를\n들었느니라.%b
301	map	1	14	/DC20.MAP@91882	くっ・・・！%b	큭…!%b
302	map	1	84	/DC20.MAP@91928	何かとりこみ中のようだが、\nあんたにはさっさとココを\n出て行ってもらいたいものだな。%b	뭔가 바쁜 모양이지만\n당신은 얼른 여기서\n나가 줬으면 좋겠군.%b
303	map	1	81	/DC20.MAP@92047	おや？\nまだこの城の兵士が\n残っていたのかえ。%b%h%H%m1%V100［%m0女の声%m1］%V0%m0\n	어머?\n아직 이 성 병사가\n남아 있었느냐.%b%h%H%m1%V100［%m0여자 목소리%m1］%V0%m0\n
304	map	1	76	/DC20.MAP@92129	・・・まぁ、よいわ。\nそやつらとともに、\n仲間のもとへ送りとどけてくれよう。%b	…뭐, 좋다.\n그놈들과 함께\n동료 곁으로 보내 주마.%b
305	map	2	12	/DC20.MAP@92237	なにっ！？%b	뭐라고!?%b
306	map	1	29	/DC20.MAP@92291	しまった！！\nトラップか！？%b	아차!!\n함정인가!?%b
307	map	1	50	/DC20.MAP@92352	くっ、\nお前らしいセコイしかけだぜ、\nアヤヒメ！！%b	큭,\n너다운 치사한 장치로군,\n아야히메!!%b
308	map	1	54	/DC20.MAP@92437	おほほほほ！\nせいぜい吠えるがよいわ、\nこの負け犬が。%b	오호호호호!\n실컷 짖어 보거라,\n이 패배자 같으니.%b
309	map	31	35	/DC2B.MAP@92043	%H%m1%V100［%m0アヤヒメ%m1］%V0%m0\n	%H%m1%V100［%m0아야히메%m1］%V0%m0\n
310	map	1	39	/DC2B.MAP@92079	おほほほほ、\nまだ、できないのかえ。%b%h	오호호호,\n아직도 못 했느냐.%b%h
311	map	1	62	/DC2B.MAP@92155	その方の仲間も、\nさぞかし\nノドをかわかせておるであろうの。%b%h	네 동료들도\n필시\n목이 바싹 말랐을 테지.%b%h
312	map	1	41	/DC2B.MAP@92254	そら、\n水ならいくらでもくれてやろう。%b%h	자,\n물이라면 얼마든지 주마.%b%h
313	map	1	68	/DC2B.MAP@92332	その方がすべきは、\nこの水を地下牢の手前にいる看守に\n見せること。%b%h	네가 할 일은\n이 물을 지하 감옥 앞의 간수에게\n보여 주는 것.%b%h
314	map	2	62	/DC2B.MAP@92437	何かあれば、\nその方の持ち物を\nよくよく調べてみることじゃ。%b%h	무슨 일이 있으면\n네 소지품을\n잘 살펴보도록 하여라.%b%h
315	map	2	53	/DC2B.MAP@92536	こぼれた水は、元にはもどらん。\nおぼえておくがよい。%b	엎지른 물은 되돌릴 수 없다.\n명심하거라.%b
316	map	1	59	/DC2B.MAP@92622	おい、勝手にウロつくな。%b%h%H%m1%V100［%m0兵士%m1］%V0%m0\n	야, 멋대로 돌아다니지 마.%b%h%H%m1%V100［%m0병사%m1］%V0%m0\n
317	map	1	68	/DC2B.MAP@92682	お前は、\nアヤヒメ様に命令されたことだけを\n実行していればよいのだ。%b	너는\n아야히메 님이 명령한 것만\n하면 되는 거다.%b
318	map	1	89	/DC2B.MAP@92783	もともとお前は\nこの城の\n親衛隊の騎士であったそうだな。%b%h%H%m1%V100［%m0兵士%m1］%V0%m0\n	원래 너는\n이 성의\n친위대 기사였다지.%b%h%H%m1%V100［%m0병사%m1］%V0%m0\n
319	map	1	51	/DC2B.MAP@92873	・・・それがどうだ、\n今のお前のブザマなすがたは！%b	…그런데 어떠냐,\n지금 너의 꼴사나운 모습은!%b
320	map	1	10	/DC2B.MAP@93018	うわっ！%b	우왓!%b
321	map	1	14	/DC2B.MAP@93305	こぼすぅ！？%b	엎지른다고!?%b
322	map	1	62	/DC2B.MAP@93351	バカ言え！\nたかが水をはこぶだけなのに、\nそんなドジふむかよ！%b	웃기지 마!\n고작 물 나르는 일에\n그런 실수를 할 것 같냐!%b
323	map	1	37	/DC2B.MAP@93450	おほほほほほっ、\n威勢のいいこと。%b%h	오호호호호,\n기세가 좋구나.%b%h
324	map	1	76	/DC2B.MAP@93524	・・・そうそう、\n牢の手前におる看守に、\n声をかけるのをわすれぬようにな。%b%h	…그래그래,\n감옥 앞의 간수에게\n말 거는 것을 잊지 말도록.%b%h
325	map	1	74	/DC2B.MAP@93871	・・・・・・それで、\n次は何をやらせようってんだ？\nええ、おヒメさんよ！？%b	……그래서\n다음엔 뭘 시킬 셈이냐?\n어이, 공주님!?%b
326	map	1	41	/DC2B.MAP@93982	おほほほほっ、\n元気があってよいのぅ。%b%h	오호호호,\n기운이 넘쳐 좋구나.%b%h
327	map	1	50	/DC2B.MAP@94060	これだから、\n若い男子をいたぶるのは\nやめられん。%b	이러니\n젊은 사내 괴롭히기는\n그만둘 수가 없지.%b
328	map	1	14	/DC2B.MAP@94142	・・・くっ！%b	…큭!%b
329	map	1	27	/DC2B.MAP@94193	そうよのう、\n次は・・・%b%h	글쎄다,\n다음은…%b%h
330	map	1	63	/DC2B.MAP@94257	地下の牢にいるその方の仲間に、\n水でもとどけてもらおうかの。%b%h	지하 감옥에 있는 네 동료에게\n물이라도 가져다주겠느냐.%b%h
331	map	1	49	/DC2B.MAP@94357	さぞかし、ノドをかわかせて\nおるであろうからの。%b	필시 목이 바싹\n말랐을 테니 말이다.%b
332	map	1	25	/DC2B.MAP@94438	ああん、\n水だぁぁ！？%b%h	뭐어,\n물이라고!?%b%h
333	map	1	52	/DC2B.MAP@94495	テメェ！\nふざけんのも\nたいがいにしやがれってんだ！%b	이 자식!\n사람을 놀리는 것도\n작작 하라고!%b
334	map	1	76	/DC2B.MAP@94584	わすれたかえ？\nその方のつかえるべき主の命は、\nわらわの手の中にあることを。%b	잊었느냐?\n네가 섬겨야 할 주군의 목숨은\n내 손안에 있다는 것을.%b
335	map	1	34	/DC2B.MAP@94692	本当に王はご無事なのだろうな！？%b	정말로 왕은 무사하신 거겠지!?%b
336	map	1	37	/DC2B.MAP@94763	案ずるな、\nわらわはウソは言わん。%b%h	걱정 마라,\n나는 거짓말은 안 한다.%b%h
337	map	1	63	/DC2B.MAP@94837	それより、そら、この水じゃ。\n霊験あらたかな「神水」じゃぞ。%b%h	그보다, 자, 이 물이다.\n영험한 「성수」니라.%b%h
338	map	1	57	/DC2B.MAP@94937	これをこぼさぬよう、\n地下のお仲間にとどけてやるのじゃ。%b	이걸 흘리지 말고\n지하의 동료들에게 가져다주거라.%b
339	map	1	18	/DC2C.MAP@92170	やったな、\n%s9！%b	해냈구나,\n%s9!%b
340	map	1	34	/DC2C.MAP@92220	%s9、\nこれからどうするんだい！？%b	%s9,\n이제 어떻게 할 거야!?%b
341	map	1	22	/DC2C.MAP@92286	そうだなぁ・・・。%b%h	글쎄….%b%h
342	map	1	95	/DC2C.MAP@92340	ホントなら、\n『オレが国王になって\nこの国を立て直してみせる！』\nってなとこなんだろうが・・・。%b	원래라면\n『내가 국왕이 되어\n이 나라를 다시 세우겠다!』\n라고 할 참이겠지만….%b
343	map	5	16	/DC2C.MAP@92467	・・・・・・？%b	……?%b
344	map	1	41	/DC2C.MAP@92515	それじゃあ、\nオレの気がすまねぇしよ。%b%h	그러면\n내 속이 안 풀리거든.%b%h
345	map	1	79	/DC2C.MAP@92588	とりあえず、\n首都ザルマの自警団に事情を話して、処理をまかせることにするよ。%b%h	일단\n수도 자르마의 자경단에 사정을 말하고 처리를 맡기기로 할게.%b%h
346	map	1	103	/DC2C.MAP@92699	そのかわり・・・\nって言っちゃなんだが、\nオレはゲンユウサイのヤローを\nしとめるまで戦いつづけてみせる！%b	그 대신…\n이라고 하긴 뭣하지만\n난 겐유사이 녀석을\n처치할 때까지 계속 싸우겠어!%b
347	map	1	21	/DC2C.MAP@92834	%s9・・・・・・。%b%h	%s9……%b%h
348	map	1	62	/DC2C.MAP@92887	そうか。\nなら、そういうことで\nいったんここから出るとするか。%b	그런가.\n그럼 그렇게 하기로 하고\n일단 여기서 나갈까.%b
349	map	4	16	/DC2C.MAP@93038	奥へ進みますか？	안으로 갈까요?
350	map	6	4	/DC2C.MAP@93055	進む	예
351	map	6	8	/DC2C.MAP@93060	進まない	아니오
352	map	1	39	/DC2C.MAP@93120	くそっ、\nここはいったん退くべきか！？%b	젠장,\n여긴 일단 물러나야 하나!?%b
353	map	1	51	/DC2C.MAP@93191	この状態で戦うのはツライかもな。\nいったん退くか？%b	이 상태로 싸우는 건 힘들지도.\n일단 물러날까?%b
354	map	1	74	/DC2C.MAP@93274	いったん、\n安全な所にみんなで集まって、\n態勢をととのえた方がいいのかも。%b	일단\n안전한 곳에 다 같이 모여서\n태세를 갖추는 게 좋을지도.%b
355	map	1	51	/DC2C.MAP@93380	ここは、いったん退いた方が\nよいかも知れませんな。%b	여기는 일단 물러나는 편이\n좋을지도 모르겠군요.%b
356	map	1	30	/DC2C.MAP@93463	ここは、いったん退くべきか？%b	여기는 일단 물러나야 할까?%b
357	map	1	54	/DC2C.MAP@93525	こっから出たいー！\n出たいのー！\nねー、いいでしょー？%b	나가고 싶어～!\n나가고 싶다고～!\n응～, 괜찮지～?%b
358	map	1	28	/DC2C.MAP@93611	いったん、この場を退くか？%b	일단 이 자리를 물러날까?%b
359	map	1	51	/DC2C.MAP@93671	態勢をととのえて、\n出直した方がいいのかも・・・？%b	태세를 갖추고\n다시 오는 게 좋을지도…?%b
360	map	1	41	/DC2C.MAP@93755	ちょっとこの場をはなれて\n休みませんか？%b	잠깐 여기를 떠나서\n쉬지 않을래요?%b
361	map	1	61	/DC2C.MAP@93829	せっかくここまで来たんだ。\nついでにどっかで休んでいこうぜ。%b	모처럼 여기까지 왔잖아.\n가는 김에 어디서 쉬었다 가자.%b
362	map	1	53	/DC2C.MAP@93923	押してばかりでもダメだね。\nここはいったん退くかい？%b	밀어붙이기만 해선 안 되지.\n여긴 일단 물러날까?%b
363	map	5	47	/DC2C.MAP@94009	・・・・・・・・・？\n（↑まよっているらしい）%b	………?\n（↑망설이는 듯하다）%b
364	map	2	14	/DC2C.MAP@94057	退却しますか？	퇴각할까요?
365	map	2	4	/DC2C.MAP@94072	する	예
366	map	2	6	/DC2C.MAP@94077	しない	아니오
367	map	1	45	/DC2C.MAP@94155	さっきはよくも\n好き勝手にやってくれたな。%b%h	아까는 잘도\n제멋대로 굴어 줬겠다.%b%h
368	map	1	24	/DC2C.MAP@94232	まとめて借りを返すぜ！%b	한꺼번에 갚아 주마!%b
369	map	1	41	/DC2C.MAP@94293	うぬら、\nどうやってここへ来おった！？%b%h	네놈들,\n어떻게 여기까지 왔느냐!?%b%h
370	map	1	52	/DC2C.MAP@94371	え～い、\nものども、\nこやつらを追いはらっておやり！%b	에잇,\n여봐라,\n이놈들을 쫓아내거라!%b
371	map	2	8	/DC2C.MAP@94456	御意！%b	존명!%b
372	map	1	53	/DC2C.MAP@94501	おほほほほほほほっ！\n負け犬どもが、また来おった。%b%h	오호호호호호호호!\n패배자들이 또 왔구나.%b%h
373	map	1	37	/DC2C.MAP@94591	そら、\nこいつらの相手をしておやり！%b	자,\n이놈들을 상대해 주거라!%b
374	map	1	39	/DRG9.MAP@192255	あ！\n%s9どのが\nおもどりになられたぞ！%b	앗!\n%s9 님께서\n돌아오셨다!%b
375	map	1	43	/DRG9.MAP@192329	ホントだ、%s9さまだ！\n%s9さま、バンザイ！%b	정말이다, %s9 님이다!\n%s9 님 만세!%b
376	map	1	34	/DRG9.MAP@192407	竜騎士%s9さま、\nよくぞごぶじで！%b	용기사 %s9 님,\n무사하셨군요!%b
377	map	1	30	/DRG9.MAP@192476	次期国王%s9さまに\n栄光あれ！%b	차기 국왕 %s9께\n영광을!%b
378	map	1	20	/DRG9.MAP@192538	み、みんな・・・。%b	다, 다들….%b
379	map	1	39	/DRG9.MAP@192590	よかったじゃない、\nたよりにされてて。%b	잘됐잖아,\n다들 믿어 주고.%b
380	map	1	30	/DRG9.MAP@192661	がんばってね、\n%s9国王陛下！%b	힘내,\n%s9 국왕 폐하!%b
381	map	9	49	/DRG9.MAP@192724	ウッホウッホウッホ！\n（↑よろこんでいるらしい）%b	우호우호우호!\n（↑기뻐하는 듯하다）%b
382	map	1	54	/DRG9.MAP@192805	・・・・・・プッ、\nこいつ、\nわかって言ってんのかよ？%b	……풉,\n이 녀석\n알고 하는 소리야?%b
383	map	1	63	/DRG9.MAP@192892	ウッホウッホウッホホホーッ！\n（↑さらによろこんでいるらしい）%b	우호우호우호호호!\n（↑더욱 기뻐하는 듯하다）%b
384	map	1	43	/DRG9.MAP@192987	・・・わかったわかった、\nお前も元気でな。%b	…알았어 알았어,\n너도 잘 지내라.%b
385	map	1	20	/DRG9.MAP@193062	・・・・・・はて？%b	……글쎄?%b
386	map	1	39	/DRG9.MAP@193114	では、%s13どのは\nどうなされるのかな？%b	그럼 %s13 님은\n어떻게 하실까?%b
387	map	1	49	/DRG9.MAP@193185	さあ・・・・・・\nやっぱり、あの古代遺跡かしら？%b	글쎄……\n역시 그 고대 유적일까?%b
388	map	1	28	/DRG9.MAP@193348	どうやら、そうみたいだな。%b	아무래도 그런 것 같군.%b
389	map	1	43	/DRG9.MAP@193408	ずっとそこで生活してたんだから、\n当然か。%b	계속 거기서 살았으니\n당연한가.%b
390	map	1	41	/DRG9.MAP@193483	じゃあ、次は\nロッサム国へ行くんだよね！%b	그럼 다음은\n로삼국에 가는 거지!%b
391	map	1	159	/DRGN.MAP@193986	%V100　　　　　ドラグーン　北東の国境\n%V0%V100［東］　　　クィーンズランド女王国\n%V0%V100［西］　　　ドラグーン城　首都ザルマ\n%V0%V100［南］　　　ミディ国%b%V0	%V100　　　　　드래군　북동쪽 국경\n%V0%V100［동］　　　퀸즈랜드 여왕국\n%V0%V100［서］　　　드래군성　수도 자르마\n%V0%V100［남］　　　미디국%b%V0
392	map	1	116	/DRGN.MAP@194146	%V100　　　　　ドラグーン　南東の国境\n%V0%V100［北］　　　ドラグーン城　首都ザルマ\n%V0%V100［東］　　　ミディ国%b%V0	%V100　　　　　드래군　남동쪽 국경\n%V0%V100［북］　　　드래군성　수도 자르마\n%V0%V100［동］　　　미디국%b%V0
393	map	1	10	/DRGN.MAP@194364	ザルマの町	자르마마을
394	map	2	12	/DRGN.MAP@194399	ドラグーン城	드래군성
395	map	1	33	/DRGN.MAP@194457	どうなってるんだ、\nこれは！？%b%h	어떻게 된 거야,\n이건!?%b%h
396	map	1	43	/DRGN.MAP@194522	城門があらされて\nメチャクチャじゃないか！%b	성문이 부서져서\n엉망진창이잖아!%b
397	map	1	41	/DRGN.MAP@194597	外から見てたって、\nしようがないだろ。%b%h	밖에서 봐 봤자\n소용없잖아.%b%h
398	map	1	16	/DRGN.MAP@194670	中に入ろうぜ。%b	들어가자고.%b
399	map	1	49	/DRGN.MAP@194728	どうもゲンユウサイが\n兵を送りこんだようだな。%b%h	아무래도 겐유사이가\n병사를 보낸 모양이군.%b%h
400	map	1	24	/DRGN.MAP@194809	こいつはヤッカイだぜ。%b	이거 성가시겠는데.%b
401	map	1	32	/DRGN.MAP@194865	でも、ほうってはおけないよ。%b%h	그래도 내버려 둘 순 없어.%b%h
402	map	1	39	/DRGN.MAP@194929	もう少し、\n中をくわしく調べてみよう。%b	조금 더\n안을 자세히 조사해 보자.%b
403	map	1	37	/DRGN.MAP@195010	いま入ったって、\nだれもいないぜ。%b%h	지금 들어가 봤자\n아무도 없다고.%b%h
404	map	1	52	/DRGN.MAP@195079	それより、\n他に行くべきところが\nあるんじゃねぇか？%b	그보다\n달리 가 봐야 할 곳이\n있지 않아?%b
405	map	2	64	/DRGN.MAP@195186	この森の中に、\nカカルクランにつうじる\n水晶があるんだったよな。%b	이 숲속에\n카칼클랜으로 통하는\n수정이 있다고 했지.%b
406	map	2	93	/DRGN.MAP@195282	いまのうちに、\nカカルクランへ行くメンバーと\nこの世界にのこるメンバーとに\nわかれておこうぜ。%b	지금 미리\n카칼클랜에 갈 멤버랑\n이 세계에 남을 멤버로\n나눠 두자고.%b
407	map	2	36	/DRGN.MAP@195396	クィーンズランド女王国に行きますか？	퀸즈랜드 여왕국으로 갈까요?
408	map	11	4	/DRGN.MAP@195433	行く	간다
409	map	11	8	/DRGN.MAP@195438	行かない	아니오
410	map	2	22	/DRGN.MAP@195462	ミディ国に行きますか？	미디국으로 갈까요?
411	map	5	39	/DRGN.MAP@195545	『行っちゃった』\nじゃないでしょっ！%b%h	『가 버렸어』\n가 아니잖아!%b%h
412	map	5	35	/DRGN.MAP@195616	どうするつもりよっ、\nこれから！？%b	어떡할 셈이야,\n이제부터!?%b
413	map	5	32	/DRGN.MAP@195683	ど、どうするって・・・・・・%b%h	어, 어떡하냐니……%b%h
414	map	5	20	/DRGN.MAP@195747	・・・どうしよう？%b	…어떡하지?%b
415	map	5	67	/DRGN.MAP@195799	とりあえず、\n賢者どのにご報告してみるというのはいかがですかな？%b%h	우선\n현자님께 보고해 보는 건 어떻겠습니까?%b%h
416	map	5	72	/DRGN.MAP@195898	ともに戦う１２人の仲間が\n見つかったことには、\n変わりありませぬからな。%b	함께 싸울 12명의 동료를\n찾았다는 사실은\n변함이 없으니까요.%b
417	map	5	45	/DRGN.MAP@196002	・・・そ、そうだね。\nじいの言うとおりだ。%b%h	…그, 그렇네.\n할아범 말대로야.%b%h
418	map	5	49	/DRGN.MAP@196079	よし。ともかく、賢者さんに\n会いに行ってみよう！%b	좋아. 아무튼 현자님을\n만나러 가 보자!%b
419	map	5	35	/DRGN.MAP@196170	・・・あれっ？\nちょっと待って！%b%h	…어라?\n잠깐만!%b%h
420	map	5	37	/DRGN.MAP@196237	これで\n１２人そろったんじゃないか？%b	이걸로\n12명이 다 모인 거 아냐?%b
421	map	5	22	/DRGN.MAP@196306	え～と・・・・・・%b%h	어디 보자……%b%h
422	map	5	59	/DRGN.MAP@196360	%s9に%s10さん、\n%s11に%s12さん、\nそして、%s13さん・・・。%b	%s9, %s10 씨,\n%s11, %s12 씨,\n그리고 %s13 씨….%b
423	map	5	59	/DRGN.MAP@196451	お見事ですぞ、ぼっちゃま！\nよくぞ、なしとげられました！%b%h	훌륭하십니다, 도련님!\n잘 해내셨습니다!%b%h
424	map	5	45	/DRGN.MAP@196542	じいは・・・\nじいは、うれしゅうございます。%b	할아범은…\n할아범은 기쁘옵니다.%b
425	map	5	47	/DRGN.MAP@196619	・・・もり上がってるところ、\n悪いんだがよ。%b%h	…분위기 좋은 데\n미안하지만.%b%h
426	map	5	57	/DRGN.MAP@196698	１２人そろったってコトは、\nやっぱ行くしかないんだよな。%b	12명이 모였다는 건\n역시 갈 수밖에 없다는 거지.%b
427	map	5	33	/DRGN.MAP@196788	なんだい、\nその１２人ってのは？%b	뭐야,\n그 12명이라는 건?%b
428	map	5	37	/DRGN.MAP@196854	それに、\nどこか行くトコがあるのか？%b	그리고\n어디 갈 데라도 있어?%b
429	map	5	26	/DRGN.MAP@196923	え、えーと・・・・・・%b%h	어, 어어……%b%h
430	map	5	91	/DRGN.MAP@196981	くわしい話は後でするけど、\nこれから行くクィーンズ・ノーズ山で賢者さんに会ってほしいんだ。%b	자세한 얘기는 나중에 할게.\n이제 갈 퀸즈노즈산에서 현자님을 만나 줬으면 해.%b
431	map	5	34	/DRGN.MAP@197105	ちょ、ちょっと待ってください！%b%h	자, 잠깐만요!%b%h
432	map	5	47	/DRGN.MAP@197172	賢者って・・・\n雲海の賢者のことですよね！？%b%h	현자라면…\n운해의 현자 말이죠!?%b%h
433	map	5	30	/DRGN.MAP@197252	あの山に住んでたんですか！？%b	그 산에 살고 있었어요!?%b
434	map	5	34	/DRGN.MAP@197314	そ、そうみたいですけど・・・。%b%h	그, 그런 것 같은데요….%b%h
435	map	5	36	/DRGN.MAP@197380	お会いになったことがあるんですか？%b	만나 본 적이 있으세요?%b
436	map	6	20	/DRGN.MAP@197449	・・・・・・え？%b%h	……네?%b%h
437	map	5	37	/DRGN.MAP@197502	・・・あー・・・\n・・・そのー・・・%b	…아…\n…그게…%b
438	map	5	18	/DRGN.MAP@197571	・・・%s10さん？%b	…%s10 씨?%b
439	map	5	54	/DRGN.MAP@197622	あ、ああっ！！\nいま、\n大切なことを思い出しました！%b%h	아, 앗!!\n지금\n중요한 일이 생각났어요!%b%h
440	map	5	92	/DRGN.MAP@197709	せっかく手に入れることができた、\nこの『ガルマンオーブ』の研究を\nすっかり忘れておりました。%b	모처럼 손에 넣은\n이 『갈만오브』의 연구를\n까맣게 잊고 있었어요.%b
441	map	5	30	/DRGN.MAP@197833	研究って・・・そんな急に！%b%h	연구라니…그렇게 갑자기!%b%h
442	map	5	24	/DRGN.MAP@197895	後に回せないんですか？%b	나중에 하면 안 돼요?%b
443	map	5	51	/DRGN.MAP@197952	ええ、ええっ！\nこれはとても大切なことなのです。%b%h	네, 네!\n이건 아주 중요한 일이에요.%b%h
444	map	5	72	/DRGN.MAP@198036	もう少し気付くのがおそければ、\n取り返しがつかなくなるところ\nでした。%b%h	조금만 더 늦게 알아챘다면\n돌이킬 수 없게 될 뻔\n했어요.%b%h
445	map	5	109	/DRGN.MAP@198141	一時的にあなた方のもとを\nはなれることになりますが、\nいずれまた、近いうちに\nお会いすることになるでしょう。%b%h	잠시 여러분 곁을\n떠나게 되지만\n머지않아 또\n만나게 될 거예요.%b%h
446	map	5	78	/DRGN.MAP@198283	・・・それに、この研究は\nあなた方の旅にも\n深くかかわってくることですから。%b%h	…게다가 이 연구는\n여러분의 여행과도\n깊은 관련이 있으니까요.%b%h
447	map	5	35	/DRGN.MAP@198394	それでは、みなさん、\nお元気でー！%b	그럼 여러분,\n잘 지내세요～!%b
448	map	5	28	/DRGN.MAP@198461	・・・行っちゃった・・・。%b	…가 버렸어….%b
449	map	1	63	/DRGN.MAP@198571	どうにか城は取り返したけど、\nドラグーンはこれからが大変だね。%b	겨우 성은 되찾았지만\n드래군은 이제부터가 힘들겠네.%b
450	map	1	32	/DRGN.MAP@198666	そういや、\n%s9のヤツはどこだ？%b	그러고 보니\n%s9 녀석은?%b
451	map	1	37	/DRGN.MAP@198730	わりぃわりぃ、\n待たせちまったな。%b%h	미안 미안,\n기다리게 했군.%b%h
452	map	1	72	/DRGN.MAP@198799	ちょっくら首都のザルマへ行って、\n自警団に城のコトを\n話しておいたんだ。%b	잠깐 수도 자르마에 가서\n자경단에 성 일을\n얘기해 두고 왔어.%b
453	map	1	30	/DRGN.MAP@198903	て、手回しがはやいな・・・。%b	소, 손이 빠르네….%b
454	map	1	12	/DRGN.MAP@198965	まぁな。%b%h	그렇지.%b%h
455	map	1	74	/DRGN.MAP@199009	しばらく城を開けることに\nなるワケだから、\nこれぐらいしておかないとな。%b%h	한동안 성을 비우게\n될 테니까\n이 정도는 해 둬야지.%b%h
456	map	1	43	/DRGN.MAP@199115	・・・・・・で。\nこれからどこに行くんだ？%b	……그래서.\n이제 어디로 가지?%b
457	map	1	45	/DRGN.MAP@199190	そうだな・・・\nオレはどこでもかまわないぜ。%b	글쎄…\n난 어디든 상관없어.%b
458	map	5	69	/DRGN.MAP@199267	早く、\nクィーンズ・ヒール湖の\n小島にあるどうくつを\n調べてみなきゃ！%b	빨리\n퀸즈힐 호수의\n작은 섬에 있는 동굴을\n조사해 봐야 해!%b
459	map	4	65	/DRGN.MAP@199368	なぁ・・・\n早いとこ、\n幽玄の森へ向かった方が\nいいんじゃねぇか？%b	저기…\n얼른\n유현의 숲으로 가는 게\n좋지 않겠어?%b
460	map	5	57	/DRGN.MAP@199465	早く水晶を見つけて、\nカカルクランにもどらないと・・・！%b	빨리 수정을 찾아서\n카칼클랜으로 돌아가야…!%b
461	map	1	47	/DRGN.MAP@199554	ドラグーン王国に来たぞ。\nこれからどうしよう？%b	드래군 왕국에 왔어.\n이제 어떻게 할까?%b
462	map	1	58	/DW00.MAP@179073	で、でっけぇ・・・。\n自然にできたもんかな、\nこれ・・・？%b	크, 크다….\n자연적으로 생긴 걸까,\n이거…?%b
463	map	1	49	/DW00.MAP@179164	うーん・・・\nここも、まぁまぁってとこですかね。%b	으음…\n여기도 그럭저럭이네요.%b
464	map	2	26	/DW00.MAP@179246	こ、これは水晶・・・！？%b	이, 이건 수정…!?%b
465	map	1	39	/DW00.MAP@179305	・・・い、いくらで売れるかな、\nこれ？%b	…어, 얼마에 팔릴까,\n이거?%b
466	map	2	18	/DW00.MAP@179377	これは・・・！？%b	이건…!?%b
467	map	1	80	/DW00.MAP@179428	・・・そうだよ、まちがいない！\nあたしがあの島で見たのと、\nそっくりじゃないか！%b	…그래, 틀림없어!\n내가 그 섬에서 본 거랑\n똑같잖아!%b
468	map	1	62	/DW00.MAP@179541	・・・でも何か・・・\n何かが少しだけ\nちがってるような・・・。%b	…하지만 뭔가…\n뭔가가 조금\n다른 것 같은데….%b
469	map	15	49	/DW00.MAP@179636	・・・・・・・・・？\n（↑とまどっているらしい）%b	………?\n（↑당황한 듯하다）%b
470	map	1	28	/DW00.MAP@179717	これは、水晶なのか・・・？%b	이건 수정인가…?%b
471	map	1	65	/DW00.MAP@179777	中にうっすらと\n何かの影が見えるけど、はっきりとはわからないな。%b	안에 희미하게\n뭔가 그림자가 보이는데, 확실히는 모르겠어.%b
472	map	1	47	/DW00.MAP@179874	ん・・・？\n水晶の中に城がうつってる・・・！？%b	응…?\n수정 안에 성이 비치고 있어…!?%b
473	map	1	29	/DW00.MAP@179953	まさか、ね。\n考えすぎだな。%b	설마.\n괜한 걱정이지.%b
474	map	1	20	/DW00.MAP@180014	大きな水晶・・・。%b	커다란 수정….%b
475	map	1	68	/DW00.MAP@180066	ずっと見ていると、\n中にすいこまれそうで\nなんだか、こわいわ・・・。%b	계속 보고 있으면\n빨려 들어갈 것 같아서\n왠지 무서워….%b
476	map	1	79	/DW00.MAP@180166	この水晶・・・\n中に東方の建物らしき影が\n見えますな。\nはて、これは一体・・・？%b	이 수정…\n안에 동방 건물 같은\n그림자가 보이는군요.\n허, 이건 대체…?%b
477	map	1	56	/DW00.MAP@180277	これは・・・！\n水晶の中にうつっている\nこの影は・・・！%b	이건…!\n수정 안에 비친\n이 그림자는…!%b
478	map	1	24	/DW00.MAP@180365	・・・ほやぁー・・・%b%h	…우와～…%b%h
479	map	1	24	/DW00.MAP@180421	・・・うわぁー・・・%b%h	…우와아～…%b%h
480	map	1	24	/DW00.MAP@180477	・・・きれぇー・・・。%b	…예쁘다～….%b
481	map	1	77	/DW00.MAP@180533	なんだ、こりゃあ！？\n水晶の中に、\nかすかに城の影が\nうかびあがって見えるぜ。%b	뭐야 이건!?\n수정 안에\n희미하게 성의 그림자가\n떠올라 보이는데.%b
482	map	1	47	/DW00.MAP@180642	ほっほっほっ、\nこのような所にあったとはのう。%b	허허허,\n이런 곳에 있었구먼.%b
483	map	1	58	/DW00.MAP@180721	ゲンユウサイ・・・！\nこんなもののために、\n母上を・・・！%b	겐유사이…!\n이런 것 때문에\n어머니를…!%b
484	map	1	64	/DW00.MAP@180811	この水晶、\n中に何かがうつってるように\n見えるんだがなぁ・・・。%b	이 수정,\n안에 뭔가 비치는 것처럼\n보이는데 말이야….%b
485	map	1	39	/DW00.MAP@180907	この水晶、\n放っておいていいのかしら？%b	이 수정,\n그냥 둬도 괜찮을까?%b
486	map	1	76	/DW00.MAP@180978	この水晶の中にうかぶ影・・・、\nどうも東方の建物であるように\n思われますな。%b	이 수정 안에 떠오른 그림자…\n아무래도 동방의 건물인 것\n같군요.%b
487	map	1	43	/DW00.MAP@181086	水晶ばかり見ていても\nどうしようもないぞ。%b	수정만 봐서는\n소용없다.%b
488	map	1	24	/DW00.MAP@181161	・・・はぁぁぁー・・・%b	…하아아～…%b
489	map	1	24	/DW00.MAP@181217	・・・じーーーっ・・・%b	…뚫어져라～…%b
490	map	1	32	/DW00.MAP@181273	・・・やっぱ、きれぇー・・・。%b	…역시 예쁘다～….%b
491	map	1	52	/DW00.MAP@181337	この水晶って、\nあんがい、\nあちこちにあるのかもな。%b	이 수정\n의외로\n여기저기 있는 걸지도.%b
492	map	1	77	/DW00.MAP@181421	ほっほっほっ、\nどうやら、\nこの中に見えておるのが\nカカルクランのようじゃな。%b	허허허,\n아무래도\n이 안에 보이는 것이\n카칼클랜인 것 같구먼.%b
493	map	1	56	/DW00.MAP@181530	この水晶・・・\nこのままにしといて\nだいじょうぶなのか？%b	이 수정…\n이대로 둬도\n괜찮은 거야?%b
494	map	1	74	/DW00.MAP@181618	・・・とは言っても、\nこりゃあ、ちょっとやそっとじゃ\nこわれそうにねぇな。%b	…그렇다고 해도\n이건 웬만해서는\n안 부서지겠는데.%b
495	map	1	45	/DW00.MAP@181780	盗み出すには、\nちっとばかり大きすぎるかな。%b	훔쳐 가기엔\n좀 너무 크려나.%b
496	map	1	88	/DW00.MAP@181858	くわしい場所は思い出せないけど、\nたしかにあの島にも、\nこれと同じのがあったんだ・・・。%b	정확한 곳은 생각 안 나지만\n분명 그 섬에도\n이거랑 같은 게 있었어….%b
497	map	1	36	/DW00.MAP@181979	一体、これは何なんだろうね・・・？%b	대체 이건 뭘까…?%b
498	map	1	49	/DW00.MAP@182191	どことなく、\nあやしげなフンイキがする森だな。%b%h	어딘지 모르게\n수상한 분위기가 나는 숲이네.%b%h
499	map	1	17	/DW00.MAP@182272	%s1、どう思う？%b	%s1, 어때?%b
500	map	1	34	/DW00.MAP@182321	どう思う、って言われてもなぁ。%b%h	어떻게 생각하냐고 해도.%b%h
501	map	1	60	/DW00.MAP@182387	まぁ、そこら辺をブラついてみれば、何かわかるんじゃねぇか。%b	뭐, 그 근처를 돌아다녀 보면 뭔가 알게 되지 않겠어?%b
502	map	2	55	/DW0B.MAP@179822	この水晶にさわった者が\nカカルクランに行けるんだよな。%b	이 수정을 만진 자가\n카칼클랜에 갈 수 있는 거지.%b
503	map	2	91	/DW0B.MAP@179910	だったら、その前に\nいったん森の外へ出て\n水晶にさわるメンバーを\n決め直した方がいいかもな。%b	그렇다면 그 전에\n일단 숲 밖으로 나가서\n수정을 만질 멤버를\n다시 정하는 게 좋겠군.%b
504	map	2	76	/DW0B.MAP@180034	この水晶にさわった人が、\nカカルクランっていう世界に\n行っちまうんだったね。%b	이 수정을 만진 사람이\n카칼클랜이라는 세계에\n가 버리는 거였지.%b
505	map	2	73	/DW0B.MAP@180143	もう行くのかい？\n今なら森を出て\nメンバーを\n考え直すこともできるけどね。%b	벌써 가는 거야?\n지금이라면 숲을 나가서\n멤버를\n다시 생각할 수도 있는데.%b
506	map	2	53	/DW0B.MAP@180330	この水晶にさわれば、\nカカルクランにもどれるんだね。%b	이 수정을 만지면\n카칼클랜으로 돌아갈 수 있구나.%b
507	map	2	64	/DW0B.MAP@180415	このメンバーで\nカカルクランに行っちゃって\nいいのかなぁ・・・？%b	이 멤버로\n카칼클랜에 가 버려도\n괜찮을까…?%b
508	map	2	81	/DW0B.MAP@180511	こっちの世界のこともあるし、\n森を出て\nもう１度よくみるのも\nいいかもしれないね。%b	이쪽 세계 일도 있으니\n숲을 나가서\n한 번 더 잘 보는 것도\n좋을지 몰라.%b
509	map	2	61	/DW0B.MAP@180624	カカルクランへ行くためには\nまた、こいつの世話になるんだな。%b	카칼클랜에 가려면\n또 이 녀석 신세를 져야 하는군.%b
510	map	2	103	/DW0B.MAP@180717	どうする？\n前のままの６人でいいのか？\nもし組み合わせを変えるのなら、\nいったん森の外に出て考えようぜ。%b	어쩔래?\n전과 같은 6명으로 괜찮아?\n만약 조합을 바꿀 거라면\n일단 숲 밖으로 나가서 생각하자.%b
511	map	2	45	/DW0B.MAP@180852	この水晶が\nカカルクランとつながってるのね。%b	이 수정이\n카칼클랜과 이어져 있구나.%b
512	map	2	77	/DW0B.MAP@180929	それより先に\nいったん森から出て、\nメンバーを組み直さなくても\nいいのかしら？%b	그보다 먼저\n일단 숲에서 나가서\n멤버를 다시 짜지 않아도\n괜찮을까?%b
513	map	2	93	/DW0B.MAP@181038	このまま水晶にさわれば、\n先に決めた６人のメンバーで\nカカルクランに向かうことに\nなりますぞ。%b	이대로 수정을 만지면\n먼저 정한 6명의 멤버로\n카칼클랜에 향하게\n됩니다.%b
514	map	2	62	/DW0B.MAP@181163	不都合がありますれば\n１度、森の外へ\n引き返すべきでしょうな。%b	곤란한 점이 있다면\n한 번 숲 밖으로\n되돌아가야겠지요.%b
515	map	2	30	/DW0B.MAP@181257	さて、どうしたものか・・・。%b	자, 어떻게 한담….%b
516	map	2	56	/DW0B.MAP@181319	この水晶が\nカカルクランと\nつながりをもっておるのだな。%b	이 수정이\n카칼클랜과\n연결되어 있는 것이로군.%b
517	map	2	59	/DW0B.MAP@181407	向こうへわたるというメンバーは\n組み直さずともよいのだな？%b	건너편으로 건너갈 멤버는\n다시 짜지 않아도 되겠지?%b
518	map	2	62	/DW0B.MAP@181498	考え直すのならば、\nいったん森を出るよりほかに\n方法はないぞ。%b	다시 생각할 거라면\n일단 숲을 나가는 수밖에\n방법이 없다.%b
519	map	2	76	/DW0B.MAP@181592	えっとぉー・・・、\nこの水晶にさわると、\n何か大変なことがあるんだったよね。%b	음～…\n이 수정을 만지면\n뭔가 큰일이 난다고 했었지.%b
520	map	2	27	/DW0B.MAP@181700	んーとぉー\nなんだっけ！？%b	음～\n뭐였더라!?%b
521	map	2	64	/DW0B.MAP@181759	この水晶にさわれば、\n前に決めた６人で\nカカルクランへ行けるぜ。%b	이 수정을 만지면\n전에 정한 6명으로\n카칼클랜에 갈 수 있어.%b
522	map	2	70	/DW0B.MAP@181855	ほっほっほっ、\nこの水晶にさわれば、\nカカルクランに行くんじゃったの。%b	허허허,\n이 수정을 만지면\n카칼클랜에 가는 거였지.%b
523	map	2	37	/DW0B.MAP@181957	さてさて、、\nどうしたものか・・・。%b	자, 자,\n어떻게 한담….%b
524	map	2	62	/DW0B.MAP@182026	この水晶が、\nカカルクランとこの世界を\n結びつけているんだな。%b	이 수정이\n카칼클랜과 이 세계를\n이어 주고 있는 거군.%b
525	map	2	87	/DW0B.MAP@182120	・・・すでに\n６人のメンバーは選んである。\nこのまま、\nカカルクランへ行ってもいいのか？%b	…이미\n6명의 멤버는 골라 뒀다.\n이대로\n카칼클랜에 가도 되겠나?%b
526	map	2	67	/DW0B.MAP@182325	ほっほっほっ、\n幽玄の森の妖精が\n言っておったとおりに\nなったのう。%b	허허허,\n유현의 숲의 요정이\n말한 대로\n되었구먼.%b
527	map	1	83	/DW0B.MAP@182424	いやなに、\nあの妖精がな、\nこのドラグーン国の戦霊の森へ\n行くように急かすものでな。%b	아니 뭐,\n그 요정이 말이지,\n이 드래군국의 전령의 숲에\n가라고 재촉하길래.%b
528	map	2	83	/DW0B.MAP@182539	どうやら\n『扉』の近くにおったせいで、\n水晶の反応を\n感じやすくなっておるのじゃな。%b	아무래도\n『문』 근처에 있었던 탓에\n수정의 반응을\n느끼기 쉬워진 모양이구먼.%b
529	map	2	52	/DW0B.MAP@182654	それはそうと、\nよくわからんのは\nお前さんたちじゃ。%b	그건 그렇고\n잘 모르겠는 건\n자네들이야.%b
530	map	2	74	/DW0B.MAP@182738	後学のためにも、\nどうやってもどったか、\nぜひ聞かせてほしいもんじゃのう。%b	앞으로를 위해서라도\n어떻게 돌아왔는지\n꼭 들려줬으면 좋겠구먼.%b
531	map	2	52	/DW0B.MAP@182844	お前たち、\n幽玄の森の妖精と\n向こうで会ったのか！？%b	너희들,\n유현의 숲의 요정과\n저쪽에서 만났어!?%b
532	map	1	76	/DW0B.MAP@182928	オレたちはその妖精に言われて、\nこのドラグーン国の戦霊の森まで\n来たんだぜ。%b	우리는 그 요정의 말을 듣고\n이 드래군국의 전령의 숲까지\n온 거야.%b
533	map	2	76	/DW0B.MAP@183036	おい、聞いてるか？\nだまってちゃ、わかんないだろ。\nだれか、説明してくれよ。%b	이봐, 듣고 있어?\n가만있으면 모르잖아.\n누가 설명 좀 해 줘.%b
534	map	2	87	/DW0B.MAP@183144	私たちはただ、\n幽玄の森で出会った妖精さんに\nここへ行くようにって言われて\n来ただけよ。%b	우린 그저\n유현의 숲에서 만난 요정한테\n여기로 가라는 말을 듣고\n왔을 뿐이야.%b
535	map	1	51	/DW0B.MAP@183263	それよりも、ここは\nドラグーン国の戦霊の森なのよ。%b	그보다, 여긴\n드래군국의 전령의 숲이야.%b
536	map	2	58	/DW0B.MAP@183346	あなたたちが\nここにいることの方が\nよっぽど、ふしぎだわ。%b	너희가\n여기 있는 게\n훨씬 더 이상해.%b
537	map	2	49	/DW0B.MAP@183436	私たちにもわかるように、\n説明してほしいものね。%b	우리도 알 수 있게\n설명해 줬으면 좋겠어.%b
538	map	2	39	/DW0B.MAP@183517	なんと！\nわしは夢でも見ておるのか！？%b	이럴 수가!\n내가 꿈이라도 꾸는 겐가!?%b
539	map	1	97	/DW0B.MAP@183588	幽玄の森で会った妖精の\n言葉に導かれるままに、\nドラグーン国の戦霊の森へ\n来てみたんじゃが・・・。%b	유현의 숲 요정의\n말에 이끌리는 대로\n드래군국의 전령의 숲에\n와 봤는데….%b
540	map	2	45	/DW0B.MAP@183717	こうしてまた、\nみなと出会えようとは・・・。%b	이렇게 다시\n모두와 만나게 될 줄이야….%b
541	map	2	61	/DW0B.MAP@183794	これは一体どういうことなのか、\n説明してはもらえませぬかな？%b	이게 대체 어찌 된 일인지\n설명해 주시겠습니까?%b
542	map	2	51	/DW0B.MAP@183941	お前たち・・・\n一体どうやってもどってきたのだ！？%b	너희들…\n대체 어떻게 돌아온 거지!?%b
543	map	2	22	/DW0B.MAP@184024	・・・オレたちか！？%b	…우리 말이야!?%b
544	map	1	85	/DW0B.MAP@184078	オレたちは\n幽玄の森の妖精に、\nドラグーン国の戦霊の森に\n行くようにと言われただけだ。%b	우리는\n유현의 숲의 요정에게\n드래군국의 전령의 숲으로\n가라는 말을 들었을 뿐이야.%b
545	map	2	45	/DW0B.MAP@184195	それ以外に\n妖精は何も言わなかったが・・・。%b	그 밖에\n요정은 아무 말도 안 했지만….%b
546	map	2	68	/DW0B.MAP@184272	・・・そうか、水晶か。\nどうやら、\nその水晶にひみつがあるようだな。%b	…그렇군, 수정인가.\n아무래도\n그 수정에 비밀이 있는 모양이군.%b
547	map	2	55	/DW0B.MAP@184372	わーい、\n%s1、おっかえりーっ！\nみんな、早かったねー！%b	와～아,\n%s1, 어서 와～!\n다들 빨리 왔네～!%b
548	map	1	73	/DW0B.MAP@184459	えへへっ、\nどうしてこんな\nドラグーン国の戦霊の森なんかに\nいるのかって？%b	에헤헷,\n왜 이런\n드래군국의 전령의 숲 같은 데\n있냐고?%b
549	map	2	73	/DW0B.MAP@184564	それはねー、\n前に出会った\n幽玄の森の妖精さんが\n教えてくれたんだよーん！%b	그건 말이지～,\n전에 만났던\n유현의 숲의 요정님이\n가르쳐 줬거든～!%b
550	map	2	66	/DW0B.MAP@184669	それよりも、\n%s1がどうやって\nもどってきたか、\n教えてほしいのー！%b	그보다\n%s1가 어떻게\n돌아왔는지\n가르쳐 줘～!%b
551	map	2	39	/DW0B.MAP@184767	は、早かったじゃねぇか、\n大将・・・。%b	빠, 빨리 왔잖아,\n대장….%b
552	map	2	51	/DW0B.MAP@184838	もうゲンユウサイのヤロー、\nぶちのめしてきたのか？%b	벌써 겐유사이 녀석을\n때려눕히고 온 거야?%b
553	map	2	60	/DW0B.MAP@184921	それにしちゃあ、\nあんまし、\nよろこんでないようだが・・・。%b	그런 것치고는\n그다지\n기뻐 보이지 않는데….%b
554	map	1	91	/DW0B.MAP@185013	オレたちもな、\n幽玄の森の妖精が\nドラグーン国の戦霊の森へ\n行けって言うから来ただけなんだ。%b	우리도 말이야,\n유현의 숲의 요정이\n드래군국의 전령의 숲에\n가라고 해서 왔을 뿐이야.%b
555	map	2	50	/DW0B.MAP@185136	なぁ、\nそっちはどうなんだよ？\n何かわかったのか？%b	저기,\n그쪽은 어떻게 됐어?\n뭔가 알아냈어?%b
556	map	2	31	/DW0B.MAP@185243	・・・ん？\n・・・あ・・・！！%b	…응?\n…아…!!%b
557	map	2	56	/DW0B.MAP@185306	なっ、なんだぁ！？\nなんでみんな、\nここにいるんだぁ！？%b	뭐, 뭐야!?\n왜 다들\n여기 있는 거야!?%b
558	map	2	45	/DW0B.MAP@185394	オレたちは、\nカカルクランにいたはずだぜ！？%b	우리는\n카칼클랜에 있었을 텐데!?%b
559	map	2	18	/DW0B.MAP@185471	あ、ああ・・・。%b	아, 아아….%b
560	map	2	92	/DW0B.MAP@185521	どうやら、この水晶をとおして\nこっちの世界とカカルクランとが\nつながっちまってるようなんだ。%b	아무래도 이 수정을 통해서\n이쪽 세계와 카칼클랜이\n이어져 버린 모양이야.%b
561	map	2	81	/DW0B.MAP@185645	それとも、\n何かがきっかけで\nこんなはたらきを\n持つようになったのかも知れないな。%b	아니면\n뭔가를 계기로\n이런 작용을\n하게 된 걸지도 모르겠군.%b
562	map	2	78	/DW0B.MAP@185758	それはともかくとして、だ。\nこれは、いまのオレたちにとって\n好都合じゃないか。%b	그건 그렇다 치고.\n이건 지금의 우리에게\n안성맞춤이잖아.%b
563	map	2	76	/DW0B.MAP@185868	いまなら、町で休むことも\n戦いに参加する仲間を\n組みかえることだってできる。%b	지금이면 마을에서 쉬는 것도\n싸움에 참가할 동료를\n바꾸는 것도 가능해.%b
564	map	2	91	/DW0B.MAP@185976	準備がととのってから、\nまた、ここに来ればいいんだ。\nせいぜい、\n利用させてもらわなきゃな。%b	준비가 다 되고 나서\n다시 여기 오면 돼.\n실컷\n이용하게 해 달라고.%b
565	map	2	24	/DW0B.MAP@186099	・・・ん、んん・・・。%b	…으, 으음….%b
566	map	2	87	/DW0B.MAP@186155	・・・今回もぶじに\nもどってこれたようだな。\nうまい具合に\nみんな集まってきたようだし。%b	…이번에도 무사히\n돌아온 모양이군.\n마침 잘\n다들 모인 것 같고.%b
567	map	1	52	/DW0B.MAP@186274	ここは・・・\n見たところ\n戦霊の森のようだが・・・。%b	여기는…\n보아하니\n전령의 숲 같은데….%b
568	map	2	30	/DW0B.MAP@186358	これから、どうしたもんかな。%b	이제 어떻게 할까.%b
569	map	2	56	/DW0B.MAP@186420	さっさと\nカカルクランにもどった方が\nいいんじゃねぇか？%b	얼른\n카칼클랜으로 돌아가는 게\n좋지 않겠어?%b
570	map	1	224	/DZ00.MAP@147323	T%v100ザルマ都市 自警団ニュース\n \n町近辺のゲンユウサイ軍の動きが活発に！！\n都市周辺部はもとより、\n南方の森林地帯に\nお出かけになる方は、\n十分な注意が必要です。\n \n戦霊の森のでっかい水晶の側で\nモンスターの幻を見たぜ！　ライル%b	T%v100자르마시 자경단 뉴스\n \n마을 근처 겐유사이군의 움직임이 활발!!\n도시 주변은 물론\n남쪽 삼림 지대로\n외출하시는 분은\n충분한 주의가 필요합니다.\n \n전령의 숲 커다란 수정 옆에서\n몬스터의 환영을 봤어! 라일%b
571	map	1	417	/DZ00.MAP@147548	%v100ザルマ都市 自警団ニュース　急報！！\n \nドラグーン城奪回！！　国王陛下逝去？？\nクイーンズランド国%s0王子一行と\n竜騎士団の大活躍でゲンユウサイ軍をみごと撃退！\nドラグーン城を奪回した！\nしかし、安否が心配されていた我らが国王陛下は、\nにっくきゲンユウサイの毒牙にかかり逝去されたもよう。%b%a詳しくは、新しい情報が入り次第．．．\n \n我らが竜騎士団に栄光あれ！　　　　　ジャック\n我らが国王陛下！　皆で祈りましょう　マール%b	%v100자르마시 자경단 뉴스　긴급!!\n \n드래군성 탈환!! 국왕 폐하 서거??\n퀸즈랜드국 %s0 왕자 일행과\n용기사단의 대활약으로 겐유사이군을 멋지게 격퇴!\n드래군성을 탈환했다!\n그러나 안부가 걱정되던 우리 국왕 폐하께서는\n가증스러운 겐유사이의 독니에 걸려 서거하신 듯.%b%a자세한 것은 새 정보가 들어오는 대로….\n \n우리 용기사단에 영광을!　　　　　잭\n우리 국왕 폐하! 모두 함께 기도합시다　마르%b
572	map	1	340	/DZ00.MAP@147968	%v100ザルマ都市 自警団ニュース\n \nゲンユウサイの最後か？\n竜騎士団本部が伝えるところによると\n竜騎士%s9殿と%s0王子一行が極悪人ゲンユウサイを討ち取ったもよう。\n待ちわびていた平和が訪れることでしょう%b%a我が国の誇り竜騎士%s9に栄光あれ！\n　　　　　　　ジャック\n\nうさんくさい連中が\nリグロードからいなくなってせいせいしたぜ！\n　　　　　　　ルノー%b	%v100자르마시 자경단 뉴스\n \n겐유사이의 최후인가?\n용기사단 본부의 전언에 따르면\n용기사 %s9 님과 %s0 왕자 일행이 극악인 겐유사이를 처치한 듯.\n기다리던 평화가 찾아올 것입니다%b%a우리나라의 자랑 용기사 %s9에게 영광을!\n　　　　　　　잭\n\n수상한 놈들이\n리그로드에서 사라져서 속이 다 시원하다!\n　　　　　　　르노%b
573	map	1	273	/DZ00.MAP@148312	%v100ザルマ都市 自警団ニュース\n \nゲンユウサイ軍クイーンズランド集結か？\n新たな動きの理由は分かっていませんが、\n十分に注意してください。\n \n今度は、うさんくさいモンスターどもか！\nやれやれって感じだぜ！　ルノー\n 戦霊の森で見た幻と、\n今回現れたモンスターはそっくりだ！ ライル%b	%v100자르마시 자경단 뉴스\n \n겐유사이군 퀸즈랜드에 집결?\n새로운 움직임의 이유는 알 수 없지만\n충분히 주의하십시오.\n \n이번엔 수상한 몬스터들이냐!\n정말 지긋지긋하다! 르노\n 전령의 숲에서 본 환영과\n이번에 나타난 몬스터가 똑같아! 라일%b
574	map	1	40	/DZ00.MAP@148691	lおや、旅の人だね。\n何が聞きたいんだい？	l어머, 여행자로군.\n뭘 묻고 싶어?
575	map	1	30	/DZ00.MAP@148732	また聞きたいことがあるのかい？	또 묻고 싶은 게 있어?
576	map	1	41	/DZ00.MAP@148764	もういっちまうのかい？\nまた来とくれよ。%b	벌써 가는 거야?\n또 와.%b
577	map	6	8	/DZ00.MAP@148848	外へ出る	나가기
578	map	1	202	/DZ00.MAP@148860	むかし、十数年前、\n「魔導戦役」と呼ばれる戦いがあってね。\nリグロード制圧をたくらんだ\n大魔導士の師弟がいたんだよ。%b%aそいつを、クイーンズランド王と一緒に討ったのが\n我が国王陛下と雲海の賢者だったのさ。%b	옛날 십수 년 전에\n「마도 전쟁」이라는 싸움이 있었어.\n리그로드 제압을 꾀했던\n대마도사 사제가 있었지.%b%a그자를 퀸즈랜드 왕과 함께 무찌른 것이\n우리 국왕 폐하와 운해의 현자였어.%b
579	map	1	209	/DZ00.MAP@149064	十数年前、「魔導戦役」で\n大魔導士の師弟の弟子の方のラミューレと\n相打ちになったのが、ほら、\nクイーンズランド王だったのさ。%b%aしかし、今度は\n我が国王陛下がお亡くなりになるなんて\n何とも知れない因縁を感じるね。%b	십수 년 전 「마도 전쟁」에서\n대마도사 사제 중 제자 쪽인 라뮤레와\n동귀어진한 게 바로\n퀸즈랜드 왕이었어.%b%a그런데 이번엔\n우리 국왕 폐하께서 돌아가시다니\n알 수 없는 인연이 느껴지네.%b
580	map	1	129	/DZ00.MAP@149276	ゲンユウサイの幹部の中に、\nラミューレという魔導士がいたらしいけど\n大魔導士の弟子と同じ名前だね。\nただの偶然ならいいんだけどね。%b	겐유사이의 간부 중에\n라뮤레라는 마도사가 있었다는데\n대마도사의 제자와 같은 이름이네.\n그냥 우연이면 좋겠지만.%b
581	map	1	148	/DZ00.MAP@149408	新種のモンスターが現れたらしいね。\nむかし、「魔導戦役」で大魔導士の師弟が\nリグロードの制圧をもくろんだ時も\nこんな感じだった。\nいやな予感がするよ。%b	새로운 몬스터가 나타났다나 봐.\n옛날 「마도 전쟁」에서 대마도사 사제가\n리그로드 제압을 꾀했을 때도\n이런 느낌이었어.\n불길한 예감이 들어.%b
582	map	1	121	/DZ00.MAP@149560	なんでも近ごろ、\n国境じゃ山賊が出るっていうじゃないか。\nこれもゲンユウサイが\nいろんな国を荒らしまわっているせいかねぇ？%b	듣자 하니 요즘\n국경에 산적이 나온다잖아.\n이것도 겐유사이가\n여러 나라를 휩쓸고 다니는 탓일까?%b
583	map	1	102	/DZ00.MAP@149684	国境じゃ山賊が出るってウワサだよ。\nこれもゲンユウサイ達が\nいろんな国を荒らしまわっているせいかねぇ？%b	국경에 산적이 나온다는 소문이야.\n이것도 겐유사이 일당이\n여러 나라를 휩쓸고 다니는 탓일까?%b
584	map	1	98	/DZ00.MAP@149788	国境じゃ山賊が出るっていうじゃないか。\nゲンユウサイがいなくなっても\n簡単には平和にならないねぇ。%b	국경에 산적이 나온다잖아.\n겐유사이가 사라져도\n쉽게 평화로워지지는 않네.%b
585	map	1	113	/DZ00.MAP@149888	なんでも近ごろ、\n国境じゃ新種のモンスターが\n出るっていうじゃないか。\nこれはゲンユウサイの呪いだってウワサだよ。%b	듣자 하니 요즘\n국경에 새로운 몬스터가\n나온다잖아.\n이건 겐유사이의 저주라는 소문이야.%b
586	map	1	141	/DZ00.MAP@150004	この国の南西にある森だね。\n竜騎士の先祖は、あの森から来たって伝説だよ。\nあの森には巨大な水晶があるんだけど\n竜騎士とはなにか関係あるのかね？%b	이 나라 남서쪽에 있는 숲이지.\n용기사의 선조는 그 숲에서 왔다는 전설이야.\n그 숲에는 거대한 수정이 있는데\n용기사와 뭔가 관계가 있을까?%b
587	map	1	116	/DZ00.MAP@150148	南西の方の森だね。\n森で変なモンスターの幻をみたって話してる青年がいるんだけど\n本当だとしたら恐い話だよ、まったく。%b	남서쪽 숲이지.\n숲에서 이상한 몬스터의 환영을 봤다는 청년이 있는데\n정말이라면 무서운 이야기야, 정말.%b
588	map	1	140	/DZ00.MAP@150268	「戦霊の森」でね・・・\nゲンユウサイとクイーンズランドの宰相ロクセリオの姿をよく見かけたらしいよ。\nいったい、あの森で何をしていたのかねぇ？%b	「전령의 숲」에서 말이야…\n겐유사이와 퀸즈랜드의 재상 로크세리오의 모습이 자주 보였대.\n대체 그 숲에서 뭘 하고 있었을까?%b
589	map	1	147	/DZ00.MAP@150412	なんでも最近、「戦霊の森」に\n変なモンスターが出るらしいよ。%b%a見たこともないやつで、\nすごく強いそうだよ。\nこの世界はどうなってしまうんだろうね。%b	듣자 하니 요즘 「전령의 숲」에\n이상한 몬스터가 나온대.%b%a본 적도 없는 놈인데\n굉장히 세대.\n이 세상은 어떻게 되려는 걸까.%b
590	map	1	127	/DZ00.MAP@150560	勇ましいよねぇ。\nリグロードじゃいちばん強い騎士団だと評判だよ。\nそういえば、この間もかわいいボウヤが\n竜騎士になったらしいよ。%b	용맹하지.\n리그로드에서 가장 강한 기사단이라는 평판이야.\n그러고 보니 요전에도 귀여운 꼬마가\n용기사가 됐다더라.%b
591	map	1	86	/DZ00.MAP@150688	竜騎士団さえいれば\nゲンユウサイなんか恐くないね。\nさっさと、追い返されるのがおちさ。%b	용기사단만 있으면\n겐유사이 따윈 무섭지 않아.\n얼른 쫓겨나는 게 뻔하지.%b
592	map	1	116	/DZ00.MAP@150776	聞いた話によると\n竜騎士%s9殿とクイーンズランドの王子たちが\nゲンユウサイを倒したそうね。\nきっとこれで平和になるよ。%b	들은 바로는\n용기사 %s9 님과 퀸즈랜드의 왕자 일행이\n겐유사이를 쓰러뜨렸대.\n분명 이제 평화로워질 거야.%b
593	map	1	116	/DZ00.MAP@150896	竜騎士の活躍でこの町は守られているけど\nモンスター達の攻撃は激しくなるばかり\nいったいどうなってしまうんだろうねぇ？%b	용기사 덕에 이 마을은 지켜지고 있지만\n몬스터들의 공격은 거세지기만 해.\n대체 어떻게 되려는 걸까?%b
594	map	1	51	/DZ00.MAP@151071	р｢らっしゃいませぇ。\nどういったご要件でしょうか？\n	\x84어서 오세요.\n무슨 용건이신가요?\n
595	map	5	60	/DZ00.MAP@151124	おやめになるのですね。\nでは、ほかに何かご用はございますか？\n	그만두시는군요.\n그럼 다른 용무는 있으신가요?\n
596	map	5	27	/DZ00.MAP@151188	ごゆっくりごらんください。\n	천천히 둘러보세요.\n
597	map	5	60	/DZ00.MAP@151216	ご不用になりました品を、\n適価にて引きとらせていただきます。\n	필요 없어진 물건을\n적정 가격에 매입해 드립니다.\n
598	map	5	61	/DZ00.MAP@151280	またのご利用をお待ちしております。\nありがとうございました。%b	다음 이용을 기다리겠습니다.\n감사합니다.%b
599	map	5	26	/DZ00.MAP@151344	どれをお買いもとめですか？	어느 것을 구입하시겠어요?
600	map	5	32	/DZ00.MAP@151372	どれをお売りくださるのでしょう？	어느 것을 파시겠어요?
601	map	5	34	/DZ00.MAP@151408	あら？　売るものがないようですよ。	어머? 팔 물건이 없으신 것 같네요.
602	map	5	27	/DZ00.MAP@151444	「%nS」ですね。買いますか？	「%nS」군요. 사시겠어요?
603	map	5	62	/DZ00.MAP@151472	あら？\nお荷物がいっぱいのようですよ。\n次の機会になさっては？%b	어머?\n짐이 가득 찬 것 같네요.\n다음 기회에 하시겠어요?%b
604	map	5	45	/DZ00.MAP@151536	あら？\n残念ながらお金が足りないようですよ。%b	어머?\n아쉽지만 돈이 모자라신 것 같네요.%b
605	map	10	53	/DZ00.MAP@151584	ありがとうございます。\nほかに何かご用はございますか？	감사합니다.\n다른 용무는 있으신가요?
606	map	5	47	/DZ00.MAP@151640	「%nS」を買い取らせていただいてよろしいですか？	「%nS」 매입해 드려도 될까요?
607	map	1	35	/DZ00.MAP@151860	いらっしゃい。\n何か聞きたそうだね。	어서 와.\n뭘 묻고 싶은 거지?
608	map	1	21	/DZ00.MAP@151896	ほかに何かあるかい？\n	다른 건 없나?\n
609	map	1	55	/DZ00.MAP@151920	もう行ってしまうのかい？\nまたいろんな話を集めとくよ。%b	벌써 가나?\n또 여러 이야기를 모아 두지.%b
610	map	4	16	/DZ00.MAP@151976	クイーンズランド	퀸즈랜드
611	map	2	8	/DZ00.MAP@152012	ミディ国	미디국
612	map	1	213	/DZ00.MAP@152060	東にあるクイーンズランド女王国のことだね。\nあの国も災難さ。\nゲンユウサイさえ現れなければねぇ。%b %aウワサじゃ、王子は逃げ出したそうだけど\nどこで何をしているのかさえ分からないらしいよ。\nともかく、困ったもんだよ。%b	동쪽의 퀸즈랜드 여왕국 얘기로군.\n그 나라도 재난이야.\n겐유사이만 나타나지 않았어도.%b %a소문엔 왕자는 도망쳤다는데\n어디서 뭘 하는지도 모른다더군.\n어쨌든 곤란한 일이야.%b
613	map	1	171	/DZ00.MAP@152276	国を追われたクイーンズランドの王子が、\n我が国の竜騎士と協力して、\nゲンユウサイ軍を追い払ってくれたのさ。%b%aあの王子なら、国を取り戻せるかもしれないな。\n期待しているよ。%b	나라에서 쫓겨난 퀸즈랜드 왕자가\n우리나라 용기사와 협력해서\n겐유사이군을 몰아내 줬어.%b%a그 왕자라면 나라를 되찾을지도 모르겠군.\n기대하고 있어.%b
614	map	1	123	/DZ00.MAP@152448	どうやら、ゲンユウサイも倒されたようだし、\nめでたしめでたしってね。\nクイーンズランドの王子も\nガンバッタみたいじゃないか。%b	아무래도 겐유사이도 쓰러진 모양이니\n잘됐지 뭐야.\n퀸즈랜드 왕자도\n꽤 힘냈나 보더군.%b
615	map	1	135	/DZ00.MAP@152572	新たなモンスターが\nクイーンズランドに集まりつつあるらしいね。\nでも、クイーンズハートだけが\n被害がないのは変だってみんな言っているよ。%b	새로운 몬스터가\n퀸즈랜드에 모여들고 있는 모양이야.\n그런데 퀸즈하트만\n피해가 없는 게 이상하다고들 해.%b
616	map	1	111	/DZ00.MAP@152708	この国の王城を見たかい？\nあちこち踏みあらされてるわ\n正門は落ちてるわ\nありゃあきっとゲンユウサイのしわざだぜ。%b	이 나라 왕성을 봤어?\n여기저기 짓밟혀 있고\n정문은 무너져 있고\n저건 분명 겐유사이 짓이야.%b
617	map	1	121	/DZ00.MAP@152820	ゲンユウサイ軍は、何とか追い払ったけど\n国王陛下がお亡くなりになるなんて\n予想もしなかったよ。\n不幸なことは続くもんだね。%b	겐유사이군은 어떻게든 몰아냈지만\n국왕 폐하께서 돌아가시다니\n생각도 못 했어.\n불행은 겹치는 법이군.%b
618	map	1	82	/DZ00.MAP@152944	ゲンユウサイも倒されて\n国王陛下のカタキも取れたことだし\n早く城を復旧しないとね。%b	겐유사이도 쓰러졌고\n국왕 폐하의 원수도 갚았으니\n얼른 성을 복구해야지.%b
619	map	1	96	/DZ00.MAP@153028	ゲンユウサイを倒してカタキもとったことだし\n城を早く復旧しないとね。\nきっと前より立派になるさ。%b	겐유사이를 쓰러뜨려 원수도 갚았으니\n성을 빨리 복구해야지.\n분명 전보다 훌륭해질 거야.%b
620	map	1	171	/DZ00.MAP@153128	南の方にあるミディ国だね。\nあの国は船の貿易で栄えている国だよ。\nまだ、ゲンユウサイが直接手を出しては\nいないみたいだから平和だと思うね。%b%a時間の問題かもしれないけどね。%b	남쪽의 미디국 말이군.\n그 나라는 배 무역으로 번성한 나라야.\n아직 겐유사이가 직접 손을 대지\n않은 것 같으니 평화로울 거야.%b%a시간문제일지도 모르지만.%b
621	map	1	174	/DZ00.MAP@153300	南の方にあるミディ国だね。\nあそこにはいい港があって、\n貿易で栄えているんだよ。%b%aしかし、なんでも海賊があばれまわって、\n困っているってウワサを聞いたけど、\n解決したのかな？%b	남쪽의 미디국 말이군.\n거기엔 좋은 항구가 있어서\n무역으로 번성하고 있지.%b%a그런데 해적이 날뛰어서\n곤란하다는 소문을 들었는데\n해결됐을까?%b
622	map	1	133	/DZ00.MAP@153476	南の方にあるミディ国だね。\n貿易で栄えている国だよ。\nゲンユウサイも直接手を出せないまま\n終わってしまったみたいだね。うらやましいよ。%b	남쪽의 미디국 말이군.\n무역으로 번성한 나라야.\n겐유사이도 직접 손을 못 댄 채\n끝나 버린 모양이야. 부럽군.%b
623	map	1	145	/DZ00.MAP@153612	南の方にあるミディ国だね。\n何百年も昔から貿易で栄えている国だけどね。\nあちこちに出現している謎のモンスターが、\nついにあの国にも現れたらしいよ。%b	남쪽의 미디국 말이군.\n수백 년 전부터 무역으로 번성한 나라지.\n곳곳에 나타나는 수수께끼의 몬스터가\n마침내 그 나라에도 나타났다나 봐.%b
624	map	1	158	/DZ00.MAP@153760	じいさんに聞いたことだが\nむかし、１２人の勇者が\n魔将軍ゲンユウサイと名乗るやつを\n倒したって話だ。%b%aただ、勇者といっても、\n結構いろんな人達がいたらしいよ。%b	할아버지한테 들은 얘기인데\n옛날에 12명의 용사가\n마장군 겐유사이라는 놈을\n쓰러뜨렸대.%b%a다만 용사라고 해도\n꽤 여러 사람이 있었다나 봐.%b
625	map	1	189	/DZ00.MAP@153920	じいさんがよく話してくれたよ。\nはるかむかし、１２人の勇者達が魔将軍ゲンユウサイを倒す話をね。%b%aもっとも、\n勇者と呼ばれるようになったのは後の事で、\n本当は結構面白い人達だったみたいだね。%b	할아버지가 자주 얘기해 줬어.\n아득한 옛날, 12명의 용사가 마장군 겐유사이를 쓰러뜨린 이야기를.%b%a하긴\n용사라고 불리게 된 건 나중 일이고\n실은 꽤 재미있는 사람들이었나 봐.%b
626	map	1	118	/DZ00.MAP@154112	伝説の通り\n１２人の勇者がゲンユウサイを倒したってさ。\n勇者の中には、\nあの大魔導師を倒した\n雲海の賢者もいたらしいよ。%b	전설대로\n12명의 용사가 겐유사이를 쓰러뜨렸대.\n용사 중에는\n그 대마도사를 쓰러뜨린\n운해의 현자도 있었다나 봐.%b
627	map	1	71	/DZ00.MAP@154232	伝説の通りゲンユウサイが倒れれば\n平和が戻って来るんじゃなかったのか？%b	전설대로 겐유사이가 쓰러지면\n평화가 돌아오는 게 아니었어?%b
628	map	1	213	/DZ00.MAP@154304	この国のどこかに、\n伝説の武闘の町があるってウワサだよ。\nまあ、そこにはすごい武器やすごい闘技場が\nあるって話だけどね。%b%aさがしにいった冒険者の何組かは\n帰ってこなかったから、\nあるいは本当にあるのかも知れないね。%b	이 나라 어딘가에\n전설의 무투 마을이 있다는 소문이야.\n뭐, 거기엔 굉장한 무기와 굉장한 투기장이\n있다는 얘기지만.%b%a찾으러 간 모험가 몇 무리가\n돌아오지 않았으니\n어쩌면 정말 있을지도 몰라.%b
629	map	1	192	/DZ00.MAP@154520	この国の何処かに、\n伝説の武闘の町があるってウワサだね。\nそこには見たこともない武器や\nとんでもない闘技場があるって話だね。%b%a火のないところに何とかっていうから、\n本当にあるのかも知れないね。%b	이 나라 어딘가에\n전설의 무투 마을이 있다는 소문이지.\n거기엔 본 적도 없는 무기와\n엄청난 투기장이 있다는군.%b%a아니 땐 굴뚝에 연기 나랴 하니\n정말 있을지도 몰라.%b
630	map	1	164	/DZ00.MAP@154716	この国の何処かに、\n伝説の武闘の町があるって話だね。\nそこにはすごい武器や\n闘技場やらがあるって事だけどね。%b%a冒険者達の話を聞いてると、\nどうもマジな話みたいだね。%b	이 나라 어딘가에\n전설의 무투 마을이 있다지.\n거기엔 굉장한 무기며\n투기장 같은 게 있다는데.%b%a모험가들 얘기를 들어 보면\n아무래도 진짜인 것 같아.%b
631	map	1	145	/DZ00.MAP@154884	この国の何処かに、\n伝説の武闘の町があるってウワサかい。\nあんた達よく知ってるんだろう！%b%a何か知ってるんだったら\n本当の事を教えてくれないかな。%b	이 나라 어딘가에\n전설의 무투 마을이 있다는 소문?\n당신들 잘 알고 있지!%b%a뭔가 알고 있다면\n진실을 가르쳐 주지 않겠어?%b
632	map	1	32	/DZ00.MAP@155088	よう、らっしゃい。\n何にするね？\n	어이, 어서 와.\n뭘로 하겠나?\n
633	map	2	34	/DZ00.MAP@155648	へい、らっしゃい。\nどんな用だね？\n	예이, 어서 옵쇼.\n무슨 볼일이야?\n
634	map	6	50	/DZ00.MAP@155684	なんだ、やめちまうのか。\nほかに何か用はあるかい？\n	뭐야, 그만두는 거야?\n다른 볼일은 있나?\n
635	map	6	44	/DZ00.MAP@155736	ウチの防具は、どれを買ってもソンはしないよ。	우리 방어구는 뭘 사도 손해는 안 봐.
636	map	6	28	/DZ00.MAP@155784	そうか！　売りに来たんだな。	그렇군! 팔러 왔구나.
637	map	6	29	/DZ00.MAP@155816	そうか。\nまた来てくれよな。%b	그래.\n또 와 줘.%b
638	map	6	38	/DZ00.MAP@155904	売れるものなんか持ってないじゃないか。	팔 만한 물건이 없잖아.
639	map	6	26	/DZ00.MAP@155944	「%nS」だね。\n買いますか？	「%nS」군.\n사겠어?
640	map	6	55	/DZ00.MAP@155972	そんなに持てるのか！？\nムリはしない方がいいと思うよ。%b	그렇게 들 수 있겠어!?\n무리는 안 하는 게 좋아.%b
641	map	6	49	/DZ00.MAP@156028	金が足りないじゃないか。\n貧乏人には用はないよ。%b	돈이 모자라잖아.\n가난뱅이한텐 볼일 없어.%b
642	map	6	33	/DZ00.MAP@156080	まいどあり！\nほかに何かあるかい？	고마워!\n다른 건 없어?
643	map	5	32	/DZ00.MAP@156116	「%nS」を\n買いとればいいんだね？	「%nS」\n사들이면 되는 거지?
644	map	6	34	/DZ00.MAP@156152	まいどあり！%bほかに何かあるかい？	고마워!%b다른 건 없어?
645	map	4	18	/EC00.MAP@66304	くっ、しまった！%b	큭, 아차!%b
646	map	4	29	/EC00.MAP@66354	しょうがない。\n相手になるぜ%b	어쩔 수 없지.\n상대해 주마%b
647	map	4	41	/EC00.MAP@66415	しかたありません。\n相手になりましょう。%b	어쩔 수 없군요.\n상대해 드리죠.%b
648	map	4	35	/EC00.MAP@66488	ぼっちゃま！\nじいは負けませんぞ。%b	도련님!\n할아범은 안 집니다.%b
649	map	14	16	/EC00.MAP@66555	・・・・・・。%b	……%b
650	map	4	33	/EC00.MAP@66603	ええ！\nあたしとやろってのぉ！？%b	뭐!\n나랑 붙자는 거야!?%b
651	map	4	33	/EC00.MAP@66668	へっ、来い！\n相手をしてやらあ！%b	흥, 덤벼!\n상대해 주마!%b
652	map	4	45	/EC00.MAP@66733	ほっほっほっ、\nどれ、手合わせ願おうかのう。%b	허허허,\n어디, 한 수 겨뤄 볼까.%b
653	map	4	39	/EC00.MAP@66810	こいザコども。\nくしざしにしてやるよ！%b	덤벼라 잔챙이들.\n꼬치로 꿰어 주마!%b
654	map	4	43	/EC00.MAP@66882	むだなことを・・・。\n返り討ちにしてやる！%b	헛된 짓을….\n되받아쳐 주마!%b
655	map	4	51	/EC00.MAP@66958	くっくっくっ、\n陸もおちおち歩けないところだねぇ。%b	큭큭큭,\n뭍에서도 마음 놓고 못 걷겠군.%b
656	map	4	37	/EC00.MAP@67042	うーん・・・\nしかたありませんねぇ。%b	으음…\n어쩔 수 없네요.%b
657	map	4	7	/EC00.MAP@67112	ウホ？\n	우호?\n
658	map	4	36	/EC00.MAP@67120	（↑どうしていいか解らないらしい）%b	（↑어찌할 바를 모르는 듯하다）%b
659	map	1	72	/EC10.MAP@86666	やいやい。\nおれっちのナワバリをかってに通ろうたぁ、\nふてぇ野郎どもだ。%b	야야.\n우리 구역을 멋대로 지나가겠다니\n뻔뻔한 놈들이군.%b
660	map	1	74	/EC10.MAP@86771	いたい目にあわない内に、\n金めのものを置いてきな！\n命だけは助けてやるぜ！%b	험한 꼴 당하기 전에\n값나가는 걸 두고 가라!\n목숨만은 살려 주지!%b
661	map	1	103	/EC20.MAP@86666	いいカモが来やがったぜ。\nさあ、金めのものを置いてきな。\nオレたちゃあ、\nゲンユウサイ様の一の子分だぜ！%b	좋은 봉이 걸려들었군.\n자, 값나가는 걸 두고 가.\n우리는\n겐유사이 님의 오른팔이라고!%b
662	map	1	81	/EC20.MAP@86804	悪いことは言わない。\n逆らう人は\nちょっと痛い目にあいますよ。\nさあ、どうします？%b	나쁜 말은 안 하겠어요.\n거역하는 사람은\n좀 아픈 꼴을 당해요.\n자, 어떻게 할래요?%b
663	map	18	4	/ED02.MAP@168985	 ォﾃ	
664	map	2	4	/ED02.MAP@177051	s2ぎ	
665	map	8	4	/ED11.MAP@5842	ァ ｣	
666	map	112	4	/ED11.MAP@30828	5ェ$	
667	map	4	3	/ED11.MAP@34465	5ェ	
668	map	4	3	/ED11.MAP@36893	ェ$	
669	map	2	5	/ED12.MAP@159344	!づ柳	
670	map	10	16	/ED13.MAP@177843	%'RrLALaD．`@？ﾃ	
671	map	4	37	/GC00.MAP@85171	　\n　\nふすまは開きませんでした。%b%V0	　\n　\n장지문이 열리지 않았다.%b%V0
672	map	1	39	/GC00.MAP@85464	・・・・・・？\nこ、これが・・・城！？%b	……?\n이, 이게…성!?%b
673	map	1	20	/GC00.MAP@85535	・・・どうした？%b%h	…왜 그래?%b%h
674	map	1	57	/GC00.MAP@85587	・・・そうか、\nこういう城を見るのははじめてなんだな。%b%h	…그렇군,\n이런 성을 보는 건 처음이구나.%b%h
675	map	1	35	/GC00.MAP@85676	東方じゃ、\nこれがあたり前だぜ。%b%h	동방에선\n이게 당연한 거야.%b%h
676	map	1	76	/GC00.MAP@85743	それより、\n気おくれしてる場合じゃないぜ。\nなにせ、ここは敵の本陣だからな。%b	그보다\n기죽어 있을 때가 아니야.\n여긴 적의 본진이니까.%b
677	map	1	43	/GC00.MAP@85851	・・・そ、そうだね。\n慎重に進まなきゃ。%b%h	…그, 그렇네.\n신중하게 나아가야지.%b%h
678	map	1	20	/GC00.MAP@85926	・・・・・・ん？%b%h	……응?%b%h
679	map	1	61	/GC00.MAP@85978	・・・・・・・・・・・・。\n・・・だれかが、呼んでる・・・。%b	…………\n…누군가가 부르고 있어….%b
680	map	1	18	/GC00.MAP@86071	・・・・・・？%b%h	……?%b%h
681	map	1	50	/GC00.MAP@86121	どうしたんだ、%s0？\nオレには何も聞こえないぜ！？%b	왜 그래, %s0?\n난 아무것도 안 들리는데!?%b
682	map	1	53	/GC00.MAP@86203	・・・呼んでるんだ、\nだれかが、ボクを・・・・・・。%b	…부르고 있어,\n누군가가 나를……%b
683	map	2	19	/GC00.MAP@86289	・・・%s0・・・%b%h	…%s0…%b%h
684	map	1	44	/GC00.MAP@86341	・・・%s0・・・\nわたしの・・・ぼうや・・・%b	…%s0…\n나의…아가…%b
685	map	1	24	/GC00.MAP@86417	も、もしかして・・・%b%h	호, 혹시…%b%h
686	map	1	24	/GC00.MAP@86473	・・・は、母上・・・？%b	…어, 어머니…?%b
687	map	1	37	/GC00.MAP@86529	・・・おい！\n何を言ってるんだ！？%b%h	…이봐!\n무슨 소리야!?%b%h
688	map	1	45	/GC00.MAP@86598	だれかいるのか？\nオレには、何も見えないぜ！%b	누가 있는 거야?\n난 아무것도 안 보여!%b
689	map	1	43	/GC00.MAP@86675	まちがいない・・・、\n母上だ・・・・・・%b%h	틀림없어…\n어머니야……%b%h
690	map	1	43	/GC00.MAP@86750	母上が、ボクを呼んでる！\n行かなくっちゃ！%b	어머니가 날 부르고 있어!\n가야 해!%b
691	map	1	13	/GC00.MAP@86825	待て、%s0！%b	기다려, %s0!%b
692	map	1	23	/GC00.MAP@86870	どこへ行くの、%s0！？%b	어디 가, %s0!?%b
693	map	1	47	/GC00.MAP@86925	ぼっちゃま！\nいったい、どうなさったのです！？%b	도련님!\n대체 왜 그러십니까!?%b
694	map	2	7	/GC00.MAP@87004	%s0！%b	%s0!%b
695	map	1	24	/GC00.MAP@87043	・・・どうなってんの？%b	…어떻게 된 거야?%b
696	map	1	16	/GC00.MAP@87099	ちっ、バカが！%b	칫, 바보가!%b
697	map	1	58	/GC00.MAP@87147	ほっほっほっ、\nこれは、\nやっかいなコトになってきたのう。%b	허허허,\n이거\n성가시게 되었구먼.%b
698	map	1	13	/GC00.MAP@87237	%s0・・・！%b	%s0…!%b
699	map	1	30	/GC00.MAP@87283	どうなってやがんだ・・・！？%b	어떻게 된 거야…!?%b
700	map	1	38	/GC00.MAP@87346	%s0・・・！\nいったい、何が・・・！？%b	%s0…!\n대체 무슨…!?%b
701	map	1	36	/GC00.MAP@87498	向こうは行きどまりなのに・・・。%b%h	저쪽은 막다른 곳인데….%b%h
702	map	1	64	/GC00.MAP@87566	まるで、\nカベの中にとけこむように\n消えちまいやがった・・・。%b%h	마치\n벽 속으로 녹아들듯이\n사라져 버렸어….%b%h
703	map	1	30	/GC00.MAP@87662	・・・なんてこった・・・。%b%h	…이럴 수가….%b%h
704	map	1	70	/GC00.MAP@87724	・・・だが、オレたちの目的は\nあくまでも\nゲンユウサイを倒すことだ。%b%h	…하지만 우리 목적은\n어디까지나\n겐유사이를 쓰러뜨리는 거야.%b%h
705	map	1	56	/GC00.MAP@87826	%s0のことも気になるが、\nいまは進みつづけるしかない。%b%h	%s0도 걱정되지만\n지금은 계속 나아갈 수밖에.%b%h
706	map	1	98	/GC00.MAP@87914	%s0がいなくなったことで\nつらい戦いになると思うが、\nザコはなるべく相手にせず、\n上の階をめざそう！%b	%s0가 없어져서\n힘든 싸움이 되겠지만\n잔챙이는 되도록 피하고\n위층을 노리자!%b
707	map	1	10	/GC10.MAP@140117	%s10？%b%h	%s10?%b%h
708	map	1	35	/GC10.MAP@140160	いままで\nどこ行ってたんだい！？%b%h	지금까지\n어디 갔던 거야!?%b%h
709	map	1	54	/GC10.MAP@140228	こちとら、\nタイヘンだったんだよ！\nそれなのに・・・！%b	이쪽은\n엄청 힘들었다고!\n그런데…!%b
710	map	1	51	/GC10.MAP@140315	・・・・・・・・・。\n（↑にらみつけているらしい）%b	………\n（↑노려보고 있는 듯하다）%b
711	map	1	18	/GC10.MAP@140398	お前は、%s10！%b%h	넌, %s10!%b%h
712	map	1	30	/GC10.MAP@140448	どうやって、ここへ・・・？%b%h	어떻게 여기에…?%b%h
713	map	1	34	/GC10.MAP@140510	それに、その言い草はなんだ！？%b%h	게다가 그 말투는 뭐야!?%b%h
714	map	1	66	/GC10.MAP@140576	オレたちがここまでたどり着くのに、どれだけ苦労したと思ってる！？%b	우리가 여기까지 오느라 얼마나 고생했는지 알아!?%b
715	map	1	42	/GC10.MAP@140674	%s10さん！\nそんな言い方って、\nひどいわ！%b	%s10 씨!\n그런 말투는\n너무해요!%b
716	map	1	31	/GC10.MAP@140748	みんな、\n心配してたんですよ！%b	다들\n걱정했단 말이에요!%b
717	map	1	14	/GC10.MAP@140811	%s10どの！%b%h	%s10 님!%b%h
718	map	1	49	/GC10.MAP@140857	いままで、\nどちらへいらっしゃってたのですか？%b%h	지금까지\n어디 계셨던 겁니까?%b%h
719	map	1	33	/GC10.MAP@140938	みな、\n心配しておったのですぞ。%b	모두\n걱정하고 있었습니다.%b
720	map	1	16	/GC10.MAP@141003	お前か・・・。%b	너였나….%b
721	map	1	33	/GC10.MAP@141051	やっほー！\nまた、会えたねー！%b%h	야호～!\n또 만났네～!%b%h
722	map	1	62	/GC10.MAP@141116	どっか行っちゃったから、\nみんな心配してたんだよー。\nぶぅぅ。%b	어디론가 가 버려서\n다들 걱정했단 말이야～.\n뿌우우.%b
723	map	1	18	/GC10.MAP@141210	お前か・・・。%b%h	너였나….%b%h
724	map	1	70	/GC10.MAP@141260	なんだぁ？\nいまさらのこのこツラ出しといて、\nその言い草はぁ・・・！？%b	뭐야?\n이제 와서 뻔뻔하게 낯짝 들이밀고\n그 말투는…!?%b
725	map	1	48	/GC10.MAP@141362	ほっほっほっ、\nこれはまた、\nごあいさつじゃな。%b	허허허,\n이거 또\n인사가 거창하구먼.%b
726	map	1	18	/GC10.MAP@141442	お前は、%s10？%b%h	넌, %s10?%b%h
727	map	1	35	/GC10.MAP@141492	どうやって、\nここまで来たんだ？%b%h	어떻게\n여기까지 왔어?%b%h
728	map	1	58	/GC10.MAP@141559	みんな、\nあんたがいなくなったって、\n心配してたんだぜ！？%b	다들\n네가 없어졌다고\n걱정했다고!?%b
729	map	1	54	/GC10.MAP@141650	よう、クソ魔導士。\nそっちこそ、\nよく生きてられたな。%b	어이, 망할 마도사.\n그쪽이야말로\n용케 살아 있었군.%b
730	map	1	45	/GC10.MAP@141736	%s10・・・・・・！\nお前はいったい・・・！？%b	%s10……!\n넌 대체…!?%b
731	map	1	58	/GC10.MAP@141813	どういうことなの、\n%s10さん？\nあなたはいったい・・・！？%b	어떻게 된 거예요,\n%s10 씨?\n당신은 대체…!?%b
732	map	1	30	/GC10.MAP@141903	本来のすがた・・・ですと？%b%h	본래의 모습…이라니요?%b%h
733	map	1	37	/GC10.MAP@141965	%s10どの、\nそれはいったい・・・！？%b	%s10 님,\n그건 대체…!?%b
734	map	1	29	/GC10.MAP@142088	なになに？\nどういうこと？%b%h	뭐야 뭐야?\n무슨 소리야?%b%h
735	map	1	21	/GC10.MAP@142149	%s6、わかんなぁい！%b	%s6, 모르겠어～!%b
736	map	1	43	/GC10.MAP@142202	どういうことだ！？\nまさか、お前・・・！！%b	무슨 소리야!?\n설마, 너…!!%b
737	map	1	45	/GC10.MAP@142277	なに言ってんだ？\n頭でも打ったのか・・・！？%b	무슨 소리야?\n머리라도 부딪쳤어…!?%b
738	map	1	34	/GC10.MAP@142355	好き勝手なコトぬかしやがって！%b%h	멋대로 지껄이기는!%b%h
739	map	1	35	/GC10.MAP@142422	何様だってんだ、\nこのクソ魔導士！%b	뭐가 잘났다고,\n이 망할 마도사!%b
740	map	1	55	/GC10.MAP@142490	本来のすがたって・・・あんた！\n%s10じゃないんだね？%b%h	본래의 모습이라니…당신!\n%s10가 아니구나?%b%h
741	map	1	14	/GC10.MAP@142578	何者だい！？%b	넌 누구야!?%b
742	map	1	57	/GC10.MAP@142625	・・・・・・・・・。\n（↑じっとにらみつけているらしい）%b	………\n（↑가만히 노려보고 있는 듯하다）%b
743	map	2	35	/GC10.MAP@142715	ガルマンオーブ、\n神秘の宝珠よ！%b%h	갈만오브,\n신비의 보주여!%b%h
744	map	2	89	/GC10.MAP@142783	いまわしき血にぬりこめられし\n封印を解きはなち、\n時のはざまに眠る我が力を\n呼びさまさん！%b	저주받은 피로 칠해진\n봉인을 풀어\n시간의 틈에 잠든 나의 힘을\n깨우리라!%b
745	map	51	37	/GC10.MAP@142873	%H%m1%V100［%m0ラミューレ%m1］%V0%m0\n	%H%m1%V100［%m0라뮤레%m1］%V0%m0\n
746	map	2	22	/GC10.MAP@142911	・・・・・・ふぅ。%b%h	……휴.%b%h
747	map	1	47	/GC10.MAP@142972	やはりこのすがたの方が、\nしっくりきますね。%b%h	역시 이 모습이\n더 편하군요.%b%h
748	map	1	43	/GC10.MAP@143058	あらためて\n自己紹介させていただきます。%b%h	새삼스럽지만\n자기소개를 하겠습니다.%b%h
749	map	1	53	/GC10.MAP@143140	%s10っていう名前も\n気に入ってはいたんですけどね。%b%h	%s10라는 이름도\n마음에 들었지만 말이죠.%b%h
750	map	1	57	/GC10.MAP@143232	『不死のラミューレ』・・・\nそれが本当の私の名前です。%b%h	『불사의 라뮤레』…\n그게 제 진짜 이름입니다.%b%h
751	map	1	92	/GC10.MAP@143328	ゲンユウサイの幹部の１人に\n数えられていたこともありますが、\nそれは体面のことだけでしてね。%b	겐유사이의 간부 중 하나로\n꼽힌 적도 있지만\n그건 체면상의 일일 뿐이죠.%b
752	map	1	82	/GC10.MAP@143459	本来は、私の師である\n大魔導士の弟子ラミューレとして\nおぼえておいていただきたい。%b	본래는 제 스승인\n대마도사의 제자 라뮤레로서\n기억해 주셨으면 합니다.%b
753	map	1	57	/GC10.MAP@143580	ちょうど、\n%s0王子のすがたが\n見えないのが残念ですがね。%b	마침\n%s0 왕자의 모습이\n안 보이는 게 아쉽지만요.%b
754	map	1	45	/GC10.MAP@143676	・・・それでは、\nそろそろ始めましょうか。%b%h	…그럼\n슬슬 시작해 볼까요.%b%h
755	map	1	93	/GC10.MAP@143760	手かげんはするつもりですが、\n再生したばかりの体では\n力を抑制する自信が\nありませんからね。%b%h	봐줄 생각이지만\n막 재생한 몸이라\n힘을 억제할 자신이\n없거든요.%b%h
756	map	1	30	/GC10.MAP@143892	心してかかってきてください。%b	각오하고 덤벼 주세요.%b
757	map	1	26	/GC10.MAP@143955	お待ちしておりました。%b%h	기다리고 있었습니다.%b%h
758	map	1	49	/GC10.MAP@144014	ここまで、ずいぶんと\n時間がかかったようですね。%b	여기까지 꽤\n시간이 걸린 모양이군요.%b
759	map	1	37	/GC10.MAP@144096	まぁまぁ、\nそうこわい顔しないで。%b%h	자자,\n무서운 얼굴 마세요.%b%h
760	map	1	95	/GC10.MAP@144166	今日はあなた方に、\nお世話になったお礼を言うために、\nわざわざこうして\n待っていたのですから。%b%h	오늘은 여러분께\n신세 진 것에 감사 인사를 하려고\n일부러 이렇게\n기다리고 있었으니까요.%b%h
761	map	1	70	/GC10.MAP@144294	・・・ええっと、そうですね・・・\nお礼を言うべきことは\n２つあります。%b	…어디 보자, 그렇군요…\n감사드릴 일은\n두 가지입니다.%b
762	map	1	64	/GC10.MAP@144397	１つめは、\n私の書いたシナリオ通りに\n話を進めてくださったこと。%b	첫째는\n제가 쓴 시나리오대로\n이야기를 진행해 주신 것.%b
763	map	1	78	/GC10.MAP@144494	ゲンユウサイも彼なりに、\n水晶をさがし出すことで\n力をかしてくれましたけどね。%b	겐유사이도 그 나름대로\n수정을 찾아내는 것으로\n힘을 빌려주긴 했지만요.%b
764	map	1	79	/GC10.MAP@144605	しかし最後の最後にきて、\n実体をすてカカルクランに来ることをこばみましてねぇ。%b	하지만 마지막의 마지막에 와서\n육체를 버리고 카칼클랜에 오는 것을 거부해서요.%b
765	map	1	77	/GC10.MAP@144717	そこをうまく、\nあなた方が引導をわたしてくださったとまぁ、そういうことです。%b	그걸 여러분이\n멋지게 저승으로 보내 주셨다, 뭐 그런 얘기입니다.%b
766	map	1	90	/GC10.MAP@144827	あなた方の\n実に優秀なはたらきぶりに助けられ、ずいぶんと\n私も楽をすることができました。%b%h	여러분의\n참으로 우수한 활약 덕분에 저도\n꽤 편하게 지낼 수 있었습니다.%b%h
767	map	2	101	/GC10.MAP@144950	・・・もっとも、\n雲海の賢者まで\n引き込んでいたと知ったときには、\n正直もうダメかと思いましたがね。%b%h	…하긴\n운해의 현자까지\n끌어들였다는 걸 알았을 때는\n솔직히 이제 끝인가 싶었지만요.%b%h
768	map	2	64	/GC10.MAP@145084	まぁ、\nうまく身をひいたおかげで\nコト無きをえましたが・・・。%b%h	뭐,\n잘 물러난 덕분에\n아무 일 없이 끝났지만….%b%h
769	map	1	103	/GC10.MAP@145181	さいわい、\nあなたが私と師の力を封じこめた\n『ガルマンオーブ』も、\n親切な彼らが取り返してくれました。%b%h	다행히\n당신이 저와 스승의 힘을 봉인한\n『갈만오브』도\n친절한 그들이 되찾아 주었습니다.%b%h
770	map	1	34	/GC10.MAP@145317	これが２つめのお礼です・・・。%b%h	이게 두 번째 감사입니다….%b%h
771	map	1	64	/GC10.MAP@145384	・・・どうです？\n１０年前のあの時とは\n状況がちがうのですよ。%b%h	…어떻습니까?\n10년 전 그때와는\n상황이 다르답니다.%b%h
772	map	1	79	/GC10.MAP@145481	タバになってかかってきたところで、あなた方に勝ち目があるとは\n思えませんがね。%b	떼로 덤벼 봤자 여러분에게 승산이 있을 거라고는\n생각되지 않는군요.%b
773	map	1	37	/GC10.MAP@145592	ほっほっほっ、\n若造がほざきよる。%b%h	허허허,\n애송이가 까부는군.%b%h
774	map	1	49	/GC10.MAP@145661	勝ち目がないかどうか、\nためしてみるがよかろう。%b	승산이 없는지 어떤지\n시험해 보면 되겠지.%b
775	map	1	79	/GC10.MAP@145974	２つめは、\nこの『ガルマンオーブ』を\n取り返すのに、\n協力してくださったこと。%b%h	두 번째는\n이 『갈만오브』를\n되찾는 데\n협력해 주신 것.%b%h
776	map	1	99	/GC10.MAP@146086	・・・いやぁ、\nこの『ガルマンオーブ』には\n私と、師である大魔導士の力が\n封じ込められてましてね。%b%h	…아니,\n이 『갈만오브』에는\n저와 스승인 대마도사의 힘이\n봉인되어 있었거든요.%b%h
777	map	1	64	/GC10.MAP@146218	おかげで私は一足先に\n本来のすがたにもどることが\nできそうです。%b	덕분에 저는 한발 먼저\n본모습으로 돌아갈 수\n있을 것 같습니다.%b
778	map	1	37	/GC10.MAP@146321	おや、\nもどってこられたのですか？%b%h	어머,\n돌아오신 겁니까?%b%h
779	map	1	60	/GC10.MAP@146397	てっきり、\nあきらめてお帰りになったのかと\n思いましたよ。%b%h	저는 분명\n포기하고 돌아가신 줄\n알았는데요.%b%h
780	map	1	76	/GC10.MAP@146496	私もいそがしいのですが、\nせっかくですから\nもう少し遊んでいくとしましょう。%b	저도 바쁘지만\n모처럼이니\n조금 더 놀다 가도록 하죠.%b
781	map	1	37	/GC10.MAP@146604	まだだ！\nヤツをなんとかしなければ！%b	아직이야!\n놈을 어떻게든 해야 해!%b
782	map	1	24	/GC10.MAP@146673	にげてちゃダメだわ！%b%h	도망치면 안 돼!%b%h
783	map	1	63	/GC10.MAP@146729	あの人は・・・\nううん、\nあいつは%s10さんとは\n別人なんだから！%b	저 사람은…\n아니,\n저 녀석은 %s10 씨와\n다른 사람이니까!%b
784	map	1	47	/GC10.MAP@146824	いかんいかん、\nまだ勝負はついておらなんだな。%b	이런 이런,\n아직 승부가 나지 않았구먼.%b
785	map	1	36	/GC10.MAP@146903	先にヤツをなんとかせねば・・・。%b%h	먼저 놈을 어떻게든 해야….%b%h
786	map	1	37	/GC10.MAP@146971	扉を開けるのは、\nその後でよかろう。%b	문을 여는 건\n그 뒤라도 좋겠지.%b
787	map	1	71	/GC10.MAP@147040	まだ、アイツ生きてるよ。%b%hこのまま先に進んだって、\nしようがないよ。%b	아직 저 녀석 살아 있어.%b%h이대로 앞으로 가 봤자\n소용없어.%b
788	map	1	36	/GC10.MAP@147143	まだ、やり残してるコトがあるだろ！%b	아직 해야 할 일이 남았잖아!%b
789	map	1	34	/GC10.MAP@147211	まず、あいつをなんとかしなきゃ！%b	먼저 저 녀석을 어떻게든 해야 해!%b
790	map	1	53	/GC10.MAP@147278	あんのヤロー・・・。\nやっぱ、とんだ食わせモンだぜ！%b	저 자식…\n역시 엄청난 사기꾼이었어!%b
791	map	1	62	/GC10.MAP@147364	あたしゃあねぇ、\nあーゆーヤツは\n放っておけないタチなんだ。%b%h	난 말이야\n저런 녀석은\n그냥 못 넘어가는 성격이야.%b%h
792	map	1	41	/GC10.MAP@147459	きっちりと\nカタはつけさせてもらうよっ！%b	확실하게\n결판을 내 주겠어!%b
793	map	1	20	/GC10.MAP@147619	・・・なるほど。%b%h	…과연.%b%h
794	map	1	57	/GC10.MAP@147678	こうして見ると、あなた方も\nなかなかお強いようですね。%b%h	이렇게 보니 여러분도\n꽤 강하시군요.%b%h
795	map	1	57	/GC10.MAP@147774	せいぜい、その調子で\nゲンユウサイと遊んでいてください。%b	부디 그 기세로\n겐유사이와 놀고 계세요.%b
796	map	1	93	/GC10.MAP@147870	どのみち、\nここに来てしまったあなた方では\n私のやろうとしていることは\n止められませんからね。%b	어차피\n여기 와 버린 여러분은\n제가 하려는 일을\n막을 수 없으니까요.%b
797	map	1	70	/GC10.MAP@148002	私は、のこる師の力を解放するため\n向こうの世界へ\nもどるとしましょう。%b	저는 남은 스승의 힘을 해방하려고\n저쪽 세계로\n돌아가도록 하죠.%b
798	map	1	16	/GC10.MAP@148104	あっ、待て！%b%h	앗, 기다려!%b%h
799	map	1	70	/GC10.MAP@148152	・・・ちっ、\nあいつがゲンユウサイの\n５番目の幹部だったのか・・・！%b%h	…칫,\n저 녀석이 겐유사이의\n다섯 번째 간부였나…!%b%h
800	map	1	43	/GC10.MAP@148254	しかし、\n本当に死なない男だったとはな。%b%h	하지만\n정말로 죽지 않는 남자였다니.%b%h
801	map	1	59	/GC10.MAP@148329	いずれまた、近いうちに\nヤツとやり合うことになりそうだ。%b%h	머지않아 또\n그놈과 붙게 될 것 같군.%b%h
802	map	1	83	/GC10.MAP@148420	それに、%s10のヤツが\n敵だったってことは、\n１２人目の仲間って、\nもしかして・・・？%b	게다가 %s10 녀석이\n적이었다는 건\n12번째 동료가\n혹시…?%b
803	map	1	51	/GC10.MAP@148535	・・・なるほどな。\nとりあえず、一安心ってとこか。%b	…그렇군.\n일단은 한시름 놓았나.%b
804	map	1	42	/GC10.MAP@148618	あとは、%s0が\nどこへ行ったかだが・・・。%b	남은 건 %s0가\n어디 갔는지인데….%b
805	map	8	24	/GC10.MAP@148692	・・・・・・・・・。%b%h	………%b%h
806	map	1	44	/GC10.MAP@148748	ちくしょう、\n考えてたって\nしようがねぇか！%b	젠장,\n생각해 봤자\n소용없나!%b
807	map	1	54	/GC10.MAP@148824	オレは、\nオレが思うままに\nあばれまくってやるだけさ！%b	난\n내 마음 가는 대로\n날뛰어 줄 뿐이야!%b
808	map	1	27	/GC2B.MAP@33405	ん・・・！\nな、なんだ！？%b	응…!\n뭐, 뭐지!?%b
809	map	1	26	/GC2B.MAP@33474	これも母上が・・・！？%b%h	이것도 어머니가…!?%b%h
810	map	1	48	/GC2B.MAP@33532	・・・母上・・・\nどうか、\n私をお守りください。%b	…어머니…\n부디\n저를 지켜 주세요.%b
811	map	1	10	/GC2B.MAP@33622	母上！%b%h	어머니%b%h
812	map	1	37	/GC2B.MAP@33664	生きてらっしゃったんですね、\n母上！%b	살아 계셨군요,\n어머니!%b
813	map	4	28	/GC2B.MAP@33734	・・・・・・・・・・・・。%b	…………%b
814	map	1	24	/GC2B.MAP@33794	・・・母上・・・！？%b%h	…어머니…!?%b%h
815	map	1	46	/GC2B.MAP@33850	どうして、\nこたえてくれないんですか？\n母上！%b	왜\n대답해 주지 않으세요?\n어머니!%b
816	map	1	50	/GC2B.MAP@33981	・・・%s0・・・\nわたしの、かわいいぼうや・・・。%b	…%s0…\n나의 귀여운 아가….%b
817	map	1	47	/GC2B.MAP@34063	そうです、母上！\nあなたのむすこの\n%s0です！%b%h	그래요, 어머니!\n당신의 아들\n%s0예요!%b%h
818	map	1	39	/GC2B.MAP@34142	よかった・・・\nごぶじだったんですね。%b	다행이다…\n무사하셨군요.%b
819	map	1	46	/GC2B.MAP@34214	・・・%s0・・・\nかわいそうなぼうや・・・。%b%h	…%s0…\n가엾은 아가….%b%h
820	map	1	79	/GC2B.MAP@34293	聞かされていないの？\nここは、\n生きとし生ける者の\n来るべき所ではないと・・・。%b	못 들었니?\n여기는\n살아 있는 자가\n올 곳이 아니란다….%b
821	map	1	22	/GC2B.MAP@34404	・・・・・・母上？%b%h	……어머니?%b%h
822	map	1	39	/GC2B.MAP@34458	何をおっしゃってるんです、\n母上！？%b%h	무슨 말씀이세요,\n어머니!?%b%h
823	map	1	54	/GC2B.MAP@34529	現にこうして、\n母上はボクに\n会いに来てくれた・・・%b%h	이렇게\n어머니가 저를\n만나러 와 주셨는데…%b%h
824	map	1	53	/GC2B.MAP@34615	・・・もう２度と、\n会えないと思っていたのに・・・。%b	…다시는\n못 만날 줄 알았는데….%b
825	map	1	44	/GC2B.MAP@34701	・・・%s0・・・\nよわむしなぼうや・・・。%b%h	…%s0…\n겁 많은 아가….%b%h
826	map	1	39	/GC2B.MAP@34778	あなたは、\n何のためにここへ来たの？%b%h	너는\n무엇을 위해 여기 왔니?%b%h
827	map	1	93	/GC2B.MAP@34850	あなたは、\nゲンユウサイをたおし、\n世界に平和をもたらすために、\nここへ来たのではなかったの？%b	너는\n겐유사이를 쓰러뜨리고\n세상에 평화를 가져오려고\n여기 온 게 아니었니?%b
828	map	2	20	/GC2B.MAP@34975	・・・母上・・・。%b	…어머니….%b
829	map	1	57	/GC2B.MAP@35028	・・・%s0・・・\nりっぱにそだった、\n私のぼうや・・・。%b%h	…%s0…\n훌륭하게 자란\n나의 아가….%b%h
830	map	1	70	/GC2B.MAP@35118	いまの私にできるのは、\nあなたに、\nこの剣をたくすことぐらい・・・。%b%h	지금 내가 할 수 있는 건\n너에게\n이 검을 맡기는 것뿐….%b%h
831	map	1	75	/GC2B.MAP@35221	あなたのお父上のこの剣で、\nあなたがしなければならないことを、やりなさい。%b	네 아버지의 이 검으로\n네가 해야 할 일을 하거라.%b
832	map	1	45	/GC2B.MAP@35328	・・・これが・・・\n・・・父上の剣・・・！？%b	…이게…\n…아버지의 검…!?%b
833	map	1	55	/GC2B.MAP@35406	・・・%s0・・・\n希望をもたらす、\n私のぼうや・・・。%b%h	…%s0…\n희망을 가져올\n나의 아가….%b%h
834	map	1	45	/GC2B.MAP@35494	お行きなさいな、\nあなたを待つ仲間の所へ。%b%h	가거라,\n너를 기다리는 동료에게.%b%h
835	map	1	33	/GC2B.MAP@35572	そして、\n世界に平和の光を・・・%b	그리고\n세상에 평화의 빛을…%b
836	map	1	18	/GC2B.MAP@35637	・・・母上！？%b%h	…어머니!?%b%h
837	map	1	22	/GC2B.MAP@35687	・・・母上・・・！！%b	…어머니…!!%b
838	map	1	22	/GC2B.MAP@35796	・・・母上・・・。%b%h	…어머니….%b%h
839	map	1	36	/GC2B.MAP@35850	ボクを呼んでるみたいだけど・・・？%b	날 부르는 것 같은데…?%b
840	map	1	25	/GC2B.MAP@35973	母上！\n待ってください！%b	어머니!\n기다려 주세요!%b
841	map	1	35	/GC2B.MAP@36085	母上！\nボクの話を聞いてください！%b	어머니!\n제 말을 들어 주세요!%b
842	map	1	52	/GC2B.MAP@36207	母上！\nボクをどこへ連れて行こうと\nいうんですか！？%b	어머니!\n저를 어디로 데려가시려는\n거예요!?%b
843	map	1	37	/GC2B.MAP@36361	・・・ここは・・・！？\nあっ、母上！%b	…여긴…!?\n앗, 어머니!%b
844	map	1	27	/GC2B.MAP@36485	母上！\n待ってください！%b%h	어머니!\n기다려 주세요!%b%h
845	map	1	41	/GC2B.MAP@36544	どうして\n口をきいてくれないんです！？%b%h	어째서\n말을 안 해 주시는 거예요!?%b%h
846	map	1	22	/GC2B.MAP@36617	ボクです、\n%s0です！%b	저예요,\n%s0예요!%b
847	map	1	56	/GC2B.MAP@36726	・・・ダメだ、\nボクの声が\n聞こえていないんだろうか？%b%h	…안 돼,\n내 목소리가\n안 들리시는 걸까?%b%h
848	map	1	76	/GC2B.MAP@36814	・・・こうなったら、\n母上のすぐそばまで近よって、\n直接話しかけるしかない！%b	…이렇게 된 이상\n어머니 바로 곁까지 다가가서\n직접 말을 거는 수밖에!%b
849	map	1	37	/GC2B.MAP@36922	・・・ん、んん・・・\nここは・・・%b%h	…으, 으음…\n여긴…%b%h
850	map	1	58	/GC2B.MAP@36991	どうやら、\nふりだしに\nもどされてしまったらしい・・・。%b%h	아무래도\n처음으로\n되돌려진 모양이야….%b%h
851	map	1	35	/GC2B.MAP@37081	・・・くそっ！\nあきらめるもんか！%b	…젠장!\n포기할까 보냐!%b
852	map	1	20	/GC30.MAP@24206	か、勝った・・・。%b	이, 이겼다….%b
853	map	1	31	/GC30.MAP@24258	安心するのは、\nまだ早いぜ。%b%h	안심하긴\n아직 일러.%b%h
854	map	1	33	/GC30.MAP@24321	かんじんのヤツが\nのこってる。%b%h	중요한 놈이\n남아 있어.%b%h
855	map	1	39	/GC30.MAP@24386	・・・それより、\nなにか聞こえないか？%b	…그보다\n뭔가 안 들려?%b
856	map	1	33	/GC30.MAP@24457	・・・ああ、\n聞こえる・・・。%b%h	…그래,\n들려….%b%h
857	map	1	43	/GC30.MAP@24522	足もとから、\nなにか伝わってきてるようだ。%b	발밑에서\n뭔가 전해져 오는 것 같아.%b
858	map	1	22	/GC30.MAP@24597	足もとから・・・？%b%h	발밑에서…?%b%h
859	map	1	49	/GC30.MAP@24651	こっ、これは・・・！\n地面が持ちあがってるんだ！%b	이, 이건…!\n땅이 솟아오르고 있어!%b
860	map	1	55	/GC30.MAP@24732	・・・ということは・・・\nこの城が飛んでいる・・・！？%b	…그렇다는 건…\n이 성이 날고 있어…!?%b
861	map	1	39	/GC30.MAP@24819	いったい、\nどこへ行くんだろう・・・？%b	대체\n어디로 가는 걸까…?%b
862	map	1	45	/GC30.MAP@24890	いよいよ、\n後もどりできなくなっちまったか。%b	드디어\n되돌아갈 수 없게 된 건가.%b
863	map	1	41	/GC30.MAP@24967	ちくしょう！\n手のこんだマネをしやがる！%b	젠장!\n공들인 짓을 하는군!%b
864	map	1	39	/GC30.MAP@25055	おのれぇぇぇっ、\nまたしてもぉぉぉっ！%b	이노오오옴,\n또다시이이!%b
865	map	39	35	/GC30.MAP@25095	%H%m1%V100［%m0ジュウザ%m1］%V0%m0\n	%H%m1%V100［%m0쥬자%m1］%V0%m0\n
866	map	1	22	/GC30.MAP@25131	・・・無念・・・っ！%b	…원통하도다…!%b
867	map	27	39	/GC30.MAP@25154	%H%m1%V100［%m0ベルザリオン%m1］%V0%m0\n	%H%m1%V100［%m0벨자리온%m1］%V0%m0\n
868	map	1	68	/GC30.MAP@25194	・・・くっ・・・！\n死してなお、\nハジをさらすコトになろうとはな。%b%h	…큭…!\n죽어서까지\n수치를 당하게 될 줄이야.%b%h
869	map	1	93	/GC30.MAP@25303	・・・結局・・・\nオレがやってきたことは、\nいたずらに自分を\n追い込んでいただけだった・・・。%b	…결국…\n내가 해 온 일은\n쓸데없이 나 자신을\n몰아붙였을 뿐이었다….%b
870	map	1	53	/GC30.MAP@25437	・・・強く生きろ・・・\n・・・ダイアンローゼ・・・！%b	…강하게 살아라…\n…다이안로제…!%b
871	map	1	47	/GC30.MAP@25531	ふがいない兄をゆるせ、\n我が最愛の妹よ・・・！%b	못난 오빠를 용서해라,\n사랑하는 내 동생아…!%b
872	map	1	48	/GC30.MAP@25611	に、兄さん！\nやっぱり\nあんたはあたしの・・・！%b	오, 오빠!\n역시\n당신은 나의…!%b
873	map	1	66	/GC30.MAP@25700	・・・これで・・・\n・・・オレも・・・\n・・・やっとねむれる・・・%b	…이것으로…\n…나도…\n…겨우 잠들 수 있겠군…%b
874	map	19	35	/GC30.MAP@25767	%H%m1%V100［%m0ラーギニ%m1］%V0%m0\n	%H%m1%V100［%m0라기니%m1］%V0%m0\n
875	map	1	43	/GC30.MAP@25803	わははははははっ！\n死ね死ね死ね死ねっ！%b%h	와하하하하하!\n죽어라 죽어라!%b%h
876	map	1	45	/GC30.MAP@25883	どいつもこいつも、\nみな死んでしまえぃっ！%b%h	너도 나도\n모두 죽어 버려라!%b%h
877	map	1	28	/GC30.MAP@25965	わはははは・・・はっ！？%b%h	와하하하…하!?%b%h
878	map	1	37	/GC30.MAP@26030	なんと、\n今度はわしが死ぬ番か！？%b%h	이런,\n이번엔 내가 죽을 차례냐!%b%h
879	map	1	22	/GC30.MAP@26104	・・・ぐわぁぁぁっ！%b	…크아아악!%b
880	map	1	68	/GC30.MAP@26167	・・・そうだな。\nいつまでもキサマらと\n遊んでいるわけにはいかん。%b%h	…그렇군.\n언제까지고 네놈들과\n놀고 있을 수는 없지.%b%h
881	map	1	54	/GC30.MAP@26276	このあたりを\nウロつかれていては、\n目ざわりなのでな。%b	이 근처를\n어슬렁거리면\n눈에 거슬리니까.%b
882	map	1	43	/GC30.MAP@26363	えっ・・・！？\n・・・ベルザリオン・・・？%b	엇…!?\n…벨자리온…?%b
883	map	1	57	/GC30.MAP@26502	・・・そ、そんな・・・\nその顔・・・どうしてっ・・・！？%b	…그, 그럴 수가…\n그 얼굴…어째서…!?%b
884	map	1	66	/GC30.MAP@26600	オレは、\nゲンユウサイ軍団の５幹部の１人、\n青狼のベルザリオンだ。%b	나는\n겐유사이 군단의 5간부 중 하나,\n청랑 벨자리온이다.%b
885	map	1	56	/GC30.MAP@26707	女。\nオレと決着をつけるために\nここまで来たのであろう。%b	여자.\n나와 결판을 내려고\n여기까지 온 것이겠지.%b
886	map	1	55	/GC30.MAP@26804	よけいな迷いは死をまねく。\n２度目の情けはないと思え。%b	망설임은 죽음을 부른다.\n두 번의 자비는 없다.%b
887	map	1	58	/GC30.MAP@26891	ベルザリオン・・・！\nあんたのその顔は、\nはじめて見るぜ。%b	벨자리온…!\n네 그 얼굴은\n처음 보는군.%b
888	map	1	48	/GC30.MAP@26981	なるほど、\nそれで『青狼』か。\nしゃれたもんだ！%b	과연,\n그래서 청랑인가.\n멋 부렸군!%b
889	map	1	33	/GC30.MAP@27133	%s12とかいう女の姿が\n見えんな。%b	%s12라는 여자가\n안 보이는군.%b
890	map	1	56	/GC30.MAP@27207	まぁ、よかろう。\nあえて、\n生きはじをさらすまでもない。%b	뭐, 좋다.\n굳이\n추태를 보일 필요도 없지.%b
891	map	1	35	/GC30.MAP@27295	やっぱり\nお前が%s12さんの・・・！%b	역시\n네가 %s12 씨의…!%b
892	map	1	33	/GC30.MAP@27367	そろそろ\n始めようではないか。%b%h	슬슬\n시작해 볼까.%b%h
893	map	1	37	/GC30.MAP@27437	先ほどから、\nウデがうずいておるわ。%b	아까부터\n팔이 근질거리는군.%b
894	map	1	47	/GC30.MAP@27507	ウーーーーーッ！\n（↑にらみつけているらしい）%b	우우우우우!\n（↑노려보고 있는 듯하다）%b
895	map	1	35	/GC30.MAP@27591	・・・ふん、\nいつぞやの大男か。%b%h	…흥,\n언젠가의 덩치인가.%b%h
896	map	1	57	/GC30.MAP@27663	その節は世話になったな。\nたっぷりと礼をしてくれようぞ。%b	그때는 신세가 많았지.\n듬뿍 답례를 해 주마.%b
897	map	2	64	/GC30.MAP@27753	ウホッ、ウホッ！\nウホホホホーーーッ！\n（↑おこっているらしい）%b	우홋, 우홋!\n우호호호호～!\n（↑화난 듯하다）%b
898	map	1	39	/GC30.MAP@27854	・・・これで\n役者はそろったようだな。%b	…이것으로\n배우가 다 모인 모양이군.%b
899	map	1	26	/GC30.MAP@27925	・・・ジュウザ様・・・%b%h	…쥬자 님…%b%h
900	map	1	64	/GC30.MAP@27983	・・・いや、\nにくむべきゲンユウサイにくみする者、\nジュウザ！%b%h	…아니,\n증오스러운 겐유사이에게 가담한 자,\n쥬자!%b%h
901	map	1	35	/GC30.MAP@28079	いまこそお前の命、\nもらいうける！%b	지금 네 목숨을\n받아 가겠다!%b
902	map	1	27	/GC30.MAP@28151	ほえたな。\n若造が・・・。%b	짖는구나.\n애송이가….%b
903	map	1	44	/GC30.MAP@28215	かつての師をこえられるか！？\n勝負だ、%s1！%b	옛 스승을 넘어설 수 있겠나!?\n승부다, %s1!%b
904	map	1	60	/GC30.MAP@28296	おーっほほほほっ、\nノラ犬どもが\nまた集まって来よったえ。%b%h	오～호호호호,\n들개들이\n또 모여들었구나.%b%h
905	map	1	43	/GC30.MAP@28393	その方ら、\nあきらめが悪いのではないかえ。%b	너희는\n포기를 모르는구나.%b
906	map	1	22	/GC30.MAP@28468	なに言ってやがる！%b%h	무슨 소리야!%b%h
907	map	1	39	/GC30.MAP@28522	しつけぇのは、\nテメェの方なんだよ！%b%h	끈질긴 건\n네 쪽이야!%b%h
908	map	1	66	/GC30.MAP@28593	たまりにたまったウップン、\nここですべて、\nはき出させてもらうぜ！%b	쌓이고 쌓인 울분을\n여기서 전부\n풀어 주겠어!%b
909	map	1	24	/GC30.MAP@28696	ここは・・・・・・！？%b	여긴……!?%b
910	map	1	28	/GC30.MAP@28791	%s1！\nそれに、みんな！？%b%h	%s1!\n그리고 다들!?%b%h
911	map	1	24	/GC30.MAP@28851	ここはいったい・・・？%b	여긴 대체…?%b
912	map	1	79	/GC30.MAP@28912	・・・われら４人をすべてたおせば、ゲンユウサイ様のもとへ\n行くことができる。%b%h	…우리 넷을 모두 쓰러뜨리면 겐유사이 님께\n갈 수 있다.%b%h
913	map	1	18	/GC30.MAP@29028	カクゴはよいな？%b	각오는 됐겠지?%b
914	map	1	42	/GC30.MAP@29078	あれ？\n５幹部なのに、\n４人しかいないよ？%b	어라?\n5간부인데\n넷밖에 없어?%b
915	map	1	24	/GC30.MAP@29152	いや、これでいいんだ。%b	아니, 이걸로 됐어.%b
916	map	1	35	/GC30.MAP@29208	戦いが終わった後で\n教えてやるよ。%b	싸움이 끝나면\n가르쳐 줄게.%b
917	map	1	66	/GC30.MAP@29280	え～いっ！\nいったい、いつまで\nしゃべくりまくっておるのだぁっ！%b%h	에잇!\n대체 언제까지\n떠들어 댈 셈이냐!%b%h
918	map	1	37	/GC30.MAP@29383	とっとと、\nかかってこんかぁぁぁっ！%b	냉큼\n덤비지 못할까!%b
919	map	1	24	/GC30.MAP@29452	言われるまでもねぇ！%b%h	말 안 해도 알아!%b%h
920	map	1	22	/GC30.MAP@29508	行くぞ、おされるな！%b	간다, 밀리지 마!%b
921	map	1	24	/GC70.MAP@46378	よう、ゲンユウサイ。%b%h	어이, 겐유사이.%b%h
922	map	1	41	/GC70.MAP@46434	よくにげ出さなかったな、\nほめてやるぜ。%b	용케 도망치지 않았군,\n칭찬해 주지.%b
923	map	1	60	/GC70.MAP@46507	ほっほっほっ、\nどれ、\nこの老いぼれがどこまでもつかのう。%b%h	허허허,\n어디,\n이 늙은이가 얼마나 버틸는지.%b%h
924	map	1	26	/GC70.MAP@46599	お手やわらかにたのむぞ。%b	살살 부탁하네.%b
925	map	1	22	/GC70.MAP@46657	もう、にがさねぇ！%b%h	이제 안 놓쳐!%b%h
926	map	1	75	/GC70.MAP@46711	国王や死んでいった仲間に、\nこれ以上はずかしいカッコは見せられないからな！%b	국왕과 죽어 간 동료들에게\n더 이상 부끄러운 꼴은 보일 수 없으니까!%b
927	map	1	58	/GC70.MAP@46819	・・・そう、\nお前の頭ンとこについてる、\nそのガイコツだ。%b	…그래,\n네 머리에 붙어 있는\n그 해골 말이야.%b
928	map	1	55	/GC70.MAP@46910	オレのメンツのためにも、\nそいつだけはもらっていくぜ。%b	내 체면을 위해서라도\n그것만은 받아 가겠어.%b
929	map	1	45	/GC70.MAP@46998	女だと思ってあまく見てたら、\nケガするよ！%b%h	여자라고 얕봤다간\n다칠 거야!%b%h
930	map	1	22	/GC70.MAP@47076	本気でかかってきな！%b	진심으로 덤벼!%b
931	map	1	41	/GC70.MAP@47227	ゲンユウサイ！\n今度こそ決着をつけるっ！%b	겐유사이!\n이번엔 꼭 결판을 내겠다!%b
932	map	1	26	/GC70.MAP@47300	ゲンユウサイ、かくごっ！%b	겐유사이, 각오해라!%b
933	map	1	52	/GC70.MAP@47358	ゲンユウサイ！\nかならず、\nお前をたおしてみせるわ！%b	겐유사이!\n반드시\n너를 쓰러뜨리겠어!%b
934	map	1	50	/GC70.MAP@47442	ぼっちゃまのため！\n王国のため！\nさしちがえても！%b	도련님을 위해!\n왕국을 위해!\n목숨을 걸고서라도!%b
935	map	1	55	/GC70.MAP@47524	こんな所で遊んでいるヒマはない。\n早々にケリをつける。%b	이런 데서 놀 틈은 없다.\n얼른 끝장을 내겠다.%b
936	map	1	50	/GC70.MAP@47611	あんた、おぼえてる？\n%s1にひどいコトしたよね。%b%h	너, 기억해?\n%s1한테 나쁜 짓 했지.%b%h
937	map	1	18	/GC70.MAP@47693	ゆるせないよっ！%b	용서 못 해!%b
938	map	69	39	/GC70.MAP@47712	%H%m1%V100［%m0ゲンユウサイ%m1］%V0%m0\n	%H%m1%V100［%m0겐유사이%m1］%V0%m0\n
939	map	1	24	/GC70.MAP@47752	ほざけ、ウジ虫ども！%b%h	지껄여라, 구더기들!%b%h
940	map	1	39	/GC70.MAP@47817	手間だ、\nまとめてかかってくるがよい！%b	귀찮다,\n한꺼번에 덤벼라!%b
941	map	1	24	/GC70.MAP@47897	見上げたものだ・・・。%b	대단하구나….%b
942	map	1	49	/GC70.MAP@47962	もはやわしのコトなど、\n眼中にないというワケか。%b	이제 나 따위는\n안중에도 없다는 건가.%b
943	map	1	49	/GC70.MAP@48052	・・・だが、どのみち\nキサマらはどこへも行けぬ。%b	…하지만 어차피\n네놈들은 어디로도 못 간다.%b
944	map	1	53	/GC70.MAP@48142	ともに世界の変わり行く様を\n見とどけようではないか。%b	세상이 변해 가는 모습을\n함께 지켜보자꾸나.%b
945	map	1	31	/GC70.MAP@48271	くそっ、\nじょうだんじゃねぇ！%b	젠장,\n농담하지 마!%b
946	map	1	58	/GC70.MAP@48334	このままじゃ、\nくずれてきたガレキに\n押しつぶされちまう！%b	이대로 있다간\n무너지는 잔해에\n깔려 죽겠어!%b
947	map	1	64	/GC70.MAP@48424	だけど、\n外に出るにしたって\nこの城は空を飛んでるんだし・・・。%b	하지만\n밖으로 나간다 해도\n이 성은 하늘을 날고 있는데….%b
948	map	1	56	/GC70.MAP@48520	せっかく\nゲンユウサイを倒したのに、\nこれじゃあ・・・！%b	모처럼\n겐유사이를 쓰러뜨렸는데\n이래서야…!%b
949	map	1	31	/GC70.MAP@48608	・・・いや、\nそうでもないぜ。%b	…아니,\n그렇지도 않아.%b
950	map	1	33	/GC70.MAP@48671	あれを見ろよ、\nこの城の中庭だ。%b	저걸 봐,\n이 성 안뜰이야.%b
951	map	1	52	/GC70.MAP@48736	なんだろう？\n敵の兵士が\nたくさん集まってる・・・。%b	뭘까?\n적의 병사가\n잔뜩 모여 있어….%b
952	map	1	29	/GC70.MAP@48820	ん！？\nあれは・・・水晶！？%b	응!?\n저건…수정!?%b
953	map	1	48	/GC70.MAP@48881	オレのカンだが、\nありゃあ、\n逃げ出す準備だぜ。%b	내 감이지만\n저건\n도망칠 준비야.%b
954	map	1	80	/GC70.MAP@48961	%s1の言うとおりかも。\nいまも敵の兵が何人か\n水晶に飛びこんだように\n見えたしね。%b	%s1 말대로일지도.\n방금도 적의 병사 몇이\n수정에 뛰어드는 걸로\n보였거든.%b
955	map	1	35	/GC70.MAP@49073	だとすると、\n行き先はたぶん・・・%b	그렇다면\n행선지는 아마…%b
956	map	1	45	/GC70.MAP@49140	・・・いや、まちがいなく\nリグロード大陸だ！%b	…아니, 틀림없이\n리그로드 대륙이야!%b
957	map	1	75	/GC70.MAP@49217	ああ。\nそしてそこに、\nゲンユウサイが言っていた\nヤローがいるにちがいない。%b	그래.\n그리고 거기에\n겐유사이가 말한\n녀석이 있는 게 틀림없어.%b
958	map	1	48	/GC70.MAP@49324	急がなきゃ！\nあいつらに先をこされたら\n大変だ！%b	서둘러야 해!\n놈들한테 선수를 뺏기면\n큰일이야!%b
959	map	1	59	/GC70.MAP@49423	・・・勝負あったようだな。\nわしの野望もここでついえる。%b%h	…승부가 난 모양이군.\n내 야망도 여기서 끝이로다.%b%h
960	map	1	36	/GC70.MAP@49523	・・・だが、キサマらはどうだ！？%b%h	…하지만 네놈들은 어떠냐!?%b%h
961	map	1	34	/GC70.MAP@49600	これで勝利をおさめたと言えるか？%b	이걸로 승리했다고 할 수 있느냐?%b
962	map	1	45	/GC70.MAP@49666	どういうコトだ！？\n見ぐるしいマネはやめろ！%b	무슨 소리야!?\n추한 짓은 그만둬!%b
963	map	1	32	/GC70.MAP@49752	何も気づいておらんようだな。%b%h	아무것도 모르는 모양이군.%b%h
964	map	1	61	/GC70.MAP@49825	・・・どうりで、何も考えずに\nノコノコやって来れたワケだ。%b%h	…어쩐지, 아무 생각 없이\n뻔뻔하게 올 수 있었군.%b%h
965	map	1	76	/GC70.MAP@49927	いまごろ向こうの世界では、\nヤツが思うままに\nあばれまわっているであろうな。%b	지금쯤 저쪽 세계에서는\n놈이 마음대로\n날뛰고 있을 테지.%b
966	map	1	12	/GC70.MAP@50035	ヤツ！？%b%h	놈!?%b%h
967	map	1	57	/GC70.MAP@50079	だれのコトを言っている！？\nまわりくどい言い方はやめろ！%b	누구 얘기를 하는 거야!?\n빙빙 돌려 말하지 마!%b
968	map	1	18	/GC70.MAP@50177	“カオス”だ。%b%h	“카오스”다.%b%h
969	map	1	64	/GC70.MAP@50236	“カオス”の元凶がいる。\nそやつが、\nすべてのはじまりなのだ。%b%h	“카오스” 원흉이 있다.\n그놈이\n모든 것의 시작이다.%b%h
970	map	1	62	/GC70.MAP@50341	・・・バカな話だ、\nわしも、\nいいようにおどらされておった。%b%h	…어리석은 이야기다,\n나도\n실컷 놀아나고 있었다.%b%h
971	map	1	37	/GC70.MAP@50444	いまさら悔いても、\nはじまらんがな。%b	이제 와서 후회해도\n소용없지만.%b
972	map	1	62	/GC70.MAP@50576	・・・そろそろ、\n幕をとじようではないか、\nとんだ茶番のな。%b%h	…슬슬\n막을 내리자꾸나,\n어처구니없는 촌극의.%b%h
973	map	1	68	/GC70.MAP@50679	キサマらもふくめ、\nみなヤツのてのひらの上で\nおどらされておった。%b%h	네놈들도 포함해\n모두 놈의 손바닥 위에서\n놀아나고 있었다.%b%h
974	map	1	47	/GC70.MAP@50788	ヤツの筋書きどおり、\n“カオス”はおこった。%b%h	놈의 각본대로\n“카오스”는 일어났다.%b%h
975	map	1	41	/GC70.MAP@50876	・・・それが、\nキサマらの旅の幕切れだ。%b	…그것이\n네놈들 여행의 끝이다.%b
976	map	1	58	/GC70.MAP@50949	お前が\nだれのコトを言っているのか、\nそれはわからない。%b%h	네가\n누구 얘기를 하는지\n그건 몰라.%b%h
977	map	1	68	/GC70.MAP@51039	・・・だけど、\nボクたちはこんな所で\n旅を終わらせるつもりはない。%b%h	…하지만\n우리는 이런 곳에서\n여행을 끝낼 생각은 없어.%b%h
978	map	1	66	/GC70.MAP@51139	ボクたちの旅の目的は、\nあくまでも\n世界に平和をもたらすコトだ。%b%h	우리 여행의 목적은\n어디까지나\n세상에 평화를 가져오는 거야.%b%h
979	map	1	78	/GC70.MAP@51237	それが果たせないなら、\nボクたちはいつまでも、\nどこまでも旅をつづけるだけだ！%b	그걸 이루지 못한다면\n우리는 언제까지나\n어디까지나 여행할 뿐이야!%b
980	map	1	64	/GC70.MAP@51347	そうよ！\nみんながいたから、\nここまでだって来れたんじゃない！%b%h	그래!\n다 같이 있었으니까\n여기까지 올 수 있었잖아!%b%h
981	map	1	23	/GC70.MAP@51443	勝てるわよ、\nきっと！%b	이길 거야,\n분명!%b
982	map	1	64	/GC70.MAP@51498	ぼっちゃま！\nじいも、ぼっちゃまとともに\n力のかぎり戦いますぞ！%b	도련님!\n할아범도 도련님과 함께\n힘닿는 한 싸우겠습니다!%b
983	map	1	31	/GC70.MAP@51648	がむばろーねー！\n%s0も%s1も！%b	힘내자～!\n%s0도 %s1도!%b
984	map	1	45	/GC70.MAP@51711	ここまで来たら、\nとことんやるしかねぇよな。%b	여기까지 왔으면\n끝까지 해 볼 수밖에 없지.%b
985	map	1	43	/GC70.MAP@51788	ほっほっほっ、\nわしも力をかしてやるわい。%b	허허허,\n나도 힘을 빌려주지.%b
986	map	1	32	/GC70.MAP@51863	オレたちの旅を終わらせようぜ！%b	우리 여행을 끝내자고!%b
987	map	1	48	/GC70.MAP@51928	王子も\nちったぁ言うように\nなったじゃねぇか。%b%h	왕자도\n제법 말할 줄\n알게 됐잖아.%b%h
988	map	1	49	/GC70.MAP@52009	幽玄の森では\nヒドイこと言っちまったな・・・。%b%h	유현의 숲에서는\n심한 말을 해 버렸지….%b%h
989	map	1	47	/GC70.MAP@52091	今回は王子のために、\nめいっぱい戦ってやるぜ。%b	이번엔 왕자를 위해\n힘껏 싸워 주지.%b
990	map	1	37	/GC70.MAP@52171	そうだよ、\nみんなの言うとおりだ。%b%h	그래,\n다들 말한 대로야.%b%h
991	map	1	49	/GC70.MAP@52241	最後まで気をぬかずに、\nがんばろうじゃないかい！%b	마지막까지 방심하지 말고\n힘내자고!%b
992	map	2	59	/GC70.MAP@52323	ウッホウッホウッホホッホーッ！\n（↑はげましているらしい）%b	우호우호우호호호!\n（↑격려하는 듯하다）%b
993	map	1	37	/GC70.MAP@52424	いまのは、\nいったい何だったんだ！？%b	방금 그건\n대체 뭐였지!?%b
994	map	1	61	/GC70.MAP@52493	・・・どうやらここが、\nオレたちが目ざしてた場所らしいぜ。%b%h	…아무래도 여기가\n우리가 노리던 곳인 것 같아.%b%h
995	map	1	16	/GC70.MAP@52586	・・・見ろよ。%b	…봐.%b
996	map	1	18	/GC70.MAP@52643	・・・来たか。%b%h	…왔느냐.%b%h
997	map	1	30	/GC70.MAP@52702	もはや、多くはかたるまい。%b%h	더는 말하지 않겠다.%b%h
998	map	1	53	/GC70.MAP@52773	わしに勝つ自信があるなら、\n上ってくるがよかろう。%b%h	나를 이길 자신이 있다면\n올라와 보거라.%b%h
999	map	1	59	/GC70.MAP@52867	・・・もっともキサマらには、\nここから出るすべはないがな。%b	…하긴 네놈들에겐\n여기서 나갈 방법이 없지만.%b
1000	map	1	49	/GC70.MAP@52958	勝つ自信なんて・・・\nそんなもの、あるもんか。%b%h	이길 자신 따위…\n그런 게 있을 리 없어.%b%h
1001	map	1	22	/GC70.MAP@53039	・・・だけど・・・%b%h	…하지만…%b%h
1002	map	1	49	/GC70.MAP@53093	母上がたくしてくれた\n父の剣があるかぎり・・・%b%h	어머니가 맡겨 주신\n아버지의 검이 있는 한…%b%h
1003	map	1	36	/GC70.MAP@53174	ともに戦う仲間がいるかぎり・・・%b%h	함께 싸울 동료가 있는 한…%b%h
1004	map	1	49	/GC70.MAP@53242	お前と戦わずして、\nにげ出すなんてできるもんか！%b	너와 싸우지도 않고\n도망칠 수 있을 리가 없어!%b
1005	map	1	29	/GC70.MAP@53323	だいじょうぶ、\n勝てるさ。%b%h	괜찮아,\n이길 수 있어.%b%h
1006	map	1	38	/GC70.MAP@53384	オレたちの力が合わされば・・・な。%b%h	우리 힘을 합치면…말이야.%b%h
1007	map	1	55	/GC70.MAP@53454	向こうの世界にのこったみんなも\n力を貸してくれるさ。%b%h	저쪽 세계에 남은 모두도\n힘을 빌려줄 거야.%b%h
1008	map	2	19	/GC70.MAP@53541	・・・%s1・・・！%b	…%s1…!%b
1009	map	1	22	/GC70.MAP@53592	みんな・・・・・・%b%h	다들……%b%h
1010	map	1	33	/GC70.MAP@53646	ありがとう！\nボクもがんばるよ！%b	고마워!\n나도 힘낼게!%b
1011	map	1	66	/GC80.MAP@110940	ちくしょう！\nなんでぇ、こんな門！\nオレがちょちょいと開けて・・・%b	젠장!\n뭐야, 이 문!\n내가 금방 열어서…%b
1012	map	1	29	/GC80.MAP@111039	ダメだ！\n時間がなさすぎる！%b	안 돼!\n시간이 너무 없어!%b
1013	map	1	39	/GC80.MAP@111101	ほかの出口をさがした方が\nよさそうだ。%b	다른 출구를 찾는 게\n좋겠어.%b
1014	map	1	41	/GC80.MAP@111173	そんな！\nもう後もどりなんてできないよ！%b	그럴 수가!\n이제 되돌아갈 수도 없어!%b
1015	map	1	45	/GC80.MAP@111247	なんとかして、\n外に出る方法をみつけないと！%b	어떻게든\n밖으로 나갈 길을 찾아야 해!%b
1016	map	1	49	/GC80.MAP@111325	・・・・・・・・・。\n（↑困りはてているらしい）%b	………\n（↑난감한 듯하다）%b
1017	map	1	39	/GC80.MAP@111387	　\n　\n　　　門は開きませんでした。%b%V0	　\n　\n　　　문이 열리지 않았다.%b%V0
1018	map	1	37	/GC80.MAP@111464	ダメだ！\nこの門は開かないっ・・・！%b	안 돼!\n이 문은 안 열려…!%b
1019	map	1	50	/GC80.MAP@111533	ほかに、\n出口となるところを\nさがさないと・・・。%b	다른\n출구가 될 곳을\n찾아야 해….%b
1020	map	1	41	/GC80.MAP@111615	ダメか！\n足場がくずれてきてるってのに！%b	안 되나!\n발판이 무너지고 있는데!%b
1021	map	1	35	/GC80.MAP@111688	ほかに、\n出口はあるのか・・・！？%b	다른\n출구는 있는 거야…!?%b
1022	map	1	54	/GC80.MAP@111755	そんな・・・！\nここだってもう、\nもちそうにないのに！%b	그럴 수가…!\n여기도 이제\n버틸 것 같지 않은데!%b
1023	map	1	31	/GC80.MAP@111841	ほかに、\n出口はないのかしら？%b	다른\n출구는 없을까?%b
1024	map	1	65	/GC80.MAP@111904	なんと！\nこのままでは、\nみな地の底に\nのみこまれてしまいますぞ！%b	이럴 수가!\n이대로는\n모두 땅속으로\n삼켜지고 맙니다!%b
1025	map	1	47	/GC80.MAP@112001	なんとかして\nこの外に出る方法はないものか！？%b	어떻게든\n밖으로 나갈 방법은 없는가!?%b
1026	map	1	36	/GC80.MAP@112128	ほかに出口をさがせということか！？%b	다른 출구를 찾으라는 건가!?%b
1027	map	1	31	/GC80.MAP@112196	え～っ！\nなんでなんでぇ～！？%b	에～엣!\n왜 왜～!?%b
1028	map	1	41	/GC80.MAP@112259	なんでもいいから、\nここから出してよ～！%b	뭐든 좋으니까\n여기서 꺼내 줘～!%b
1029	map	1	25	/GC80.MAP@112332	くそっ！\nなんてこった！%b	젠장!\n이럴 수가!%b
1030	map	1	62	/GC80.MAP@112389	オレが向こうがわへ回って\n門を開けようにも\n時間がなさすぎる！%b	내가 건너편으로 돌아가서\n문을 열려고 해도\n시간이 너무 없어!%b
1031	map	1	30	/GC80.MAP@112483	ほかに何か方法はないのか！？%b	다른 방법은 없는 거야!?%b
1032	map	1	35	/GC80.MAP@112545	ほっほっほっ、\nこれは困ったのう。%b	허허허,\n이거 곤란하구먼.%b
1033	map	1	72	/GC80.MAP@112612	じゃが、こういうときこそ\nおちついて、\nまわりをよく見てみるべきじゃな。%b	하지만 이럴 때일수록\n침착하게\n주위를 잘 살펴봐야지.%b
1034	map	1	31	/GC80.MAP@112716	くそっ！\nどうしろってんだ！？%b	젠장!\n어쩌라는 거야!?%b
1035	map	1	35	/GC80.MAP@112779	ほかに、\n出口はないのか・・・！？%b	다른\n출구는 없는 거야…!?%b
1036	map	2	20	/GC80.MAP@112847	また水晶か・・・。%b	또 수정인가….%b
1037	map	2	78	/GC80.MAP@112900	思えば、この旅で\nいろんな水晶を見てきたが、\nひとっつも金にはならなかったな。%b	생각해 보면 이번 여행에서\n여러 수정을 봤지만\n하나도 돈이 되진 않았군.%b
1038	map	2	60	/GC80.MAP@113066	・・・え～い、\n女々しいぞ、%s11！\nこんなもん、いらねーや！%b	…에잇,\n쩨쩨하다, %s11!\n이런 거 필요 없어!%b
1039	map	2	66	/GC80.MAP@113159	足場がもうほとんど\nなくなっちまってるよ。\nあぶない所だったねぇ。%b	발판이 거의\n없어져 버렸어.\n위험할 뻔했네.%b
1040	map	2	47	/GC80.MAP@113258	それじゃ、さっさと\n水晶に飛びこむとするかね！%b	그럼 얼른\n수정에 뛰어들어 볼까!%b
1041	map	2	42	/GC80.MAP@113419	よし、\nいちかばちか\n水晶に飛びこむんだ！%b	좋아,\n모 아니면 도다\n수정에 뛰어들자!%b
1042	map	2	33	/GC80.MAP@113493	なんとか\n間に合ったみたいだな。%b	어떻게든\n시간에 맞춘 것 같군.%b
1043	map	2	33	/GC80.MAP@113558	この水晶に\n飛びこめばいいのね？%b	이 수정에\n뛰어들면 되는 거지?%b
1044	map	2	53	/GC80.MAP@113623	この水晶に触れれば、\nリグロードへもどれるのですな。%b	이 수정을 만지면\n리그로드로 돌아갈 수 있군요.%b
1045	map	2	37	/GC80.MAP@113708	では、まずこのじいが\nまいりますぞ。%b	그럼 할아범이 먼저\n가겠습니다.%b
1046	map	2	35	/GC80.MAP@113777	この水晶に飛びこめば\nよいのだな。%b	이 수정에 뛰어들면\n되는 것이군.%b
1047	map	2	36	/GC80.MAP@113844	わーいわーい、\n%s6が一番のりーっ！%b	와～이 와～이,\n%s6가 일등～!%b
1048	map	2	35	/GC80.MAP@113912	んじゃ、\n水晶にさわっちゃおっと！%b	그럼\n수정을 만져 볼까나!%b
1049	map	2	39	/GC80.MAP@113979	・・・ぜぇぜぇ、\nこの水晶だな・・・。%b	…헉헉,\n이 수정이군….%b
1050	map	2	58	/GC80.MAP@114050	どこでもいいから、\nとっととべつの場所へ\n連れてってくれ！%b	어디든 좋으니까\n얼른 다른 곳으로\n데려가 줘!%b
1051	map	2	54	/GC80.MAP@114140	ほっほっほっ、\nこれでカカルクランも\n見おさめかのう。%b	허허허,\n이걸로 카칼클랜도\n마지막이려나.%b
1052	map	2	60	/GC80.MAP@114226	あとは、\nリグロード大陸で\n大シゴトが待っていそうじゃがな。%b	이제\n리그로드 대륙에서\n큰일이 기다리는 것 같지만.%b
1053	map	2	35	/GC80.MAP@114318	とっとと\n水晶に飛びこんじまうぜ！%b	얼른\n수정에 뛰어들자고!%b
1054	map	1	66	/GC80.MAP@115959	・・・ふぅ。\nどうにか城がくずれる前に、\n外に出られたみたいだね。%b	…휴.\n어떻게든 성이 무너지기 전\n밖으로 나온 모양이야.%b
1055	map	1	29	/GC80.MAP@116057	安心するのは、\nまだ早いぜ。%b	안심하긴\n아직 일러.%b
1056	map	1	46	/GC80.MAP@116118	うん。\nあの水晶まで、\n一気に走りぬけなきゃ！%b	응.\n저 수정까지\n단숨에 달려가야 해!%b
1057	map	1	47	/GC80.MAP@116196	敵との戦闘はなるべくさけて、\n水晶をめざそう！%b	적과의 전투는 되도록 피하고\n수정을 노리자!%b
1058	map	1	51	/GC80.MAP@116275	もたもたしてたら、\n足場がなくなってしまいそうだ！%b	꾸물거리다간\n발판이 없어져 버릴 것 같아!%b
1059	map	1	27	/GC80.MAP@116358	よっしゃ、\nいくぜぃっ！！%b	좋았어,\n간다!!%b
1060	map	3	21	/GWD2.MAP@165084	=j,襦ﾂ@ﾂD？ﾂ<ﾂ0`Ai a,	
1061	map	1	58	/GWD2.MAP@214073	あ、あねさん！\n島です！%b%h%H%m1%V100［%m0海賊%m1］%V0%m0\n	누, 누님!\n섬입니다!%b%h%H%m1%V100［%m0해적%m1］%V0%m0\n
1062	map	1	16	/GWD2.MAP@214132	島が見えやす！%b	섬이 보입니다!%b
1063	map	1	22	/GWD2.MAP@214183	こんなところに島！？%b	이런 곳에 섬이!?%b
1064	map	1	49	/GWD2.MAP@214240	いったい、どの辺まで\n流されたんだろうね・・・？%b	대체 어디까지\n떠내려온 걸까…?%b
1065	map	1	60	/GWD2.MAP@214322	あねさん、\nどうしやす！？%b%h%H%m1%V100［%m0海賊%m1］%V0%m0\n	누님,\n어쩝니까!?%b%h%H%m1%V100［%m0해적%m1］%V0%m0\n
1066	map	1	43	/GWD2.MAP@214383	船をよせるんなら、\n早目に手をうたねぇと！%b	배를 댈 거면\n빨리 손을 써야 합니다!%b
1067	map	1	39	/GWD2.MAP@214461	まよってるヒマは\nないってことかい。%b%h	망설일 틈은\n없다는 거군.%b%h
1068	map	1	74	/GWD2.MAP@214535	上等だ！\nあそこがとんでもない幽霊島か、\nそれとも黄金の眠る宝島か・・・%b%h	좋아!\n저기가 끔찍한 유령섬인지\n황금이 잠든 보물섬인지…%b%h
1069	map	1	45	/GWD2.MAP@214644	このあたしが、\n確かめてやろうじゃないかい！%b	이 몸이\n확인해 주겠어!%b
1070	map	1	49	/GWD2.MAP@214721	（どうでもいいけど、\n　お手やわらかにたのむぜ）%b	（아무래도 좋지만\n　살살 부탁한다고）%b
1071	map	1	24	/GWD2.MAP@214815	あぶない、あぶない。%b%h	위험해, 위험해.%b%h
1072	map	1	70	/GWD2.MAP@214874	町のヤツら、\nどっからあんなウデの立つのを\n見つけて来たんだろうねぇ。%b	마을 놈들, 어디서\n저런 솜씨 좋은 놈들을\n찾아왔을까.%b
1073	map	1	51	/GWD2.MAP@214976	（思いきって\n　とびうつったのはいいけど・・・）%b%h	（과감하게\n　뛰어 옮겨 탄 건 좋은데…）%b%h
1074	map	1	65	/GWD2.MAP@215059	（本当にだいじょうぶなのか？\n　見つかったら、どうするんだ！？）%b	（정말 괜찮은 거야?\n　들키면 어떡해!?）%b
1075	map	1	61	/GWD2.MAP@215156	（しようがねぇだろうが。\n　もう乗っちまったんだからよ！）%b%h	（어쩔 수 없잖아.\n　이미 타 버렸는데!）%b%h
1076	map	1	58	/GWD2.MAP@215249	（それに、\n　かくれろって言ったのは\n　お前だろうが！）%b%h	（게다가\n　숨으라고 한 건\n　너잖아!）%b%h
1077	map	1	70	/GWD2.MAP@215339	（せいぜい、あいつらに\n　見つかんないように\n　いのってるこったな）%b%h	（부디 저 녀석들한테\n　안 들키게\n　기도나 하라고）%b%h
1078	map	1	45	/GWD2.MAP@215441	（それより、\n　早いとこ陸地につかねぇかな）%b	（그보다\n　얼른 육지에 닿았으면）%b
1079	map	1	49	/GWD2.MAP@215518	（それまで\n　かくれているしかないのかなぁ？）%b%h	（그때까지\n　숨어 있는 수밖에 없나?）%b%h
1080	map	1	30	/GWD2.MAP@215599	（だいじょうぶかなぁ・・・）%b	（괜찮을까…）%b
1081	map	1	45	/GWD2.MAP@215662	あねさん、おおごとです！\nカジがききやせん！%b	누님, 큰일입니다!\n키가 안 먹힙니다!%b
1082	map	2	18	/GWD2.MAP@215742	なんだって！？%b%h	뭐라고!?%b%h
1083	map	1	60	/GWD2.MAP@215795	お前たち、\nまた、あたしのガルーダ号の整備を\nサボったね！？%b	너희들\n또 내 가루다호 정비를\n게을리했지!?%b
1084	map	1	68	/GWD2.MAP@215888	と、とんでもねぇです、\nあねさん！%b%h%H%m1%V100［%m0海賊%m1］%V0%m0\n	다, 당치도 않습니다,\n누님!%b%h%H%m1%V100［%m0해적%m1］%V0%m0\n
1085	map	1	64	/GWD2.MAP@215957	きっと・・・そう！\nさっきの陸モンが\nあばれやがったせいで・・・%b	분명…그래!\n아까 그 뭍사람이\n날뛴 탓에…%b
1086	map	1	41	/GWD2.MAP@216056	いいわけは\n後でたっぷり聞いてやるよ！%b%h	변명은\n나중에 실컷 들어 주지!%b%h
1087	map	1	45	/GWD2.MAP@216132	それより、\nさっさと手近な陸か島をさがしな！%b	그보다\n얼른 가까운 육지나 섬을 찾아!%b
1088	map	1	12	/GWD2.MAP@216210	合点です！%b	알겠습죠!%b
1089	map	1	53	/GWD2.MAP@216254	（な、なんか雲行きが\n　あやしくなってきやがったぜ）%b	（뭐, 뭔가 분위기가\n　수상해지기 시작했는데）%b
1090	map	1	44	/GWD2.MAP@216339	（%s1・・・\n　だいじょうぶかなぁ・・・？）%b	（%s1…\n　괜찮을까…?）%b
1091	map	1	32	/GWD2.MAP@216415	（ンなこと、オレが知るか！）%b%h	（그걸 내가 어떻게 알아!）%b%h
1092	map	1	58	/GWD2.MAP@216479	（それより、\n　どっかその辺に\n　しっかりつかまってろよ）%b	（그보다\n　어디 그 근처에\n　꽉 붙잡고 있어）%b
1093	map	1	66	/GWD2.MAP@216569	・・・しかし、こんなので\nその海賊とやらを\nおびき出せるもんかい？%b	…그런데 이런 걸로\n그 해적이란 놈을\n꾀어낼 수 있을까?%b
1094	map	1	68	/GWD2.MAP@216667	最近では、\n意図的にこの航路を使わないよう\nにしているらしいんだ。%b%h	요즘은\n일부러 이 항로를 안 쓰도록\n하고 있다나 봐.%b%h
1095	map	1	83	/GWD2.MAP@216767	だからこそ、\nめずらしいエサには\nすぐとびつくんじゃないか\n・・・って思うんだけど。%b	그러니까\n진귀한 미끼에는\n곧바로 달려들지 않을까\n…싶은데.%b
1096	map	1	45	/GWD2.MAP@216882	エサ・・・ねぇ。\nあまりいい感じはしねぇな。%b	미끼…라.\n별로 좋은 느낌은 안 들어.%b
1097	map	1	41	/GWD2.MAP@216959	町の人のためだから、\nしようがないよ。%b%h	마을 사람들 위해서니\n어쩔 수 없어.%b%h
1098	map	1	31	/GWD2.MAP@217032	・・・ん？\nあ、あれは・・・！%b	…응?\n저, 저건…!%b
1099	map	1	64	/GWD2.MAP@217105	また、あの島に行くのか。\n何か得るものでも\nあればいいんだがな。%b	또 그 섬에 가는 건가.\n뭔가 얻을 게\n있으면 좋겠는데.%b
1100	map	1	50	/GWD2.MAP@217202	ま、たまには\n船の旅ってのも\nいいんじゃないかい。%b	뭐, 가끔은\n배 여행도\n괜찮지 않겠어.%b
1101	map	1	60	/LB10.MAP@132334	しかし、\nそいつがどこにいるのか\nわかんないんじゃ・・・！？%b	하지만\n그놈이 어디 있는지\n모르면…!?%b
1102	map	1	47	/LB10.MAP@132426	だいいち、\n扉をとじたら、\n%s0たちはどうなる？%b	애초에\n문을 닫으면\n%s0네는 어떻게 돼?%b
1103	map	1	73	/LB10.MAP@132506	かりに\nあんたの言ってるコトが正しいとしてオレたちにそれができるのか！？%b	설령\n당신 말이 맞다 해도 우리가 그걸 할 수 있는 거야!?%b
1104	map	1	31	/LB10.MAP@132612	ダメだよ、\nぜったいダメだ！%b%h	안 돼,\n절대 안 돼!%b%h
1105	map	1	78	/LB10.MAP@132676	%s0や%s1だって、\nみんな、こっちへもどって来ようと\nしてるかも知んないだろ？%b%h	%s0도 %s1도\n다들 이쪽으로 돌아오려고\n하고 있을지도 모르잖아?%b%h
1106	map	1	41	/LB10.MAP@132787	なのに、\nその道をふさいじまうだなんて！%b	그런데\n그 길을 막아 버리다니!%b
1107	map	2	49	/LB10.MAP@132861	・・・・・・・・・。\n（↑とまどっているらしい）%b	………\n（↑당황한 듯하다）%b
1108	map	1	74	/LB10.MAP@132943	あなた方がどうお思いになろうと、\n世界を救う方法は\nこれしかありません。%b%h	여러분이 어떻게 생각하든\n세상을 구할 방법은\n이것뿐입니다.%b%h
1109	map	1	86	/LB10.MAP@133050	１０年前、\n『魔導戦役』と呼ばれる戦いで\n猛威をふるった大魔導士とその弟子がいました。%b	10년 전\n『마도 전쟁』이라 불린 싸움에서\n맹위를 떨친 대마도사와 그 제자가 있었습니다.%b
1110	map	1	37	/LB10.MAP@133169	その者たちこそが、\n諸悪のみなもと。%b	그들이야말로\n모든 악의 근원.%b
1111	map	1	85	/LB10.MAP@133239	そして、\nその者を打ち倒すことができるのは\nこの世界に残られた\nあなた方だけなのです。%b	그리고\n그자를 쓰러뜨릴 수 있는 건\n이 세계에 남으신\n여러분뿐입니다.%b
1112	map	1	49	/LB10.MAP@133357	これからみなさんを、\nその者の所に案内します。%b%h	이제 여러분을\n그자에게 안내하겠습니다.%b%h
1113	map	1	24	/LB10.MAP@133439	その後の決定は・・・%b%h	그 뒤의 결정은…%b%h
1114	map	1	45	/LB10.MAP@133496	あなた方に\nおまかせすることにしましょう。%b%h	여러분께\n맡기기로 하지요.%b%h
1115	map	1	28	/LB10.MAP@133574	・・・では、まいりますよ。%b	…그럼 가겠습니다.%b
1116	map	1	78	/LB10.MAP@133645	今日はあなた方にぜひとも、\nお伝えしなければならないコトが\nあって来ました。%b%h	오늘은 여러분께 꼭\n전해야 할 일이\n있어서 왔습니다.%b%h
1117	map	1	22	/LB10.MAP@133756	よく聞いてください。%b	잘 들어 주세요.%b
1118	map	1	95	/LB10.MAP@133811	・・・カカルクランへわたった\nあなた方のお仲間は、\nみごと私たちの期待に\nこたえてくれました。%b%h	…카칼클랜으로 건너간\n여러분의 동료는\n훌륭하게 우리의 기대에\n부응해 주었습니다.%b%h
1119	map	1	73	/LB10.MAP@133939	ですが、\n同時にそれは\n『カオス』を引き起こす\nきっかけでもあったのです。%b	하지만\n동시에 그것은\n『카오스』를 일으키는\n계기이기도 했습니다.%b
1120	map	1	70	/LB10.MAP@134045	『カオス』の力は、\nこの世界とカカルクランとを\n１つにしてしまいます。%b	『카오스』의 힘은\n이 세계와 카칼클랜을\n하나로 만들어 버립니다.%b
1121	map	1	84	/LB10.MAP@134148	それがどんなに恐ろしいことかは、\nあたりにあふれ返るモンスターで\nおわかりでしょう。%b	그것이 얼마나 무서운 일인지는\n곳곳에 넘쳐나는 몬스터를 보면\n아실 겁니다.%b
1122	map	1	70	/LB10.MAP@134265	このまま放っておけば、\n取り返しがつかないことに\nなってしまいます。%b%h	이대로 내버려 두면\n돌이킬 수 없는 일이\n되고 맙니다.%b%h
1123	map	1	109	/LB10.MAP@134368	そのためにも、今この世界で\n『カオス』を引き起こした者を倒し\n『扉』を完全にとじてしまわねば\nならないのです。%b	그러려면 지금 이 세계에서\n『카오스』를 부른 자를 쓰러뜨려\n『문』을 완전히 닫아야만\n합니다.%b
1124	map	1	30	/LB10.MAP@134509	『扉』をとじるって・・・！%b%h	『문』을 닫다니…!%b%h
1125	map	1	53	/LB10.MAP@134571	そんなコトしたら、\n%s0たちは\nどうなっちゃうのよっ！%b	그런 짓을 하면\n%s0네는\n어떻게 되는 거야!%b
1126	map	1	24	/LB10.MAP@134656	『扉』をとじる・・・%b%h	『문』을 닫는다…%b%h
1127	map	1	71	/LB10.MAP@134712	それはすなわち、ぼっちゃまや\n%s1どのを見すてる、\nというコトですな？%b%h	그건 곧 도련님과\n%s1 님을 버린다는\n말씀이십니까?%b%h
1128	map	1	35	/LB10.MAP@134815	それを、\nわしらにやれ、と・・・。%b	그걸\n우리더러 하라고…%b
1129	map	1	43	/LB10.MAP@134882	・・・わかっていたコトだ。\nやむをえまい。%b	…예상했던 일이다.\n어쩔 수 없겠지.%b
1130	map	1	14	/LB10.MAP@134957	そんなー！%b%h	그런～!%b%h
1131	map	1	36	/LB10.MAP@135003	%s1はまだ、\n向こうにいるんだよ！？%b	%s1는 아직\n저쪽에 있단 말이야!?%b
1132	map	1	30	/LB10.MAP@135071	・・・なっとくいかねぇな。%b%h	…납득이 안 가는군.%b%h
1133	map	1	41	/LB10.MAP@135133	大将はまだ、\nもどって来てねぇんだぜ。%b%h	대장은 아직\n안 돌아왔다고.%b%h
1134	map	1	30	/LB10.MAP@135206	他になんか手はねぇのかよ！？%b	다른 방법은 없는 거야!?%b
1135	map	1	41	/LB10.MAP@135268	ほっほっほっ、\n困ったことになったのう。%b	허허허,\n곤란하게 되었구먼.%b
1136	map	1	49	/LB10.MAP@135342	ウホッウホッウホッ！\n（↑よろこんでいるらしい）%b	우홋우홋우홋!\n（↑기뻐하는 듯하다）%b
1137	map	1	37	/LB10.MAP@135424	あんた、\n幽玄の森で会った・・・！%b%h	당신,\n유현의 숲에서 만난…!%b%h
1138	map	1	47	/LB10.MAP@135494	どうしたんだい、\nこんなトコまでやって来て。%b%h	웬일이야,\n이런 데까지 오고.%b%h
1139	map	1	38	/LB10.MAP@135574	まさか・・・！\n%s0たちの身に何か！？%b	설마…!\n%s0네한테 무슨 일이!?%b
1140	map	1	20	/LB10.MAP@135645	よかった・・・。%b%h	다행이다….%b%h
1141	map	1	33	/LB10.MAP@135698	みなさん、\nごぶじのようですね。%b	여러분\n무사하신 것 같네요.%b
1142	map	1	41	/LB10.MAP@135763	あなたは、\n幽玄の森で出会った・・・！%b%h	당신은\n유현의 숲에서 만난…!%b%h
1143	map	1	22	/LB10.MAP@135836	どうしてここに！？%b%h	어떻게 여기에!?%b%h
1144	map	1	32	/LB10.MAP@135890	まさか、\n%s0たちに何か・・・！%b	설마\n%s0네한테 무슨…!%b
1145	map	1	46	/LB10.MAP@135954	なんと！\n幽玄の森で会った\n妖精ではないか！%b%h	이럴 수가!\n유현의 숲의\n요정 아닌가!%b%h
1146	map	1	26	/LB10.MAP@136032	なぜ、このような所に！？%b	어째서 이런 곳에!?%b
1147	map	1	37	/LB10.MAP@136090	あのときの妖精か。\n・・・何の用だ？%b	그때의 요정인가.\n…무슨 볼일이지?%b
1148	map	1	27	/LB10.MAP@136159	あっれ～？\nえっと・・・%b%h	어라～?\n그러니까…%b%h
1149	map	1	39	/LB10.MAP@136218	あんた、\nどっかで会わなかったっけ？%b%h	당신\n어디서 만나지 않았던가?%b%h
1150	map	1	28	/LB10.MAP@136289	あれぇ、どこだっけ・・・？%b	어라, 어디였더라…?%b
1151	map	1	30	/LB10.MAP@136349	お前は、あンときの・・・！%b%h	넌 그때의…!%b%h
1152	map	1	20	/LB10.MAP@136411	今度は何の用だ！？%b	이번엔 뭐야!?%b
1153	map	1	35	/LB10.MAP@136463	ほっほっほっ、\nまた会ったのう。%b%h	허허허,\n또 만났구먼.%b%h
1154	map	1	20	/LB10.MAP@136530	今度は何じゃな！？%b	이번엔 뭔가!?%b
1155	map	1	20	/LB10.MAP@136582	・・・ん、妖精？%b%h	…응, 요정?%b%h
1156	map	1	33	/LB10.MAP@136634	ああっ！\nもしかしてあン時の！？%b	앗!\n혹시 그때의!?%b
1157	map	1	35	/LB10.MAP@136700	おう、\nあン時の妖精じゃねぇか。%b%h	오,\n그때의 요정이잖아.%b%h
1158	map	1	47	/LB10.MAP@136768	その後どうだ？\n何かかわったコトでもあったか？%b	그 뒤로 어때?\n뭔가 달라진 일이라도 있었어?%b
1159	map	1	58	/LB10.MAP@136847	ちっくしょう・・・。\nいったい、\nどうなってやがんだ！？%b%h	젠장….\n대체\n어떻게 된 거야!?%b%h
1160	map	1	65	/LB10.MAP@136937	これだけの数のモンスターが\n１度にあばれはじめるなんて・・・。%b%h	이렇게 많은 몬스터가\n한꺼번에 날뛰기 시작하다니….%b%h
1161	map	1	45	/LB10.MAP@137034	おかげでさっきから、\n押されっぱなしだぜ！%b%h	덕분에 아까부터\n밀리기만 하잖아!%b%h
1162	map	1	57	/LB10.MAP@137111	また少し北へ後退して、\nそこで防衛網をはるしかないな。%b%h	조금 더 북쪽으로 물러나서\n거기서 방어망을 칠 수밖에.%b%h
1163	map	1	39	/LB10.MAP@137200	みんな、北へ向かえっ！\n後退するんだ！%b	다들 북쪽으로 가라!\n후퇴한다!%b
1164	map	1	62	/LB10.MAP@137271	ほっほっほっ、\nこれだけいると、\nさすがに始末におえんのう。%b%h	허허허,\n이만큼이나 있으니\n역시 감당이 안 되는구먼.%b%h
1165	map	1	61	/LB10.MAP@137365	・・・ここは、少しさがって\n防衛線をしくしかないじゃろう。%b%h	…여기선 조금 물러나서\n방어선을 치는 수밖에 없겠지.%b%h
1166	map	1	54	/LB10.MAP@137458	・・・ふむ。\nそうなると、\n北へ後退するしかないのう。%b	…흠.\n그렇다면\n북쪽으로 후퇴할 수밖에.%b
1167	map	1	37	/LB10.MAP@137544	何してやがんだ、\nウチの大将は！？%b%h	뭘 하는 거야,\n우리 대장은!?%b%h
1168	map	1	49	/LB10.MAP@137613	・・・それに、\nこのうざったいモンスターども！%b%h	…게다가\n이 성가신 몬스터 놈들!%b%h
1169	map	1	55	/LB10.MAP@137694	どっからわいてきやがったんだ、\nこんなにたくさん！？%b%h	어디서 솟아난 거야,\n이렇게 잔뜩!?%b%h
1170	map	1	58	/LB10.MAP@137781	・・・くそっ、\nここも限界だ！\n反対側まで後退するぜっ！%b%h	…젠장,\n여기도 한계야!\n반대쪽까지 후퇴한다!%b%h
1171	map	1	88	/LB10.MAP@137871	・・・しかし心細いな。\n回復アイテムを買っておいたのが\nせめてもの、すくいってところか。%b	…하지만 불안하군.\n회복 아이템을 사 둔 게\n그나마 다행이라면 다행인가.%b
1172	map	1	67	/LB10.MAP@137991	・・・だが、\nなんとかするしかねぇ！\nみんな、北だ！\n北へさがれっ！%b	…하지만\n어떻게든 해야 해!\n다들 북쪽이다!\n북쪽으로 물러나!%b
1173	map	1	65	/LB10.MAP@138095	何がどうなっているのかしら！？\n世界中がモンスターだらけだわ。%b%h	대체 어떻게 된 거지!?\n온 세상이 몬스터투성이야.%b%h
1174	map	1	45	/LB10.MAP@138192	私たちだけでは\nどうにもならないわ・・・。%b%h	우리만으로는\n어떻게도 할 수 없어….%b%h
1175	map	1	64	/LB10.MAP@138269	なんとか\n最北部あたりまで後退して、\n防衛線をはらないと・・・！%b	어떻게든\n최북단 쪽까지 후퇴해서\n방어선을 쳐야 해…!%b
1176	map	1	83	/LB10.MAP@138365	・・・・・・うん、\nこんなこともあるかと思って\nアイテムを買っておいて\nよかったわ。%b	……응,\n이런 일도 있을까 싶어서\n아이템을 사 두길\n잘했어.%b
1177	map	1	60	/LB10.MAP@138480	これだけアイテムがあれば、\nなんとか\nもちこたえられそうね。%b	이만큼 아이템이 있으면\n어떻게든\n버틸 수 있을 것 같아.%b
1178	map	1	38	/LB10.MAP@138572	ぼっちゃま・・・、\n%s1どの・・・。%b%h	도련님…,\n%s1 님….%b%h
1179	map	1	89	/LB10.MAP@138642	お二方が不在のいま、\nこのわしが何としても\nこのモンスターの大軍を\nくいとめねばならん。%b%h	두 분이 안 계신 지금\n이 몸이 어떻게든\n이 몬스터 대군을\n막아 내야 한다.%b%h
1180	map	1	92	/LB10.MAP@138763	そのためには、\nいったん北のはしまで戦線を後退させそこできゃつらを\n食い止めるしかあるまい！%b	그러기 위해서는\n일단 북쪽 끝까지 전선을 물리고 거기서 놈들을\n막는 수밖에 없다!%b
1181	map	1	93	/LB10.MAP@138887	・・・・・・さしあたっては、\n先ほど買いたしておいた\nこのアイテムで\nもちこたえねばならんな。%b	……당장은\n아까 사 둔\n이 아이템으로\n버텨야겠군.%b
1182	map	1	60	/LB10.MAP@139012	・・・ぼっちゃま・・・\nどうか、\nこのじいをお守りくだされ。%b	…도련님…\n부디\n이 할아범을 지켜 주십시오.%b
1183	map	1	24	/LB10.MAP@139104	・・・はじまったか。%b%h	…시작됐나.%b%h
1184	map	1	45	/LB10.MAP@139160	おそらく、\nあいつらももどってはこれまい。%b%h	아마\n그 녀석들도 돌아오지 못하겠지.%b%h
1185	map	1	32	/LB10.MAP@139237	何とか手をうたねばな・・・。%b%h	어떻게든 손을 써야겠군….%b%h
1186	map	1	62	/LB10.MAP@139301	やむをえまい。\n最北まで戦線を後退、\nそこでやつらを迎え討つ！%b	어쩔 수 없다.\n최북단까지 전선을 물려\n거기서 놈들을 맞는다!%b
1187	map	1	55	/LB10.MAP@139395	・・・町でアイテムを\n買っておいたのがさいわいしたな。%b	…마을에서 아이템을\n사 둔 게 다행이었군.%b
1188	map	1	58	/LB10.MAP@139482	回復系のアイテムが\nこれだけあれば、\nなんとかなるだろう。%b	회복 아이템이\n이만큼 있으면\n어떻게든 되겠지.%b
1189	map	1	22	/LB10.MAP@139572	%s1、\nおそいねー。%b%h	%s1,\n늦네～.%b%h
1190	map	1	60	/LB10.MAP@139626	それに、\n世界中、モンスターだらけって\nカンジだし・・・。%b%h	게다가\n온 세상이 몬스터투성이\n같은 느낌이고….%b%h
1191	map	1	43	/LB10.MAP@139718	ここも\n長くはもちこたえられないみたい。%b%h	여기도\n오래 못 버틸 것 같아.%b%h
1192	map	1	41	/LB10.MAP@139793	早いとこ、\nいちばん上までさがろーよ！%b%h	얼른\n제일 위까지 물러나자～!%b%h
1193	map	1	81	/LB10.MAP@139866	回復アイテムなら\nいっぱい買っておいたから、\nすこしの間くらい、\nなんとかなるよ！%b	회복 아이템이라면\n잔뜩 사 뒀으니까\n잠깐 정도는\n어떻게든 될 거야!%b
1194	map	103	37	/LB20.MAP@130667	%H%m1%V100［%m0ロクセリオ%m1］%V0%m0\n	%H%m1%V100［%m0로크세리오%m1］%V0%m0\n
1195	map	1	26	/LB20.MAP@130705	くはははははははははっ！%b	크하하하하하하하하!%b
1196	map	1	45	/LB20.MAP@130770	私に服従の意をしめすなら、\nいまのうちだぞ！%b	나에게 복종할 거라면\n지금뿐이다!%b
1197	map	1	54	/LB20.MAP@130854	どうやら\nカカルクランの方も\nカタがついたようだしな。%b	아무래도\n카칼클랜 쪽도\n결판이 난 모양이니.%b
1198	map	1	54	/LB20.MAP@130947	じきに\nその水晶をとおって\n兵士たちがもどってこよう。%b	머지않아\n그 수정을 지나\n병사들이 돌아올 것이다.%b
1199	map	1	49	/LB20.MAP@131040	四方八方をかこまれては\nどうすることもできまい。%b	사방팔방이 포위되면\n어쩔 도리가 없겠지.%b
1200	map	1	68	/LB20.MAP@131128	せめてもの手向けに、\n真のすがたにもどって\nとどめをさしてくれよう！%b	마지막 선물로\n진짜 모습으로 돌아가\n숨통을 끊어 주마!%b
1201	map	1	62	/LB20.MAP@131235	見よ！\n我が弟子ラミューレが持ち帰った\n『ガルマンオーブ』だ！%b	보아라!\n내 제자 라뮤레가 가져온\n『갈만오브』다!%b
1202	map	1	82	/LB20.MAP@131538	我こそ、冥界の王・・・\n破壊をつかさどる神として、\n新しきこの世界に君臨するのだ！%b	내가 바로 명계의 왕…\n파괴를 관장하는 신으로서\n이 새로운 세계에 군림하리라!%b
1203	map	2	28	/LB20.MAP@131659	がはぁぁぁぁぁぁぁぁぁっ！%b	크아아아아아아아아악!%b
1204	map	1	43	/LB20.MAP@131736	ロクセリオ様の\nおっしゃるとおり・・・。%b%h	로크세리오 님\n말씀대로….%b%h
1205	map	1	28	/LB20.MAP@131818	みなさん、はじめまして。%b%h	여러분, 처음 뵙겠습니다.%b%h
1206	map	1	59	/LB20.MAP@131885	私はロクセリオ様の懐刀、\n不死のラミューレにございます。%b%h	저는 로크세리오 님의 심복,\n불사의 라뮤레라고 합니다.%b%h
1207	map	1	93	/LB20.MAP@131983	・・・もっとも少し前までは、\nゲンユウサイの５幹部に\n数えられていたことも\nありましたがね。%b%h	…하긴 조금 전까지는\n겐유사이의 5간부로\n꼽히기도 했습니다만.%b%h
1208	map	1	94	/LB20.MAP@132115	・・・なんにしましても、\nロクセリオ様の大願のためには、\nあなた方はジャマな存在なのですよ。%b%h	…어쨌든\n로크세리오 님의 대망을 위해서는\n여러분은 방해되는 존재랍니다.%b%h
1209	map	1	39	/LB20.MAP@132248	おとなしく\n消えていただきましょうか。%b	얌전히\n사라져 주시겠습니까?%b
1210	map	1	26	/LB20.MAP@132319	そんなっ・・・・・・！%b%h	그럴 수가……!%b%h
1211	map	1	27	/LB20.MAP@132377	まさか、\nあなたが・・・！%b	설마\n당신이…!%b
1212	map	1	47	/LB20.MAP@132436	なんということだ！\nわしは夢を見ておるのか！？%b	이럴 수가!\n내가 꿈을 꾸고 있는 건가!?%b
1213	map	1	22	/LB20.MAP@132569	・・・・・・あれ？%b%h	……어라?%b%h
1214	map	1	48	/LB20.MAP@132623	ねぇ、みんなぁ、\nあの人、\nどっかで見なかった？%b	저기, 다들～,\n저 사람\n어디서 보지 않았어?%b
1215	map	1	48	/LB20.MAP@132703	あいつ・・・。\nたしか、\nどっかで出てきたよな。%b	저 녀석….\n분명\n어디선가 나왔었지.%b
1216	map	1	29	/LB20.MAP@132783	ほっほっほっ、\nお前さんか。%b	허허허,\n자네였나.%b
1217	map	1	26	/LB20.MAP@132844	・・・なんだなんだ！？%b%h	…뭐야 뭐야!?%b%h
1218	map	1	58	/LB20.MAP@132902	あいつ、\nクィーンズランドの城にいた\nヤツじゃねぇのか！？%b	저 녀석\n퀸즈랜드 성에 있던\n놈 아냐!?%b
1219	map	1	35	/LB20.MAP@132993	お前・・・\nたしかどっかで・・・。%b	너…\n분명 어디선가….%b
1220	map	1	26	/LB20.MAP@133061	・・・こいつが・・・！？%b	…이 녀석이…!?%b
1221	map	1	38	/LB20.MAP@133208	・・・仲間を残しておったとは・・・%b%h	…동료를 남겨 두었을 줄이야…%b%h
1222	map	1	55	/LB20.MAP@133285	あの泣き虫王子にしては、\n知恵をはたらかせたものよ。%b%h	그 울보 왕자치고는\n머리를 잘 썼구나.%b%h
1223	map	1	60	/LB20.MAP@133379	だが、しょせん\n私の前では単なる雑兵・・・\n敵ではないわ。%b%h	하지만 어차피\n내 앞에선 한낱 잡병…\n적수가 못 된다.%b%h
1224	map	1	20	/LB20.MAP@133478	のう、ラミューレ？%b	그렇지, 라뮤레?%b
1225	map	1	49	/LB20.MAP@133591	どいつもこいつも、\n私のジャマばかりしおって！%b%h	너도 나도\n내 방해만 하는구나!%b%h
1226	map	1	37	/LB20.MAP@133679	なぜ、\nだれも私の力をみとめん！？%b%h	어째서\n아무도 날 인정 안 하나!?%b%h
1227	map	1	49	/LB20.MAP@133755	私がこの偉業を成さねば、\n世界はかわらんのだ！%b%h	내가 이 위업을 못 이루면\n세상은 안 바뀐다!%b%h
1228	map	1	38	/LB20.MAP@133843	世界は私の力を必要としておるのだ！%b%h	세상은 내 힘을 필요로 하고 있다!%b%h
1229	map	1	60	/LB20.MAP@133920	・・・・・・もうよい！\nすでに、\n私は力を手に入れたのだ！%b%h	……이제 됐다!\n이미\n나는 힘을 손에 넣었다!%b%h
1230	map	1	49	/LB20.MAP@134019	ジャマな者はすべて、\nこの力で消しさってくれる！%b	방해되는 자는 모두\n이 힘으로 없애 주마!%b
1231	map	1	26	/LB20.MAP@134100	くるってやがる・・・。%b%h	미쳤군….%b%h
1232	map	1	41	/LB20.MAP@134158	こんな自分勝手なヤツ、\nはじめてだぜ。%b%h	이렇게 제멋대로인 놈은\n처음 보는군.%b%h
1233	map	1	59	/LB20.MAP@134231	%s0、\nとっとと終わりにしようぜ、\nこんなバカげた戦いは。%b%h	%s0,\n얼른 끝내자고,\n이런 어처구니없는 싸움은.%b%h
1234	map	1	21	/LB20.MAP@134322	・・・おい、%s0！？%b	…이봐, %s0!?%b
1235	map	1	68	/LB20.MAP@134375	・・・父上が・・・\n・・・生きている・・・\n・・・ほんとうに・・・？%b	…아버지가…\n…살아 계셔…\n…정말로…?%b
1236	map	1	39	/LB20.MAP@134482	私に従わぬ者は、\n消えうせてしまえ！%b%h	날 안 따르는 자는\n사라져라!%b%h
1237	map	1	20	/LB20.MAP@134637	ほう・・・・・・。%b	호오……%b
1238	map	1	26	/LB20.MAP@134689	・・・ロクセリオ・・・%b%h	…로크세리오…%b%h
1239	map	1	33	/LB20.MAP@134747	まさか、\nお前だったとは・・・！%b	설마\n너였을 줄이야…!%b
1240	map	1	41	/LB20.MAP@134812	見ろよ、\nラミューレのヤツまでいやがる！%b	봐,\n라뮤레 녀석까지 있어!%b
1241	map	1	26	/LB20.MAP@134892	またお会いしましたね。%b%h	또 뵙는군요.%b%h
1242	map	1	62	/LB20.MAP@134957	その様子では、\nぶじゲンユウサイを\nたおしてきたようですね。%b%h	그 모습을 보니\n무사히 겐유사이를\n쓰러뜨린 모양이군요.%b%h
1243	map	1	37	/LB20.MAP@135058	まずは、\nほめてさしあげましょう。%b%h	우선\n칭찬해 드리지요.%b%h
1244	map	1	55	/LB20.MAP@135134	・・・おやおや、\n王子はそれどころではありませんか。%b%h	…이런 이런,\n왕자님은 그럴 처지가 아니신가요.%b%h
1245	map	1	45	/LB20.MAP@135228	どうしました、\n肩がふるえているようですが？%b	왜 그러세요,\n어깨가 떨리는 것 같은데요?%b
1246	map	1	39	/LB20.MAP@135312	くくくっ、\nくやしそうですな、王子。%b%h	크크크,\n분하신가 보군요, 왕자.%b%h
1247	map	2	85	/LB20.MAP@135390	・・・もっとも、\nクィーンズランドの国など、\nとうのむかしに\nなくなっておりますがな。%b	…하긴\n퀸즈랜드라는 나라는\n진작에\n사라져 버렸지만.%b
1248	map	1	20	/LB20.MAP@135507	おのれっ・・・！%b%h	이놈…!%b%h
1249	map	1	58	/LB20.MAP@135559	母上・・・、\nいや、女王に\n目をかけてもらっておきながら！%b	어머니…,\n아니, 여왕에게\n총애를 받아 놓고서!%b
1250	map	1	39	/LB20.MAP@135656	・・・さぁて、\nなんのことですかな。%b%h	…글쎄요,\n무슨 말씀이신지.%b%h
1251	map	1	64	/LB20.MAP@135734	はっきり言いまして、\n女王には\nまったく人を見る目がなかった。%b%h	분명히 말하자면\n여왕에게는\n사람 보는 눈이 전혀 없었지요.%b%h
1252	map	1	84	/LB20.MAP@135837	王子はご存じないでしょうが、\nじっさいに国を動かしていたのは、\nこの私の力ですよ。%b%h	왕자는 모르시겠지만\n실제로 나라를 움직인 건\n바로 제 힘이었지요.%b%h
1253	map	2	66	/LB20.MAP@135960	・・・なのに、\n女王はまったく私の話を\n受け入れようとしなかった！%b	…그런데\n여왕은 제 말을 전혀\n받아들이려 하지 않았다!%b
1254	map	2	51	/LB20.MAP@136058	・・・おおかた、\nロクでもない話だったんだろうよ！%b	…보나 마나\n시답잖은 얘기였겠지!%b
1255	map	1	43	/LB20.MAP@136148	だまれ！\nヨソ者のキサマに何がわかる！？%b%h	닥쳐라!\n외지인인 네놈이 뭘 알아!?%b%h
1256	map	1	45	/LB20.MAP@136230	・・・そうだ・・・\n・・・キサマらだ・・・%b%h	…그렇다…\n…네놈들이다…%b%h
1257	map	2	49	/LB20.MAP@136314	キサマらのボスの\nゲンユウサイが無能すぎたのだ！%b	네놈들 두목인\n겐유사이가 너무 무능했던 거다!%b
1258	map	2	28	/LB20.MAP@136395	・・・なんだとぉ・・・！！%b	…뭐라고…!!%b
1259	map	1	14	/LB20.MAP@136462	そうとも！%b%h	그렇다!%b%h
1260	map	1	87	/LB20.MAP@136515	あのイナカ者のゲンユウサイめが\n私の足をひっぱらねば、コトはすべてうまくいったのだ！%b%h	그 촌뜨기 겐유사이 놈이\n내 발목만 잡지 않았다면 모든 일이 잘 풀렸을 것을!%b%h
1261	map	1	37	/LB20.MAP@136641	それに・・・\nそれに・・・・・・！%b%h	게다가…\n게다가……!%b%h
1262	map	1	41	/LB20.MAP@136717	そうだ、王子！\nキサマの父親もそうだ！%b%h	그래, 왕자!\n네 아비도 마찬가지다!%b%h
1263	map	1	91	/LB20.MAP@136797	何かに利用できることもあろうかと、生きのびさせてやったものを、\nとちゅうでにげ出しおって！%b	뭔가 쓸모가 있을까 싶어 살려 두었더니\n도중에 도망치다니!%b
1264	map	1	49	/LB20.MAP@136970	じゃあ、父上は・・・\n・・・生きている・・・！？%b	그럼 아버지는…\n…살아 계셔…!?%b
1265	map	1	24	/LB2B.MAP@130608	そ、そんなバカなっ！%b%h	그, 그럴 리가!%b%h
1266	map	1	48	/LB2B.MAP@130671	私は・・・\n私こそが、\n真の冥王たりえるのだ！%b%h	나는…\n나야말로\n진정한 명왕이 될 자다!%b%h
1267	map	1	70	/LB2B.MAP@130758	私でなければ、\nだれがこの偉業を\n受けつぐことができるというのだ！？%b%h	내가 아니라면\n누가 이 위업을\n이을 수 있단 말이냐!?%b%h
1268	map	1	37	/LB2B.MAP@130867	私が・・・\n私がやらねばっ・・・！！%b	내가…\n내가 해야만…!!%b
1269	map	1	51	/LB2B.MAP@130943	・・・そ、そんなっ・・・！\n・・・ロクセリオ様っ！%b	…그, 그럴 수가…!\n…로크세리오 님!%b
1270	map	1	76	/LB2B.MAP@131033	あなた様がいなくなったら、\n私はどうやって\nエネルギーを得ればよいのです！？%b	당신이 사라지면\n저는 어떻게\n에너지를 얻으란 말입니까!?%b
1271	map	1	64	/LB2B.MAP@131148	・・・うっ・・・\n・・・ううっ・・・\n・・・エネルギーが・・・！%b	…윽…\n…으윽…\n…에너지가…!%b
1272	map	3	41	/LB2B.MAP@131251	私のエネルギーが\n体外へと流れ出ていく！%b	내 에너지가\n몸 밖으로 흘러나간다!%b
1273	map	3	43	/LB2B.MAP@131331	そっ、そんな・・・\nぐぎゃぁぁぁぁぁっ！！%b	그, 그럴 수가…\n크아아아아악!!%b
1274	map	2	68	/LB2B.MAP@131423	まだ勝負はついていませんよ。\n私が不死だということを\nお忘れですか？%b	아직 승부는 안 났습니다.\n제가 불사라는 걸\n잊으셨나요?%b
1275	map	2	37	/LB2B.MAP@131530	・・・うっ・・・\n・・・ううっ・・・%b	…윽…\n…으윽…%b
1276	map	2	57	/LB2B.MAP@131606	・・・ど、どうしたことだ！？\n・・・エネルギーが・・・！%b	…어, 어찌 된 일이냐!?\n…에너지가…!%b
1277	map	1	29	/LB2B.MAP@131864	え～い、\nこの役立たずが！%b%h	에잇,\n이 쓸모없는 놈!%b%h
1278	map	1	48	/LB2B.MAP@131932	こうなったら、\n私ひとりで\nカタをつけてくれる！%b	이렇게 된 이상\n나 혼자서\n끝장을 내 주마!%b
1279	map	1	78	/LB2B.MAP@132453	ボクたちはこの水晶を使って、\nリグロード大陸に\nもどってくることができたんだ。%b	우리는 이 수정을 써서\n리그로드 대륙으로\n돌아올 수 있었어.%b
1280	map	1	89	/LB2B.MAP@132563	もう２度と、\nこんなものを必要としない\n平和な世界をつくるため、\nこの戦い、負けられない！%b	다시는\n이런 것이 필요 없는\n평화로운 세상을 위해\n이 싸움, 질 수 없어!%b
1281	map	1	67	/LB2B.MAP@132684	よせよ！\nヘタにさわって\nまた、どっかへ飛ばされたら\nたいへんだぜ！%b	그만둬!\n섣불리 만졌다가\n또 어딘가로 날아가면\n큰일이라고!%b
1282	map	1	62	/LB2B.MAP@132783	こんなもののために\n女王様をはじめ、\n多くの人々の命が・・・！%b	이런 것 때문에\n여왕님을 비롯해\n많은 사람의 목숨이…!%b
1283	map	1	14	/LB2B.MAP@132877	許せないわ！%b	용서 못 해!%b
1284	map	1	74	/LB2B.MAP@132923	この水晶もあやつも、\nなんとしてでも、\n地上から消し去らねばなりませんな。%b	이 수정도 저놈도\n무슨 일이 있어도\n지상에서 없애야겠군요.%b
1285	map	1	57	/LB2B.MAP@133029	あの男を倒さぬかぎり、\nこの水晶も消えることはなかろう。%b	저 사내를 쓰러뜨리지 않는 한\n이 수정도 사라지지 않겠지.%b
1286	map	1	55	/LB2B.MAP@133118	この水晶、気味わる～い！\nあんまし近づきたくないよぉ！%b	이 수정, 기분 나빠～!\n별로 가까이 가기 싫어～!%b
1287	map	1	33	/LB2B.MAP@133205	こんな水晶、\nどーでもいいぜっ！%b	이런 수정,\n아무래도 좋아!%b
1288	map	1	26	/LB2B.MAP@133270	とっととヤツを倒そうぜ！%b	얼른 놈을 쓰러뜨리자고!%b
1289	map	1	75	/LB2B.MAP@133328	ほっほっほっ、\nこういうものが必要となる\n世の中なんぞ、\n見たくはないのう。%b	허허허,\n이런 것이 필요한\n세상 따위\n보고 싶지 않구먼.%b
1290	map	1	39	/LB2B.MAP@133435	きっちりと、\nカタをつけておかねばの。%b	확실하게\n결판을 내야겠지.%b
1291	map	1	43	/LB2B.MAP@133506	水晶なんか\nかまってる場合じゃねぇだろ！？%b	수정 따위\n신경 쓸 때가 아니잖아!?%b
1292	map	1	78	/LB2B.MAP@133582	この水晶もやっぱ、\nもっていって金にするワケには\nいかねぇんだろーなぁ・・・。%b	이 수정도 역시\n가져가서 돈으로 바꿀 수는\n없는 거겠지….%b
1293	map	1	70	/LB2B.MAP@133693	もう水晶なんて、関係ないさ！\nあたしにだって、\n戦う目的ができたんだ！%b	이제 수정 따윈 상관없어!\n나에게도\n싸울 목적이 생겼으니까!%b
1294	map	1	54	/LB2B.MAP@133796	もう、\nヤケになってたあのころの\nあたしじゃない・・・%b	이제\n자포자기하던 그때의\n내가 아니야…%b
1295	map	1	37	/LB2B.MAP@133883	いまはただ、\n力のかぎり戦うだけさ！%b	지금은 그저\n힘닿는 데까지 싸울 뿐!%b
1296	map	1	47	/LB2B.MAP@133953	・・・・・・・・・。\n（↑おびえているらしい）%b	………\n（↑겁먹은 듯하다）%b
1297	map	1	65	/LB2B.MAP@134054	くくくっ、\nよく、おもどりになられましたな。\nさすがは、%s0王子。%b	크크크,\n잘 돌아오셨군요.\n역시 %s0 왕자.%b
1298	map	1	18	/LB2B.MAP@134275	おのれっ・・・！%b	이놈…!%b
1299	map	1	56	/LB2B.MAP@134325	母上・・・\nいや、女王に\n目をかけてもらっておきながら！%b	어머니…\n아니, 여왕에게\n총애를 받아 놓고서!%b
1300	map	1	37	/LB2B.MAP@134420	・・・さぁて、\nなんのことですかな。%b	…글쎄요,\n무슨 말씀이신지.%b
1301	map	1	62	/LB2B.MAP@134496	はっきり言いまして、\n女王には\nまったく人を見る目がなかった。%b	분명히 말하자면\n여왕에게는\n사람 보는 눈이 전혀 없었지요.%b
1302	map	1	82	/LB2B.MAP@134597	王子はご存じないでしょうが、\nじっさいに国を動かしていたのは、\nこの私の力ですよ。%b	왕자는 모르시겠지만\n실제로 나라를 움직인 건\n바로 제 힘이었지요.%b
1303	map	1	41	/LB2B.MAP@134906	だまれ！\nよそ者のキサマに何がわかる！？%b	닥쳐라!\n외지인인 네놈이 뭘 알아!?%b
1304	map	1	43	/LB2B.MAP@134986	・・・そうだ・・・\n・・・キサマらだ・・・%b	…그렇다…\n…네놈들이다…%b
1305	map	1	12	/LB2B.MAP@135216	そうとも！%b	그렇다!%b
1306	map	1	85	/LB2B.MAP@135267	あのイナカ者のゲンユウサイめが\n私の足をひっぱらねば、コトはすべてうまくいったのだ！%b	그 촌뜨기 겐유사이 놈이\n내 발목만 잡지 않았다면 모든 일이 잘 풀렸을 것을!%b
1307	map	1	60	/LB2B.MAP@135391	どいつもこいつも、\n私の理想の実現の\nジャマばかりしおって！%b	너도 나도\n내 이상의 실현을\n방해만 하는구나!%b
1308	map	1	35	/LB2B.MAP@135490	なぜ、\nだれも私の力をみとめん！？%b	어째서\n아무도 날 인정 안 하나!?%b
1309	map	1	47	/LB2B.MAP@135564	私がこの偉業を成さねば、\n世界はかわらんのだ！%b	내가 이 위업을 못 이루면\n세상은 안 바뀐다!%b
1310	map	1	36	/LB2B.MAP@135650	世界は私の力を必要としておるのだ！%b	세상은 내 힘을 필요로 한다!%b
1311	map	1	45	/LB2B.MAP@135718	・・・こんな自分勝手なヤツ、\nはじめてだぜ。%b	…이렇게 제멋대로인 놈은\n처음 보는군.%b
1312	map	1	57	/LB2B.MAP@135795	%s0、\nとっとと終わりにしようぜ、\nこんなバカげた戦いは。%b	%s0,\n얼른 끝내자고,\n이런 어처구니없는 싸움은.%b
1313	map	1	29	/LB2B.MAP@135884	うん！\nこれが最後の戦いだ。%b	응!\n마지막 싸움이다.%b
1314	map	3	18	/LB2B.MAP@135945	行くよ、みんな！%b	가자, 다들!%b
1315	map	1	61	/LB2C.MAP@128820	なっ、なんだとっ！\nなぜ、%s0王子が\n水晶から出てくるのだ！？%b	뭐, 뭐라고!\n어째서 %s0 왕자가\n수정에서 나오는 거냐!?%b
1316	map	1	68	/LB2C.MAP@128920	そんなバカなっ・・・！\nカカルクランの兵たちは\n何をしておるのだ！？%b	그럴 수가…!\n카칼클랜의 병사들은\n뭘 하고 있는 거냐!?%b
1317	map	1	41	/LB2C.MAP@129020	あれは・・・\nロクセリオ・・・なのか！？%b	저건…\n로크세리오…인가!?%b
1318	map	1	57	/LB2C.MAP@129093	ラミューレのヤツまでいやがるぜ！\nこいつはヤッカイだな。%b	라뮤레 녀석까지 있잖아!\n이거 성가시겠군.%b
1319	map	1	78	/LB2C.MAP@129182	せっかく約束どおり、\n向こうの世界のゲンユウサイを\n倒してきたってのに・・・。%b	모처럼 약속대로\n저쪽 세계의 겐유사이를\n쓰러뜨리고 왔는데….%b
1320	map	1	62	/LB2C.MAP@129292	どうやら、\nあいつらもまだ\nしこたま兵をためこんでるようだな。%b	아무래도\n저 녀석들도 아직\n병사를 잔뜩 모아 둔 것 같군.%b
1321	map	1	91	/LB2C.MAP@129386	じゃあ、ここは\nボクたちもふくめた全員の中から\n６人を選んで、\nあいつらと戦うことにしよう。%b	그럼 여기서는\n우리를 포함한 전원 중에서\n6명을 골라\n저 녀석들과 싸우기로 하자.%b
1322	map	1	62	/LB2C.MAP@129509	のこった６人は、\n辺りの警戒にあたってもらう。\nそれでいいね。%b	남은 6명은\n주변 경계를 맡아 줘.\n그러면 되겠지.%b
1323	map	3	43	/LB2C.MAP@129613	みんな、待たせてごめん！\nいまもどったよ！%b	다들 기다리게 해서 미안!\n지금 돌아왔어!%b
1324	map	1	19	/LB2C.MAP@129688	%s0・・・・・・！%b	%s0……!%b
1325	map	3	42	/LB2C.MAP@129739	ホントに%s0なのね？\nよかった・・・・・・%b	정말 %s0 맞지?\n다행이다……%b
1326	map	1	45	/LB2C.MAP@129813	おお、ぼっちゃま！\nよくぞ、ごぶじで・・・。%b	오오, 도련님!\n무사하셨군요….%b
1327	map	3	41	/LB2C.MAP@129890	じいは・・・\nじいは信じておりましたぞ！%b	할아범은…\n할아범은 믿고 있었습니다!%b
1328	map	1	28	/LB2C.MAP@129963	・・・ぶじだったか・・・！%b	…무사했구나…!%b
1329	map	1	22	/LB2C.MAP@130023	%s1！\nおっかえりぃ！%b	%s1!\n어서 와～!%b
1330	map	3	22	/LB2C.MAP@130077	・・・大将・・・！%b%h	…대장…!%b%h
1331	map	1	47	/LB2C.MAP@130131	べ、べつにもどって来なくても\nよかったけどよ。%b	벼, 별로 안 돌아와도\n상관없었지만.%b
1332	map	3	28	/LB2C.MAP@130210	へへっ、ちきしょう・・・。%b	헤헷, 젠장….%b
1333	map	1	37	/LB2C.MAP@130270	ほっほっほっ、\nようもどられたのう。%b	허허허,\n잘 돌아왔구먼.%b
1334	map	3	18	/LB2C.MAP@130339	いや、感心感心。%b	아니, 기특하군.%b
1335	map	1	51	/LB2C.MAP@130389	はははっ、ホントか、おい！\nもどって来やがったぜ！%b	하하핫, 진짜야, 이봐!\n돌아왔잖아!%b
1336	map	3	51	/LB2C.MAP@130472	ウソじゃねぇだろうな！？\n足はついてるか、おい！？%b	거짓말은 아니겠지!?\n다리는 달려 있냐, 이봐!?%b
1337	map	3	22	/LB2C.MAP@130556	待ってたぜ、みんな。%b	기다렸어, 다들.%b
1338	map	1	10	/LB2C.MAP@130611	みんな！%b	다들!%b
1339	map	3	43	/LB2C.MAP@130654	よくもどってきてくれたよ、\n本当に・・・！%b	잘 돌아와 줬어,\n정말로…!%b
1340	map	3	53	/LB2C.MAP@130730	ウッホウッホウッホッホ！\n（↑よろこんでいるらしい）%b	우호우호우호호!\n（↑기뻐하는 듯하다）%b
1341	map	1	25	/MDY9.MAP@155433	じゃあ、\nここでいいよ。%b	그럼\n여기서 헤어져.%b
1342	map	1	57	/MDY9.MAP@155491	・・・だいじょうぶだって、\nもう海賊からは足をあらうよ。%b	…괜찮다니까,\n이제 해적 일에서 손 씻을게.%b
1343	map	2	24	/MDY9.MAP@155580	%s12さん・・・・・・。%b	%s12 씨……%b
1344	map	1	57	/MDY9.MAP@155692	・・・ゲンユウサイの幹部に\nベルザリオンってのがいたろ？%b	…겐유사이의 간부 중에\n벨자리온이란 놈이 있었잖아?%b
1345	map	1	45	/MDY9.MAP@155782	あれ、実は\nあたしの兄貴だったみたいなんだ。%b	그 녀석, 실은\n내 오빠였던 것 같아.%b
1346	map	1	16	/MDY9.MAP@155859	・・・・・・！%b	……!%b
1347	map	1	68	/MDY9.MAP@155908	子どものころ、嵐で船が遭難\nして生き別れた兄妹。\nよくある話だろう。%b	어릴 때 폭풍으로 배가 조난\n해서 생이별한 남매.\n흔한 이야기지.%b
1348	map	1	79	/MDY9.MAP@156009	・・・これでも、\n海賊に拾われる前は、\n貴族の娘だったんだぜ。\n笑っちまうだろ？%b	…이래 봬도\n해적에게 거둬지기 전엔\n귀족의 딸이었다고.\n웃기지?%b
1349	map	1	40	/MDY9.MAP@156121	あの嵐で親や兄貴も死んだと思っていた。%b	그 폭풍에 부모도 오빠도 죽은 줄 알았어%b
1350	map	1	88	/MDY9.MAP@156194	拾って育ててくれた海賊のおやじの\nあとをついで海賊になって、\n全てを忘れたと思っていた。%b	날 거둬서 키워 준 해적 두목의\n뒤를 이어 해적이 되고\n다 잊었다고 생각했어.%b
1351	map	1	78	/MDY9.MAP@156315	・・・でも、なんでかな・・・\nサモサ島であいつと会ったとき、\nピンときたんだ。%b	…그런데 왜일까…\n사모사섬에서 그놈을 만났을 때\n딱 느낌이 왔어.%b
1352	map	1	72	/MDY9.MAP@156426	おかしな話さ。\nあのころとは、互いに\nすっかり変わっちまったってのにさ。%b	이상한 얘기지.\n그때와는 서로\n완전히 변해 버렸는데 말이야.%b
1353	map	1	73	/MDY9.MAP@156531	・・・ホントはあたしも、\n心のどこかで生きているのを信じていたのかもね。%b	…사실은 나도\n마음 한구석에서 살아 있다고 믿었던 걸지도.%b
1354	map	1	78	/MDY9.MAP@156693	ああ、もうやめやめ！\nこれでおわかれだってのに、\nつまんない話をしちまったね。%b	아아, 이제 그만 그만!\n이제 헤어지는 마당에\n시시한 얘기를 해 버렸네.%b
1355	map	1	101	/MDY9.MAP@156804	・・・そんなワケだから、\nあたしはもう一度じっくりと\n自分の人生ってものを\n見つめなおしてみたいのさ。%b	…그런 이유로\n나는 한 번 더 찬찬히\n내 인생이란 걸\n다시 돌아보고 싶어.%b
1356	map	1	21	/MDY9.MAP@156938	じゃあな、\nあばよ！%b	그럼,\n잘 있어!%b
1357	map	1	39	/MDY9.MAP@156991	みんなそれぞれ、\nいろいろあるんだな。%b	다들 제각각\n여러 사정이 있구나.%b
1358	map	1	32	/MDY9.MAP@157062	まさか、%s9！\nキミも・・・！？%b	설마, %s9!\n너도…!?%b
1359	map	1	47	/MDY9.MAP@157126	あったり前だろ。\nオレはドラグーンの人間だぜ。%b	당연하지.\n난 드래군 사람이라고.%b
1360	map	1	35	/MDY9.MAP@157205	・・・思えば、\n長い旅だったよな。%b	…생각해 보면\n긴 여행이었지.%b
1361	map	1	98	/MDY9.MAP@157272	最初はオレも、\n自分の国のことしか考えてなかったがいつの間にか、\nずいぶんと話がでかくなってたな。%b	처음엔 나도\n내 나라 일만 생각했는데 어느새\n얘기가 꽤 커져 버렸어.%b
1362	map	1	47	/MDY9.MAP@157402	・・・ドラグーン王国は、\nキミが治めるのかい？%b	…드래군 왕국은\n네가 다스리는 거야?%b
1363	map	1	68	/MDY9.MAP@157481	それはどうかな？\nオレなんかが国王じゃ、\n民がついてこないだろうな。%b	그건 어떨까?\n나 같은 게 국왕이면\n백성이 안 따르겠지.%b
1364	map	1	78	/MDY9.MAP@157581	・・・でも、\nみんな、いいヤツらばっかだぜ、\nお前ンとこに負けないくらいにな。%b	…그래도\n다들 좋은 녀석들뿐이야,\n너희 나라에 지지 않을 만큼.%b
1365	map	1	33	/MDY9.MAP@157691	なんなら、\nいまから見にくるか？%b	뭣하면\n지금 보러 올래?%b
1366	map	1	8	/MDY9.MAP@157756	うん！%b	응!%b
1367	map	2	3	/MH00.MAP@94114	!ゴ	
1368	map	2	3	/MH00.MAP@94246	kグ	
1369	map	2	3	/MH00.MAP@100794	 エ	
1370	map	1	18	/MH00.MAP@123664	館の外に出ますか？	저택을 나갈까요?
1371	map	1	32	/MH00.MAP@123736	なんともアヤしげな建物だな。%b%h	정말 수상한 건물이군.%b%h
1372	map	1	43	/MH00.MAP@123800	いかにも悪人どものアジトって\nかんじだぜ。%b	딱 봐도 악당들의 소굴\n같은 느낌이야.%b
1373	map	1	29	/MH00.MAP@123875	%s1、%bうまくやってるかな？%b	%s1, %b잘하고 있을까?%b
1374	map	2	24	/MH00.MAP@123943	きゃぁぁぁーーーっ！！%b	꺄아아아악!!%b
1375	map	2	45	/MH00.MAP@124002	こら、おとなしくしてろ！\nこっちへ来るんだ！%b	야, 얌전히 있어!\n이리 와!%b
1376	map	1	16	/MH00.MAP@124079	今の悲鳴は！？%b	방금 비명은!?%b
1377	map	1	41	/MH00.MAP@124127	どうやら、\n別の階にうつったようだな。%b%h	아무래도\n다른 층으로 옮긴 모양이군.%b%h
1378	map	1	33	/MH00.MAP@124200	とにかく、\n行ってみるしかない。%b	아무튼\n가 보는 수밖에 없어.%b
1379	map	1	25	/MH00.MAP@124433	なんだ、\n今の悲鳴は！？%b	뭐야,\n방금 비명은!?%b
1380	map	1	69	/MH00.MAP@124490	ちっ・・・\nいまの様子からすると、\nどうも\n別の階にうつったようだな。%b	칫…\n방금 상황으로 보면\n아무래도\n다른 층으로 옮긴 모양이군.%b
1381	map	1	35	/MH00.MAP@124591	とにかく、\n行ってみるしかねぇか！%b	아무튼\n가 보는 수밖에 없나!%b
1382	map	1	53	/MH20.MAP@77728	な、なにヤツ！？%b%h%H%m1%V100［%m0教団長%m1］%V0%m0\n	뭐, 뭐냐!?%b%h%H%m1%V100［%m0교단장%m1］%V0%m0\n
1383	map	1	98	/MH20.MAP@77782	ここを東方冥王擁立推進教団本部、\n祭祀の間と知っての狼藉か！？%b%h%H%m1%V100［%m0教団長%m1］%V0%m0\n	여기가 동방명왕옹립추진교단 본부\n제사의 방인 줄 알고 행패냐!?%b%h%H%m1%V100［%m0교단장%m1］%V0%m0\n
1384	map	1	70	/MH20.MAP@77881	何にせよ、信者でない者に、\nここをけがされるのを\n見すごしてはおけん！%b	어쨌든 신자가 아닌 자가\n이곳을 더럽히는 것을\n두고 볼 수는 없다!%b
1385	map	1	121	/MH20.MAP@77986	前代の東方冥王擁立推進教団長は、\nどこの馬のホネとも知れぬ冒険者に\nたおされたと聞く。%b%h%H%m1%V100［%m0教団長%m1］%V0%m0\n	전대 동방명왕옹립추진교단장은\n어디서 굴러먹던 모험가에게\n쓰러졌다고 들었다.%b%h%H%m1%V100［%m0교단장%m1］%V0%m0\n
1386	map	1	61	/MH20.MAP@78108	だが、この私はちがうぞ。%b%h%H%m1%V100［%m0教団長%m1］%V0%m0\n	하지만 나는 다르다.%b%h%H%m1%V100［%m0교단장%m1］%V0%m0\n
1387	map	1	87	/MH20.MAP@78170	どこでこの館のことを\nかぎつけてきたか知らんが、\nキサマらなど\n返り討ちにしてくれるわ！%b	어디서 이 저택을\n냄새 맡고 왔는지 모르지만\n네놈들 따위\n되받아쳐 주마!%b
1388	map	1	97	/MH20.MAP@78292	ククク、\nこの私がたおれても、\n大いなる意志をつぐ者は絶えん。%b%h%H%m1%V100［%m0教団長%m1］%V0%m0\n	크크크,\n내가 쓰러져도\n위대한 뜻을 이을 자는 있다.%b%h%H%m1%V100［%m0교단장%m1］%V0%m0\n
1389	map	1	67	/MH20.MAP@78390	この乱れた世を治められる方は、\n東方の冥王様以外にはおられんのだ！%b	이 어지러운 세상을 다스릴 분은\n동방의 명왕님 말고는 없다!%b
1390	map	1	35	/MH20.MAP@78494	勝手に言ってろ！\nそれよりも・・・%b	멋대로 지껄여라!\n그보다…%b
1391	map	1	41	/MH20.MAP@78561	おい、しっかりしろ！\nだいじょうぶか！？%b	이봐, 정신 차려!\n괜찮아!?%b
1392	map	1	45	/MH20.MAP@78637	・・・んん・・・\n・・・あれ、ここは・・・%b%h	…으음…\n…어라, 여긴…%b%h
1393	map	1	66	/MH20.MAP@78717	きゃっ！\nだ、だれ、あなたたちは！？\nあたしをどうするつもり！？%b%h	꺅!\n누, 누구예요, 당신들은!?\n나를 어떻게 할 셈이죠!?%b%h
1394	map	1	45	/MH20.MAP@78818	いやぁ～っ！\nだれか、たすけてぇ～～～っ！！%b	싫어～!\n누가 좀 살려 줘～～～!!%b
1395	map	1	24	/MH20.MAP@78895	お、落ち着けったら！%b%h	지, 진정하라니까!%b%h
1396	map	1	49	/MH20.MAP@78951	オレたちは、\nあんたをたすけに来てやったんだぜ。%b	우리는\n널 구하러 온 거야.%b
1397	map	1	30	/MH20.MAP@79035	あたしをたすけに・・・！？%b%h	나를 구하러…!?%b%h
1398	map	1	74	/MH20.MAP@79100	そう言えば・・・\nヘンなおじさんが、\nおいしいオカシがあるよ、って・・・%b%h	그러고 보니…\n이상한 아저씨가\n맛있는 과자가 있다고…%b%h
1399	map	1	57	/MH20.MAP@79209	あたし、ついフラフラ～って\nついて行ったら・・・・・・%b%h	나도 모르게 비틀비틀\n따라갔더니……%b%h
1400	map	1	45	/MH20.MAP@79301	・・・あ、ダメ、\nその先が思い出せないわ。%b%h	…아, 안 돼,\n그다음이 생각 안 나.%b%h
1401	map	1	45	/MH20.MAP@79381	それに何だか、\n思うように身体が動かないの。%b	게다가 왠지\n몸이 마음대로 안 움직여.%b
1402	map	1	57	/MH20.MAP@79458	む、むりするなよ。\nとりあえず、村にはこんでやるから。%b%h	무, 무리하지 마.\n일단 마을로 데려다줄 테니까.%b%h
1403	map	1	32	/MH20.MAP@79547	ナティスって村でいいんだろ？%b%h	나티스 마을이면 되지?%b%h
1404	map	1	39	/MH20.MAP@79611	くわしいハナシは、\n村に着いてからだ。%b	자세한 얘기는\n마을에 가서 하자.%b
1405	map	1	47	/MH20.MAP@79692	死してなお、\n次代をになう者がいるとは・・・。%b	죽어서도\n다음 대를 짊어질 자가 있다니….%b
1406	map	1	45	/MH20.MAP@79771	おそるべし、\n東方冥王擁立推進教団の野望！！%b	무섭구나,\n동방명왕옹립추진교단의 야망!!%b
1407	map	1	45	/MH20.MAP@79849	どうやら、\nねむらされてるだけみてぇだな。%b%h	아무래도\n잠들어 있을 뿐인가 보군.%b%h
1408	map	1	63	/MH20.MAP@79927	とりあえず、こっちはおいといて、\n先にあのヤローを片づけるか。%b	일단 이쪽은 놔두고\n먼저 저 녀석을 처리할까.%b
1409	map	1	37	/MH20.MAP@80023	ちょっと、あんた！\nしっかりおし！%b%h	이봐, 당신!\n정신 차려!%b%h
1410	map	1	47	/MH20.MAP@80093	・・・ちくしょう、\nひどいコトしてくれるねぇ！%b	…젠장,\n지독한 짓을 했네!%b
1411	map	1	53	/MH20.MAP@80173	・・・・・・・・・。\n（↑心配そうにしているらしい）%b	………\n（↑걱정하는 듯하다）%b
1412	map	1	30	/MH20.MAP@80315	薬でねむらされているのか！？%b	약으로 잠재운 건가!?%b
1413	map	1	43	/MH20.MAP@80377	おい、だいじょうぶか！？\nおきろってば！%b%h	이봐, 괜찮아!?\n일어나라니까!%b%h
1414	map	1	55	/MH20.MAP@80452	・・・ちっ、ダメか。\n薬かなにかをもられたみたいだな。%b	…칫, 안 되나.\n약 같은 걸 먹인 것 같아.%b
1415	map	1	88	/MH20.MAP@80539	ねぇっ、ちょっとあなた！\nおきて！%b%h・・・ダメだわ。\n薬かなにかをもられてるみたいね。%b	저기, 당신!\n일어나!%b%h…안 되겠어.\n약 같은 걸 먹은 것 같아.%b
1416	map	1	49	/MH20.MAP@80659	・・・むぅ。\nこの娘、薬をもられておるのか！？%b%h	…음.\n이 아가씨, 약을 먹었는가!?%b%h
1417	map	1	34	/MH20.MAP@80740	いま起こすのはムリのようですな。%b	지금 깨우는 건 무리인 것 같군요.%b
1418	map	1	37	/MH20.MAP@80806	・・・・・・。\n息はあるようだな。%b%h	……\n숨은 쉬는 것 같군.%b%h
1419	map	1	45	/MH20.MAP@80875	この娘は後回しだ。\nまずは、ヤツを片づける。%b	이 아가씨는 나중이다.\n우선 놈부터 처리한다.%b
1420	map	1	45	/MH20.MAP@80952	もしもーし！\nねてる場合じゃないですよー！%b%h	여보세요～!\n자고 있을 때가 아니에요～!%b%h
1421	map	1	49	/MH20.MAP@81029	こんな所でねてるとぉ、\nカゼひいちゃいますよー！%b	이런 데서 자면\n감기 걸려요～!%b
1422	map	1	31	/MH20.MAP@81110	ちっ、\nねむらされてんのか。%b%h	칫,\n잠재워진 건가.%b%h
1423	map	1	64	/MH20.MAP@81173	この様子じゃあ、\nちょっとやそっとじゃ\n目をさましそうにねぇな。%b	이 모양으로는\n웬만해선\n깨어날 것 같지 않군.%b
1424	map	1	52	/MH20.MAP@81269	ほっほっほっ、\nめんこい顔して、\nようねむっとる。%b%h	허허허,\n귀여운 얼굴로\n잘도 자는구먼.%b%h
1425	map	1	39	/MH20.MAP@81353	しばらくは、\n放っておいてもよかろう。%b	당분간은\n내버려 둬도 되겠지.%b
1426	map	1	49	/MH20.MAP@81424	薬でねむらされてんのか！？\nひでぇコトしやがる。%b	약으로 재운 건가!?\n지독한 짓을 하는군.%b
1427	map	1	68	/MH20.MAP@81506	・・・うーん、\n薬かなにかを使って、\nねむらせてるみたいですねぇ。%b%h	…으음,\n약 같은 걸 써서\n재운 것 같네요.%b%h
1428	map	1	47	/MH20.MAP@81607	これは、町にはこぶとかしないと\n危険ですねぇ。%b	이건 마을로 옮기지 않으면\n위험하겠어요.%b
1429	map	1	52	/MH20.MAP@81723	なんだ！？\nこの周囲にたちこめる\n異様な空気は！？%b%h	뭐지!?\n이 주위에 감도는\n이상한 공기는!?%b%h
1430	map	1	47	/MH20.MAP@81807	この奥で、\nいったい何が行われているんだろう。%b	이 안에서\n대체 무슨 일이 벌어지는 걸까.%b
1431	map	1	47	/MH20.MAP@81893	いやぁぁぁーーーっ！\nたすけてぇぇぇーーーっ！%b	싫어어어어!\n살려 줘어어어!%b
1432	map	1	24	/MH20.MAP@81972	ちっ、またあの声か！%b%h	칫, 또 그 목소리인가!%b%h
1433	map	1	51	/MH20.MAP@82028	いったい何をやらかしてやがんだ、\nここの連中は！？%b	대체 무슨 짓을 하는 거야,\n여기 놈들은!?%b
1434	map	1	62	/MH20.MAP@82111	なに、この空気・・・？\nまるで、\n体がおしつぶされそう・・・。%b	뭐지, 이 공기…?\n마치\n몸이 짓눌릴 것 같아….%b
1435	map	1	49	/MH20.MAP@82205	えーい、館の地下にこんなものを\nつくりおって！%b%h	에잇, 저택 지하에 이런 걸\n만들다니!%b%h
1436	map	1	57	/MH20.MAP@82286	何をたくらんでおるのか知らんが、\nゆるすワケにはいかん。%b	무슨 꿍꿍이인지는 모르나\n용서할 수는 없다.%b
1437	map	1	62	/MH20.MAP@82375	どうやら、ここが最下層のようだな。さて、何があるやら・・・。%b	아무래도 여기가 최하층인가 보군. 자, 뭐가 있으려나….%b
1438	map	1	43	/MH20.MAP@82469	・・・なぁんか、\nここってヘンなかんじ。%b%h	…왠지\n여기 이상한 느낌이야.%b%h
1439	map	1	47	/MH20.MAP@82544	息がつまるってゆーか、\n空気が重いってゆーか。%b	숨이 막힌다고 할까\n공기가 무겁다고 할까.%b
1440	map	1	47	/MH20.MAP@82623	ヤだねぇ、\nこうジメジメした館の中ってのは。%b%h	싫다,\n이렇게 눅눅한 저택 안은.%b%h
1441	map	1	41	/MH20.MAP@82702	なんで、\nこんなトコに入ってきたんだよ？%b	왜\n이런 데 들어온 거야?%b
1442	map	1	54	/MH20.MAP@82775	ほっほっほっ、\n何やら、\nあやしげなフンイキじゃのう。%b	허허허,\n어쩐지\n수상한 분위기구먼.%b
1443	map	1	34	/MH20.MAP@82861	ホントにこの先に何かあるのか？%b%h	정말 이 앞에 뭐가 있는 거야?%b%h
1444	map	1	68	/MH20.MAP@82927	まぁ、まわりを見るかぎりじゃ\n何もない方が\nフシギな気もするけどよ。%b	뭐, 주위를 보기로는\n아무것도 없는 게\n더 이상할 것 같긴 한데.%b
1445	map	1	70	/MH20.MAP@83028	うーん・・・\n私が言うのもヘンですが、\nあやしさいっぱいの館ですねぇ。%b	으음…\n제가 말하기도 뭣하지만\n수상함이 가득한 저택이네요.%b
1446	map	1	72	/MH20.MAP@83131	ったく、\nどういう神経のもちぬしが、\nこーゆー館に住みたがるんだろうね。%b	정말이지\n어떤 신경을 가진 사람이\n이런 저택에 살고 싶어 할까.%b
1447	map	1	52	/MH20.MAP@83236	ほ、本当に何も出ないんだろうね、\nここ・・・・・・。\n	저, 정말 아무것도 안 나오겠지,\n여기……\n
1448	map	1	74	/MH20.MAP@83321	あたし正直言うと、\nこーゆーオカルトっぽいのは、\nちょいと苦手なんだよぉ。%b	나 솔직히 말하면\n이런 오컬트 같은 건\n좀 약하단 말이야.%b
1449	map	2	43	/MH20.MAP@83428	・・・・・・？\n（↑とまどっているらしい）%b	……?\n（↑당황한 듯하다）%b
1450	map	1	32	/MI00.MAP@203876	なんだ、もう帰っちまうのか？%b%h	뭐야, 벌써 돌아가는 거야?%b%h
1451	map	1	39	/MI00.MAP@203940	ま、ここからなら\n船もすぐそこだしな。%b	뭐, 여기서라면\n배도 바로 저기니까.%b
1452	map	1	39	/MI00.MAP@204012	ああ・・・\nまた、船に乗るのですね。%b%h	아아…\n또 배를 타는군요.%b%h
1453	map	1	30	/MI00.MAP@204084	私、船はどうも苦手で・・・。%b	저는 배가 영 약해서….%b
1454	map	1	37	/MI00.MAP@204147	おっし、\nとっとと港にもどろうぜ。%b%h	좋았어,\n얼른 항구로 돌아가자고.%b%h
1455	map	1	41	/MI00.MAP@204217	どうせこんな島、\n何もありゃしねぇって。%b	어차피 이런 섬엔\n아무것도 없다니까.%b
1456	map	1	58	/MI00.MAP@204291	もう町にもどるのかい？\nそれだったら、\n準備をはじめるよ。%b	벌써 마을로 돌아가?\n그렇다면\n준비를 시작할게.%b
1457	map	1	22	/MI00.MAP@204430	ジャングルを出ますか？	정글을 나갈까요?
1458	map	1	32	/MI00.MAP@204506	・・・ああ、つかれた・・・。%b%h	…아아, 지쳤어….%b%h
1459	map	1	57	/MI00.MAP@204570	ホントにあの女海賊は、\nこっちに来たんでしょうねぇ！？%b%h	정말로 그 여해적은\n이쪽으로 온 거겠죠!?%b%h
1460	map	1	45	/MI00.MAP@204659	ああっ、もうっ！\n足が重くて歩けないーっ！！%b	아아, 정말!\n다리가 무거워 못 걷겠어!!%b
1461	map	1	39	/MI00.MAP@204736	いやはや、\nなんとも深い森であるな。%b%h	이거 참,\n정말 깊은 숲이로군.%b%h
1462	map	1	60	/MI00.MAP@204807	%s1どのの言ったとおり、\n女海賊はこの先にいるのであろうか？%b	%s1 님 말대로\n여해적은 이 앞에 있는 걸까?%b
1463	map	1	47	/MI00.MAP@204899	海賊め・・・・・・。\nいったい、どこにいる！？%b	해적 놈….\n대체 어디 있는 거냐!?%b
1464	map	1	60	/MI00.MAP@204978	・・・ふぇ～ん。\n似たよーな景色ばっかで、\nつまんなぁい！%b%h	…흐엥～.\n비슷한 경치뿐이라\n재미없어～!%b%h
1465	map	1	70	/MI00.MAP@205070	あのデカ女、なんだって、\nわざわざこんなトコへ来んのよ！？\nプンプン！%b	그 덩치 큰 여자는 뭐 하러\n굳이 이런 데 온 거야!?\n흥흥!%b
1466	map	1	60	/MI00.MAP@205172	ちっ。\nこう森が深くっちゃ、\n飛びにくくってしようがねぇ。%b%h	칫.\n숲이 이렇게 깊으면\n날기 힘들어서 못 해 먹겠네.%b%h
1467	map	1	72	/MI00.MAP@205264	ったく、あの女海賊め。\nとんでもないトコに\n引っぱりこんでくれたもんだ。%b	정말이지, 그 여해적 놈.\n엉뚱한 데로\n끌어들여 줬군.%b
1468	map	1	59	/MI00.MAP@205368	これだけ歩いたのに、\nまだジャングルがつづいてんのか！？%b%h	이만큼 걸었는데\n아직도 정글이 이어지는 거야!?%b%h
1469	map	1	53	/MI00.MAP@205459	・・・ったく、あの女海賊め、\nどこまで行ったんだ！？%b	…정말이지, 그 여해적 놈,\n어디까지 간 거야!?%b
1470	map	1	58	/MI00.MAP@205545	・・・うーん、\n女海賊さんは\n一向に見つかりませんねぇ。%b%h	…으음,\n여해적 씨는\n도무지 안 보이네요.%b%h
1471	map	1	47	/MI00.MAP@205636	いったい、どこら辺を\n歩いてるんでしょうねぇ。%b	대체 어디쯤을\n걷고 있는 걸까요.%b
1472	map	1	33	/MI00.MAP@205716	あ～あ、\nもうやってらんねぇ！%b%h	아～아,\n더는 못 해 먹겠어!%b%h
1473	map	1	49	/MI00.MAP@205782	女海賊なんか、\n追っかけて来るんじゃなかったぜ！%b	여해적 따위\n쫓아오는 게 아니었어!%b
1474	map	1	45	/MI00.MAP@205864	・・・・・・。\n（↑まよってしまったらしい）%b	……\n（↑길을 잃은 듯하다）%b
1475	map	1	63	/MI00.MAP@205995	いったい、どれだけ歩けば\nこのジャングルをぬけ出せるんだ！？%b%h	대체 얼마나 걸어야\n이 정글을 빠져나갈 수 있지!?%b%h
1476	map	1	47	/MI00.MAP@206090	あの女海賊も、\n本当にこっちへ来たんだろうか？%b	그 여해적도\n정말 이쪽으로 온 걸까?%b
1477	map	1	64	/MI00.MAP@206169	あの女海賊め・・・。\nいったい、\nどこまで行きやがったんだ！？%b%h	그 여해적 놈….\n대체\n어디까지 간 거야!?%b%h
1478	map	1	53	/MI00.MAP@206265	いいかげん・・・ぜぇぜぇ、\nこの森にもあきあきだぜ。%b	이제 슬슬…헉헉,\n이 숲도 지긋지긋하다.%b
1479	map	1	55	/MI00.MAP@206341	　\n　\n森が深くて、これ以上は進めそうにありません。%b%V0	　\n　\n숲이 깊어서 더는 나아갈 수 없을 듯합니다.%b%V0
1480	map	1	45	/MI00.MAP@206429	正直言って、\nあんたたちには助けられたよ。%b%h	솔직히 말해서\n당신들 덕에 살았어.%b%h
1481	map	1	41	/MI00.MAP@206507	あいつの強さは\n並みのものじゃなかった。%b	그 녀석의 강함은\n보통이 아니었어.%b
1482	map	1	85	/MI00.MAP@206580	ボクたちも、あんなところに\nゲンユウサイの幹部の１人がいるとは思いもしませんでした。%b	우리도 그런 곳에\n겐유사이의 간부 한 명이 있을 줄은 생각도 못 했어요.%b
1483	map	1	53	/MI00.MAP@206698	・・・『ベルザリオン』\nって言ったっけね、あいつ。%b%h	…『벨자리온』\n이라고 했던가, 그 녀석.%b%h
1484	map	1	37	/MI00.MAP@206784	あいつのこと、\nどの辺まで知ってる？%b	그 녀석에 대해\n어디까지 알아?%b
1485	map	1	59	/MI00.MAP@206853	・・・え？%b%hいや・・・\nオレもよくは知らないが・・・。%b%h	…응?%b%h아니…\n나도 잘은 모르지만….%b%h
1486	map	1	65	/MI00.MAP@206944	たしか、こっちへわたって来てから\n幹部に加わったヤツだし・・・。%b	분명 이쪽으로 건너온 뒤에\n간부에 들어간 놈이라….%b
1487	map	2	20	/MI00.MAP@207042	こっちへ来てから？%b	이쪽으로 온 뒤에?%b
1488	map	1	90	/MI00.MAP@207094	それはつまり、\nこのリグロードの地にも、\nゲンユウサイの軍に与する者がいるということか！？%b	그렇다는 건\n이 리그로드 땅에도\n겐유사이군에 가담하는 자가 있다는 건가!?%b
1489	map	1	68	/MI00.MAP@207216	そうなるかな。\nお前にとっちゃ、\n耳のいたいハナシだろうが・・・。%b%h	그렇게 되나.\n너한텐\n듣기 괴로운 얘기겠지만….%b%h
1490	map	1	90	/MI00.MAP@207316	ヤツと、あともう１人・・・、\n『不死のラミューレ』ってのが、\nこっちで加わった連中だな。%b%h	그 녀석이랑 또 한 명…\n『불사의 라뮤레』라는 놈이\n이쪽에서 가담한 녀석들이야.%b%h
1491	map	1	49	/MI00.MAP@207438	オレが知ってるのは、\nそれぐらいだけど・・・。%b%h	내가 아는 건\n그 정도인데….%b%h
1492	map	1	24	/MI00.MAP@207519	何か気になることでも？%b	뭐 신경 쓰이는 거라도?%b
1493	map	1	53	/MI00.MAP@207576	あ・・・、いや、別に。\nどんなヤツかなと思ってね。%b%h	아…, 아니, 별로.\n어떤 놈인가 싶어서.%b%h
1494	map	1	51	/MI00.MAP@207662	・・・さて、と。\nそろそろ船にもどるとするかね。%b%h	…자, 그럼.\n슬슬 배로 돌아가 볼까.%b%h
1495	map	1	22	/MI00.MAP@207746	みんな、こっちだよ。%b	다들, 이쪽이야.%b
1496	map	1	77	/MI00.MAP@207800	こっち、って・・・。\nこの辺はたしか、一度通ったことが・・・。\nああっ、%s1！%b	이쪽이라니….\n이 근처는 분명 한 번 지나간 적이….\n아앗, %s1!%b
1497	map	1	134	/MI00.MAP@207909	ま、まぁまぁ・・・。\n誰しも、まちがいはあるってもんよ。\nおかげで、こうして%s12とも会えたんだしよ。%bさぁ、早いとこ、船にもどろうぜ！%b	자, 자, 진정해….\n누구나 실수는 하는 법이지.\n덕분에 이렇게 %s12와도 만났잖아.%b자, 얼른 배로 돌아가자고!%b
1498	map	1	39	/MI00.MAP@208202	ずいぶん、\n深いジャングルみたいだね。%b	꽤나\n깊은 정글인가 봐.%b
1499	map	1	49	/MI00.MAP@208273	なるべく戦いはさけて、\n奥の方まで進んでみよう。%b	되도록 싸움은 피하고\n안쪽까지 나아가 보자.%b
1500	map	1	43	/MI00.MAP@208354	さっきは、\n調べ方が足りなかったのかなぁ。%b	아까는\n조사가 부족했던 걸까.%b
1501	map	1	41	/MI00.MAP@208429	今度は、\nもっと奥の方まで進んでみよう。%b	이번엔\n좀 더 안쪽까지 나아가 보자.%b
1502	map	1	50	/MI00.MAP@208502	もう、この辺りに\n調べるものは\nないんじゃないか？%b	이제 이 근처엔\n조사할 게\n없지 않아?%b
1503	map	1	50	/MI00.MAP@208584	とりあえず、\n歩き回ってみるぐらいは\nいいけどよ。%b	일단\n돌아다녀 보는 정도는\n괜찮지만.%b
1504	map	1	35	/MI10.MAP@107631	なんだい、\nこのでっかい水晶は！？%b	뭐야,\n이 커다란 수정은!?%b
1505	map	1	72	/MI10.MAP@107699	あやしい色にかがやいていて、\n思わず\nじっと見入ってしまうような・・・。%b	수상한 색으로 빛나서\n나도 모르게\n가만히 들여다보게 되는….%b
1506	map	1	37	/MI10.MAP@107804	なんだか\n気になってしようがないね。%b	왠지\n신경 쓰여서 못 견디겠네.%b
1507	map	1	48	/MI10.MAP@107874	まだ何か約束しなきゃなんないコトがあるのかい？%b	아직 뭔가 약속해야 할 게 있어?%b
1508	map	1	34	/MI10.MAP@107954	そうじゃないんですけど・・・。%b%h	그건 아닌데요….%b%h
1509	map	1	78	/MI10.MAP@108020	その・・・・・・\nボクたちの乗ってきた船は、\nとちゅうで乗りすてちゃって・・・%b	그게……\n우리가 타고 온 배는\n도중에 버리고 와서…%b
1510	map	1	34	/MI10.MAP@108131	・・・・・・・・・・・・ぷっ。%b%h	…………풉.%b%h
1511	map	1	76	/MI10.MAP@108198	あーっはっはっはっはっ！\nこいつはお笑いだね！\nとんだ正義の勇者サマだよ！%b%h	아～하하하하하!\n이거 웃기는군!\n대단한 정의의 용사님이네!%b%h
1512	map	1	41	/MI10.MAP@108307	・・・いいよ。\nあんた、気に入ったよ。%b%h	…좋아.\n당신, 마음에 들었어.%b%h
1513	map	1	39	/MI10.MAP@108381	ついてきな、\nあたしの船に案内するよ。%b	따라와,\n내 배로 안내할게.%b
1514	map	1	45	/MI10.MAP@108452	・・・はぁ・・・\n・・・しまらねぇな・・・。%b	…하아…\n…폼이 안 나는군….%b
1515	map	1	19	/MI10.MAP@108540	ん？\nああ・・・。%b	응?\n아아….%b
1516	map	1	70	/MI10.MAP@108592	何となく・・・\nそうかなって思っただけさ。\nハッキリとはわからないよ。%b	그냥…\n그런가 싶었을 뿐이야.\n확실히는 몰라.%b
1517	map	1	52	/MI10.MAP@108695	できることなら、\nあいつを\n問いただしてみたかった。%b	할 수만 있다면\n그 녀석을\n추궁해 보고 싶었어.%b
1518	map	1	33	/MI10.MAP@108780	・・・でも、\nこのザマじゃあね。%b	…하지만\n이 꼴로는.%b
1519	map	1	41	/MI10.MAP@108846	あんたたちも\n手間がはぶけてよかったろ？%b	당신들도\n수고를 덜어서 좋았지?%b
1520	map	1	66	/MI10.MAP@108920	・・・さぁ、\nあたしの処分を決めておくれ。\n役人に突き出すのかい？%b	…자,\n내 처분을 정해 줘.\n관리에게 넘길 거야?%b
1521	map	1	41	/MI10.MAP@109019	それとも、\nこの場で首をはねちまうかい？%b	아니면\n이 자리에서 목을 칠 거야?%b
1522	map	1	28	/MI10.MAP@109092	・・・そ、そんな・・・。%b%h	…그, 그런….%b%h
1523	map	1	75	/MI10.MAP@109152	ボクたちはただ、\nあなた方が\n海賊行為をやめさえしてくれれば、\nそれで・・・%b	우리는 그저\n당신들이\n해적질만 그만둬 준다면\n그걸로…%b
1524	map	1	37	/MI10.MAP@109259	・・・おいおい、\nいいのか、それで？%b	…이봐 이봐,\n그걸로 괜찮아?%b
1525	map	1	43	/MI10.MAP@109329	あたしに\nチャンスをくれるっていうのかい？%b	나에게\n기회를 주겠다는 거야?%b
1526	map	1	50	/MI10.MAP@109405	だったら\n海賊稼業は今日かぎり、\nすっぱりやめる！%b	그렇다면\n해적 일은 오늘로\n깨끗이 그만둔다!%b
1527	map	1	29	/MI10.MAP@109488	子分にも\n足をあらわせるよ！%b	부하들도\n손 씻게 할게!%b
1528	map	1	24	/MI10.MAP@109550	・・・これでいいかい？%b	…이러면 됐어?%b
1529	map	1	39	/MI10.MAP@109606	・・・その・・・\nもう１つだけ・・・。%b	…그게…\n하나만 더….%b
1530	map	1	43	/MI10.MAP@109678	・・・あれ・・・？\n・・・あんたたち・・・%b	…어라…?\n…당신들…%b
1531	map	1	26	/MI10.MAP@109754	・・・・・・・・・・・・%b	…………%b
1532	map	1	41	/MI10.MAP@109813	ど、どうして、\nあんたたちがこの島に！？%b	어, 어째서\n당신들이 이 섬에!?%b
1533	map	1	49	/MI10.MAP@109887	ひょっとして、\nあたしの後をつけて来たのかい！？%b	혹시\n내 뒤를 밟아 온 거야!?%b
1534	map	1	24	/MI10.MAP@109968	・・・そ、それは・・・%b	…그, 그건…%b
1535	map	1	80	/MI10.MAP@110024	何言ってやがる！\nオレたちがかけつけなきゃ、\nあんた、どうなってたか知れないぜ。%b	무슨 소리야!\n우리가 달려오지 않았으면\n당신 어떻게 됐을지 몰라.%b
1536	map	1	33	/MI10.MAP@110137	・・・そ、そうだ、\nあいつは！？%b	…그, 그래,\n그 녀석은!?%b
1537	map	1	55	/MI10.MAP@110203	ここにいたあの男は、\nあんたたちが追いはらったのかい？%b	여기 있던 그 남자는\n당신들이 쫓아낸 거야?%b
1538	map	1	26	/MI10.MAP@110290	う・・・いや、実は・・・%b	으…아니, 실은…%b
1539	map	1	39	/MI10.MAP@110348	それが・・・\nその、なんて言うか・・・%b	그게…\n그러니까, 뭐랄까…%b
1540	map	1	34	/MI10.MAP@110419	・・・消えちゃったんです・・・。%b	…사라져 버렸어요….%b
1541	map	1	45	/MI10.MAP@110486	消えたぁ！？\nなんだってんだい、そりゃあ！？%b	사라졌다고!?\n그게 대체 무슨 소리야!?%b
1542	map	1	16	/MI10.MAP@110563	本当なんです！%b	정말이에요!%b
1543	map	1	62	/MI10.MAP@110611	そこの水晶の所で、\nいきなり\n光につつまれるようにして・・・。%b	저기 수정 있는 곳에서\n갑자기\n빛에 휩싸이는 것처럼….%b
1544	map	1	51	/MI10.MAP@110705	まるで水晶の中に、\nとけこんでいくかのようでした。%b	마치 수정 속으로\n녹아드는 것 같았어요.%b
1545	map	1	24	/MI10.MAP@110789	・・・そうかい・・・。%b	…그래….%b
1546	map	1	56	/MI10.MAP@110846	・・・まぁ、いいさ。\nいずれ、\nはっきりとさせてやるさ！%b	…뭐, 좋아.\n언젠가\n확실하게 밝혀 주겠어!%b
1547	map	1	28	/MI10.MAP@110934	でも、あの人は一体・・・？%b	그런데 그 사람은 대체…?%b
1548	map	1	70	/MI10.MAP@110994	『青狼のベルザリオン』\nって言ってな、\nゲンユウサイの５幹部の１人だ。%b	『청랑 벨자리온』\n이라고 해서\n겐유사이의 5간부 중 하나야.%b
1549	map	1	89	/MI10.MAP@111096	くわしいことは\nオレもよく知らないが、\nたしか、こっちへ来てから\n幹部に加えられたヤツだ。%b	자세한 건\n나도 잘 모르지만\n분명 이쪽에 온 뒤에\n간부가 된 놈이야.%b
1550	map	1	87	/MI10.MAP@111271	じゃああいつは、\nこのリグロードの人間なのに\nゲンユウサイの側に\nついてるってことかい？%b	그럼 그 녀석은\n이 리그로드 사람인데\n겐유사이 편에\n붙었다는 거야?%b
1551	map	1	65	/MI10.MAP@111390	そうなるかな。\n%s0にとっちゃ、\n耳のいたいハナシだろうが・・・。%b	그렇게 되나.\n%s0한텐\n듣기 괴로운 얘기겠지만….%b
1552	map	1	86	/MI10.MAP@111487	ヤツと、あともう１人・・・\n『不死のラミューレ』ってのが、\nこっちで加わった連中だな。%b	그 녀석이랑 또 한 명…\n『불사의 라뮤레』라는 놈이\n이쪽에서 가담한 녀석들이야.%b
1553	map	1	68	/MI10.MAP@111605	オレが知ってるのは、\nそれぐらいだけど・・・\n何か気になることでも？%b	내가 아는 건\n그 정도인데…\n뭐 신경 쓰이는 거라도?%b
1554	map	1	56	/MI10.MAP@111706	あ・・・、いや、\nちょっと知ってる人に\n似ていたんでね。%b	아…, 아니,\n좀 아는 사람과\n닮아서 말이야.%b
1555	map	1	70	/MI10.MAP@111794	もしかして、\nさっき、うわごとでつぶやいてた\n『兄さん』ですか・・・？%b	혹시\n아까 헛소리로 중얼거리던\n『오빠』인가요…?%b
1556	map	1	41	/MI10.MAP@111897	・・・ははっ、\n聞かれちまってたのかい。%b	…하핫,\n들어 버렸구나.%b
1557	map	1	24	/MI10.MAP@111971	まぁね、そのとおりさ。%b	뭐, 그 말대로야.%b
1558	map	1	45	/MI10.MAP@112027	もう少し、\nくわしく聞かせてもらえませんか？%b	조금 더\n자세히 들려주시겠어요?%b
1559	map	1	49	/MI10.MAP@112104	・・・だいじょうぶですか？\n・・・しっかりして！%b	…괜찮으세요?\n…정신 차리세요!%b
1560	map	1	39	/MI10.MAP@112186	・・・ん・・・\n・・・に、兄さん・・・%b	…음…\n…오, 오빠…%b
1561	map	1	27	/MI10.MAP@112257	・・・え？\n『兄さん』！？%b	…네?\n『오빠』!?%b
1562	map	1	32	/MI10.MAP@112316	だれのことを言ってるんだろう？%b	누구를 말하는 걸까?%b
1563	map	1	14	/MI10.MAP@112381	・・・ん！？%b	…응!?%b
1564	map	1	26	/MI10.MAP@112428	なんだい、あんたは！？%b%h	뭐야, 당신은!?%b%h
1565	map	1	26	/MI10.MAP@112487	そこで何をしてるんだい！%b	거기서 뭐 하는 거야!%b
1566	map	1	39	/MI10.MAP@112554	ごあいさつだな。\nお前こそ、何者だ？%b%h	인사가 거창하군.\n너야말로 누구냐?%b%h
1567	map	1	53	/MI10.MAP@112634	この島は、野盗ふぜいが\n足をふみいれる場所ではない。%b	이 섬은 들도둑 따위가\n발을 들일 곳이 아니다.%b
1568	map	1	41	/MI10.MAP@112720	そっちこそ、\nずいぶんなあいさつだね。%b%h	그쪽이야말로\n인사 한번 대단하네.%b%h
1569	map	1	68	/MI10.MAP@112794	あたしは海賊だよ！\nそこいら辺の野盗と\nいっしょにするんじゃないよ！%b	난 해적이야!\n그 근처 들도둑이랑\n한데 묶지 말라고!%b
1570	map	1	58	/MI10.MAP@112903	いせいがいいな。\nまるで、\nあいつを見ているようだ・・・。%b	기세가 좋군.\n마치\n그 아이를 보는 것 같다….%b
1571	map	1	20	/MI10.MAP@112994	・・・え・・・！？%b	…어…!?%b
1572	map	1	74	/MI10.MAP@113055	・・・気にするな、\nくやみきれぬ過去にしばられた\nぶざまな男のたわごとだ。%b	…신경 쓰지 마라,\n후회해도 모자란 과거에 묶인\n꼴사나운 남자의 헛소리다.%b
1573	map	1	47	/MI10.MAP@113170	・・・どうやら、\nつまらぬ話をしてしまったな。%b	…아무래도\n쓸데없는 얘기를 했군.%b
1574	map	1	49	/MI10.MAP@113258	もう１度あらためて\nこちらの用件を伝えておこう。%b	다시 한번\n이쪽 용건을 전해 두지.%b
1575	map	1	74	/MI10.MAP@113348	ここは今から、\nゲンユウサイ様の領地となる。\nうろうろされては目ざわりだ。%b	이곳은 지금부터\n겐유사이 님의 영지가 된다.\n얼쩡거리면 눈에 거슬린다.%b
1576	map	1	26	/MI10.MAP@113455	ゲンユウサイだってぇ！？%b	겐유사이라고!?%b
1577	map	1	44	/MI10.MAP@113514	あんた・・・\nもしかして、\n東方から・・・？%b	당신…\n혹시\n동방에서…?%b
1578	map	1	30	/MI10.MAP@113656	そんなことを聞いてどうする？%b	그걸 물어서 뭘 하려고?%b
1579	map	1	20	/MI10.MAP@113719	べ、べつに・・・。%b	벼, 별로….%b
1580	map	1	60	/MI10.MAP@113772	そうかい・・・\nあんた、\nあいつの下でコキ使われてんのかい。%b	그래…\n당신\n그 녀석 밑에서 부려 먹히는구나.%b
1581	map	1	66	/MI10.MAP@113865	はははっ、\nたいそうなクチきくわりには、\n案外なさけないヤツだね。%b	하하핫,\n큰소리치는 것치고는\n의외로 한심한 놈이네.%b
1582	map	1	68	/MI10.MAP@113964	あんたこそ、\n帰ってゲンユウサイだか\nチンゲンサイだかに言っときな！%b	당신이야말로\n돌아가서 겐유사이인지\n청경채인지한테 전해!%b
1583	map	1	68	/MI10.MAP@114065	たった今から、\n島の「おたから」はみな、\nこの%s12様のものだってね！%b	지금 이 순간부터\n섬의 「보물」은 전부\n이 %s12 님 거라고!%b
1584	map	1	31	/MI10.MAP@114174	%s12・・・\nそれがお前の名か。%b	%s12…\n그게 네 이름인가.%b
1585	map	1	58	/MI10.MAP@114246	%s12とやら、\n悪いことは言わん。\nおとなしく、そこをどけ。%b	%s12라고 했나,\n나쁜 말은 안 한다.\n얌전히 거기서 비켜라.%b
1586	map	1	51	/MI10.MAP@114345	どかぬとあらば、\n少々、手荒なマネも止むを得んが？%b	비키지 않겠다면\n조금 거친 짓도 어쩔 수 없다만?%b
1587	map	1	88	/MI10.MAP@114429	ほぉ・・・このあたしを、\nどうにかできるってのかい？\n東方人の腰ギンチャクのあんたに！？%b	호오…이 나를\n어떻게 할 수 있다는 거야?\n동방인의 똘마니인 당신이!?%b
1588	map	1	53	/MI10.MAP@114550	言っとくけど、女だからって\nあまく見るんじゃないよ！%b	말해 두지만 여자라고\n얕보지 말라고!%b
1589	map	1	72	/MI10.MAP@114636	・・・さぁ、\nもう１度言ってもらおうか、\nこのあたしをどうするってぇ！？%b	…자,\n다시 한번 말해 보시지,\n이 나를 어떻게 하겠다고!?%b
1590	map	1	16	/MI10.MAP@114749	こうするのさ。%b	이렇게 하지.%b
1591	map	1	58	/MI10.MAP@114798	ほー、\nまだ手つかずの「おたから」が\nあるじゃないかい。%b%h	호오,\n아직 손대지 않은 「보물」이\n있잖아.%b%h
1592	map	1	45	/MI10.MAP@114889	いいねぇいいねぇ。\nどれ、中身を拝見・・・。%b	좋아 좋아.\n어디, 내용물 좀 볼까….%b
1593	map	1	39	/MI10.MAP@114969	どれどれ、\n宝石が多いみたいだねぇ。%b%h	어디 보자,\n보석이 많은 것 같네.%b%h
1594	map	1	56	/MI10.MAP@115041	パールに・・・\nアメジストに・・・\nオパール・・・と。%b%h	진주에…\n자수정에…\n오팔…이라.%b%h
1595	map	1	41	/MI10.MAP@115130	なんだい、これは？\n武器だろうかねぇ。%b%h	뭐야, 이건?\n무기인가.%b%h
1596	map	1	42	/MI10.MAP@115204	槍と、\n変わった形の剣と、\n盾・・・か。%b%h	창이랑\n별난 모양의 검이랑\n방패…인가.%b%h
1597	map	1	39	/MI10.MAP@115279	とりあえず、\n全部もらっておこうか。%b%h	일단\n전부 받아 둘까.%b%h
1598	map	1	64	/MI10.MAP@115351	・・・さて、と。\nもっと奥の方は、\nどうなってるんだろうねぇ。%b%h	…자, 그럼.\n더 안쪽은\n어떻게 돼 있을까.%b%h
1599	map	1	55	/MI10.MAP@115448	これだけですむと\n思ってるんじゃあないだろうねぇ！？%b%h	이걸로 끝날 거라고\n생각하는 건 아니겠지!?%b%h
1600	map	1	22	/MI10.MAP@115536	まだまだ、さがすよ！%b	아직 더 찾을 거야!%b
1601	map	1	43	/MI10.MAP@115623	・・・くっくっくっ。\n感じる、感じるよ。%b%h	…크크크.\n느껴져, 느껴진다고.%b%h
1602	map	1	39	/MI10.MAP@115701	ビンビンに感じて、\nふるえがくるよ。%b%h	찌릿찌릿 느껴져서\n몸이 떨릴 정도야.%b%h
1603	map	1	45	/MI10.MAP@115775	これはまさしく、\n「おたから」のにおい！！%b%h	이건 틀림없이\n「보물」 냄새!!%b%h
1604	map	1	85	/MI10.MAP@115855	こんな島だ、\n手つかずの「おたから」が\nまだあるとふんで、\n歩き回ってきたが・・・。%b%h	이런 섬이니\n손대지 않은 「보물」이\n아직 있을 거라 보고\n돌아다녔는데….%b%h
1605	map	1	52	/MI10.MAP@115975	どうやら、\nあたしの目にくるいは\nなかったようだね。%b	아무래도\n내 눈은 틀리지\n않았나 보네.%b
1606	map	1	20	/MI10.MAP@116060	さぁ～ってとぉ！%b%h	자～ 그럼!%b%h
1607	map	1	60	/MI10.MAP@116113	あたしの「おたから」は\nどこだい？\nかくれたってムダだよ！%b%h	내 「보물」은\n어디 있지?\n숨어 봤자 소용없어!%b%h
1608	map	1	48	/MI10.MAP@116206	みんなまとめて持ってってやるから、カクゴしな。%b	몽땅 가져가 줄 테니까 각오해.%b
1609	map	1	62	/MI20.MAP@199751	まぁ・・・\nそういうカクゴができてんなら\n止めはしねぇけどよ。%b	뭐…\n그런 각오가 돼 있다면\n말리지는 않겠지만.%b
1610	map	1	16	/MI20.MAP@199846	キマリだね。%b%h	정해졌네.%b%h
1611	map	1	78	/MI20.MAP@199895	今日から、\nガルーダ号の船長はあんたたちだ。\nなんだって、命令しておくれよ。%b%h	오늘부터\n가루다호의 선장은 당신들이야.\n뭐든지 명령해.%b%h
1612	map	1	62	/MI20.MAP@200006	さぁって、あいつら引っぱり出して、港にもどる準備をするかね！%b	자, 그 녀석들 끌어내서 항구로 돌아갈 준비를 할까!%b
1613	map	1	28	/MI20.MAP@200115	あらかた片づいたようだな。%b	대충 정리된 모양이군.%b
1614	map	1	49	/MI20.MAP@200176	ま、あたしの手にかかりゃ、\nざっとこんなモンよ。%b	뭐, 내 손에 걸리면\n대충 이런 거지.%b
1615	map	1	47	/MI20.MAP@200257	それよりも%s12さん。\n仲間の方たちは・・・！？%b	그보다 %s12 씨.\n동료분들은…!?%b
1616	map	2	30	/MI20.MAP@200337	・・・・・・・・・・・・。%b%h	…………%b%h
1617	map	1	58	/MI20.MAP@200400	おお！\nそういや、あいつらのコト\nすっかりわすれてたよ。%b%h	오오!\n그러고 보니 그 녀석들을\n까맣게 잊고 있었네.%b%h
1618	map	1	30	/MI20.MAP@200491	あんた、よくおぼえてたねぇ。%b	당신, 잘도 기억하고 있었네.%b
1619	map	1	25	/MI20.MAP@200553	え・・・？\nえーと・・・%b	네…?\n그게…%b
1620	map	1	39	/MI20.MAP@200611	あーねさーん！\nたーすけーてくれー！！%b	누～님～!\n살～려～주～세요～!!%b
1621	map	1	16	/MI20.MAP@200682	いまの声は！？%b	방금 그 소리!?%b
1622	map	1	39	/MI20.MAP@200731	どうやら、\nあいつら無事みたいだね。%b%h	아무래도\n그 녀석들 무사한가 봐.%b%h
1623	map	1	51	/MI20.MAP@200803	おおかた、船倉にでも\nおしこめられてるんだろうよ。%b	아마 선창에라도\n갇혀 있겠지.%b
1624	map	1	43	/MI20.MAP@200886	%s12さん、\n早くたすけてあげないと・・・。%b	%s12 씨,\n빨리 구해 줘야…%b
1625	map	1	43	/MI20.MAP@200962	・・・・・・。\nおかしな子だね、あんた。%b%h	……\n이상한 애네, 당신.%b%h
1626	map	1	74	/MI20.MAP@201038	あんた、最初はあたしらを\nとっつかまえようと\nしてたんじゃなかったのかい？%b	당신, 처음엔 우리를\n잡으려고\n했던 거 아니었어?%b
1627	map	1	20	/MI20.MAP@201144	あ・・・・・・。%b%h	아……%b%h
1628	map	1	30	/MI20.MAP@201196	で、でも、いまは状況が・・・%b	그, 그래도 지금은 상황이…%b
1629	map	1	22	/MI20.MAP@201259	あははははははは！%b%h	아하하하하하하!%b%h
1630	map	1	75	/MI20.MAP@201314	そうだね、\nあんたの言うとおり、\n早いトコ\nあいつらを出してやらないとね。%b%h	그러네,\n당신 말대로\n얼른\n그 녀석들을 꺼내 줘야지.%b%h
1631	map	1	64	/MI20.MAP@201422	なんたって、\nこの先やんなきゃなんないことが\n山ほどあるからね。%b	어쨌든\n앞으로 해야 할 일이\n산더미니까.%b
1632	map	1	58	/MI20.MAP@201567	あんたたち、\nゲンユウサイのヤローを\n追っかけてんだろ？%b%h	당신들\n겐유사이 녀석을\n쫓고 있지?%b%h
1633	map	1	49	/MI20.MAP@201658	あたしも連れてってくれないかな、\nそいつの所に。%b	나도 데려가 주지 않을래?\n그 녀석한테.%b
1634	map	1	45	/MI20.MAP@201740	船が必要になるコトも\nあるかもしれないだろ？%b	배가 필요할 때도\n있을지 모르잖아?%b
1635	map	1	45	/MI20.MAP@201817	あんたの気持ちは、\nわからないでもないがよ。%b	네 마음을\n모르는 건 아니지만.%b
1636	map	1	60	/MI20.MAP@201894	あいつとは、\nいずれ、やり合うことになる。\nつらいだけだぜ？%b	그 녀석과는\n언젠가 붙게 될 거야.\n괴로울 뿐이라고?%b
1637	map	1	33	/MI20.MAP@201987	それでも\n連れてってほしいんだ！%b	그래도\n데려가 줬으면 해!%b
1638	map	1	35	/MI20.MAP@202053	自分の目で\nたしかめてみたいんだ。%b	내 눈으로\n확인해 보고 싶어!%b
1639	map	1	18	/MI20.MAP@202121	な？　たのむよ！%b	응? 부탁해!%b
1640	map	1	26	/MI20.MAP@202176	こ、これは一体・・・！？%b	이, 이건 대체…!?%b
1641	map	1	57	/MI20.MAP@202235	ちょっと、あんたたち！\nあたしの船で何やってるんだい！！%b	잠깐, 당신들!\n내 배에서 뭐 하는 거야!!%b
1642	map	1	65	/MI20.MAP@202325	ここはゲンユウサイ様の領地だ。%b%h%H%m1%V100［%m0兵士%m1］%V0%m0\n	이곳은 겐유사이 님의 영지다.%b%h%H%m1%V100［%m0병사%m1］%V0%m0\n
1643	map	1	49	/MI20.MAP@202391	ベルザリオン様から直接、\nご通達があったハズだ。%b	벨자리온 님께서 직접\n통지하셨을 텐데.%b
1644	map	1	18	/MI20.MAP@202473	あいつか・・・！%b	그 녀석이…!%b
1645	map	1	51	/MI20.MAP@202524	そういうことだ。%b%h%H%m1%V100［%m0兵士%m1］%V0%m0\n	그런 거다.%b%h%H%m1%V100［%m0병사%m1］%V0%m0\n
1646	map	1	39	/MI20.MAP@202576	このボロ船も\nわれわれが差し押さえる。%b	이 고물 배도\n우리가 압류한다.%b
1647	map	1	49	/MI20.MAP@202648	あたしのガルーダ号を\nボロ呼ばわりするかい！？%b%h	내 가루다호를\n고물 취급해!?%b%h
1648	map	1	39	/MI20.MAP@202730	あんたたち、\n生かしちゃおけないねぇ！%b	당신들\n살려 둘 수 없겠네!%b
1649	map	1	49	/MI20.MAP@202802	バカな連中だ。%b%h%H%m1%V100［%m0兵士%m1］%V0%m0\n	어리석군.%b%h%H%m1%V100［%m0병사%m1］%V0%m0\n
1650	map	1	74	/MI20.MAP@202852	おとなしくゲンユウサイ様に\n服従しておれば、\n痛い目を見ずにすんだものを。%b	얌전히 겐유사이 님께\n복종했더라면\n아픈 꼴은 안 봤을 것을.%b
1651	map	1	82	/MI20.MAP@202959	なんだ、お前らは？\nどうやって、この島へ来た！？%b%h%H%m1%V100［%m0兵士%m1］%V0%m0\n	뭐냐, 너희는?\n어떻게 이 섬에 왔지!?%b%h%H%m1%V100［%m0병사%m1］%V0%m0\n
1652	map	1	62	/MI20.MAP@203042	・・・そうか。\nなるほどな。%b%h%H%m1%V100［%m0兵士%m1］%V0%m0\n	…그렇군.\n과연.%b%h%H%m1%V100［%m0병사%m1］%V0%m0\n
1653	map	1	60	/MI20.MAP@203105	お前らが、\nゲンユウサイ様にはむかう\nおろかな反逆者どもか。%b	너희가\n겐유사이 님께 대드는\n어리석은 반역자들이군.%b
1654	map	1	59	/MI20.MAP@203198	ちょうどいいじゃねぇか。%b%h%H%m1%V100［%m0兵士%m1］%V0%m0\n	마침 잘됐잖아.%b%h%H%m1%V100［%m0병사%m1］%V0%m0\n
1655	map	1	124	/MI20.MAP@203258	さきほどベルザリオン様から、\nこいつらを見かけたら、\nみな殺しにしろって\n言われたばかりだ。%b%h%H%m1%V100［%m0兵士%m1］%V0%m0\n	방금 벨자리온 님께서\n이놈들을 보면\n모조리 죽이라고\n하셨거든.%b%h%H%m1%V100［%m0병사%m1］%V0%m0\n
1656	map	1	113	/MI20.MAP@203383	こんなヘンピな島に配されて、\n出世の道もとざされたとばかり\n思っていたが・・・。%b%h%H%m1%V100［%m0兵士%m1］%V0%m0\n	이런 외딴섬에 배치돼서\n출세길도 막혔다고만\n생각했는데….%b%h%H%m1%V100［%m0병사%m1］%V0%m0\n
1657	map	1	33	/MI20.MAP@203497	ここはいっちょ、\n殺ってやるか！%b	여기선 한번\n해치워 볼까!%b
1658	map	1	27	/MI20.MAP@203563	おうともよ。\n殺らいでか！%b	당연하지.\n해치우자!%b
1659	map	1	37	/MI20.MAP@203622	態勢をととのえて、\nもう一度挑戦だ！%b	태세를 갖춰서\n다시 도전이다!%b
1660	map	1	62	/MI20.MAP@203691	ああ。\nこのままじゃ、いつまでたっても\n町にもどれないからな。%b	그래.\n이대로는 언제까지고\n마을로 못 돌아가니까.%b
1661	map	1	100	/MI20.MAP@203786	なんだ、またもどってきたのか！？\nおとなしくしておればよいものを。%b%h%H%m1%V100［%m0兵士%m1］%V0%m0\n	뭐야, 또 돌아왔나!?\n얌전히 있었으면 좋았을 것을.%b%h%H%m1%V100［%m0병사%m1］%V0%m0\n
1662	map	1	34	/MI20.MAP@203887	今度こそ、みな殺しにしてくれる！%b	이번에야말로 몰살해 주마!%b
1663	map	1	47	/MI30.MAP@131357	冗談じゃねぇ。\nむざむざ逃げられてたまるか！%b%h	웃기지 마.\n순순히 놓칠 것 같냐!%b%h
1664	map	1	30	/MI30.MAP@131436	オレ様をナメんじゃねぇぞ。%b%h	이 몸을 얕보지 마라.%b%h
1665	map	1	39	/MI30.MAP@131498	向こうの船に飛び移るなんざ\n楽勝だぜ！%b	저쪽 배로 건너가는 건\n식은 죽 먹기!%b
1666	map	1	31	/MI30.MAP@131569	そうはいくか！\n後を追うぜ！%b%h	어림없지!\n뒤쫓는다!%b%h
1667	map	1	43	/MI30.MAP@131632	なんとかして、\n向こうの船に飛び移るんだ！%b	어떻게든\n저쪽 배로 옮겨 타는 거야!%b
1668	map	1	51	/MI30.MAP@131708	このまま逃げられてしまうと、\nメンドウですねぇ。%b%h	이대로 도망치면\n귀찮아지겠네요.%b%h
1669	map	1	80	/MI30.MAP@131792	・・・ということは、やっぱり、\n向こうの船に乗り移ってしまうしか\nありませんね。%b	…그렇다는 건 역시\n저쪽 배로 옮겨 탈 수밖에\n없겠군요.%b
1670	map	1	47	/MI30.MAP@131905	逃がしゃしねぇ！\nあいつらの船に飛び移るんだ！%b	안 놓쳐!\n저 녀석들 배로 옮겨 타자!%b
1671	map	1	63	/MI30.MAP@131985	ウホッウホッウホホホホホッ！\n（↑必死に追いかけているらしい）%b	우홋우홋우호호호호!\n（↑필사적으로 쫓는 듯하다）%b
1672	map	1	25	/MI30.MAP@132080	待て！\n逃がすものか！%b%h	기다려!\n놓칠까 보냐!%b%h
1673	map	1	43	/MI30.MAP@132137	くそっ、\nこのままじゃ逃げられてしまう！%b%h	젠장,\n이대로는 놓치고 말겠어!%b%h
1674	map	1	58	/MI30.MAP@132212	・・・よぉし、\nいちかばちか、\n向こうの船に飛び移るんだ！%b	…좋아,\n모 아니면 도다\n저쪽 배로 옮겨 타자!%b
1675	map	1	39	/MI30.MAP@132302	待ちやがれ！\n逃げられると思うなよ！%b%h	거기 서!\n도망칠 수 있겠냐!%b%h
1676	map	1	30	/MI30.MAP@132373	向こうの船に飛び移ってやる！%b	저쪽 배로 옮겨 타 주마!%b
1677	map	1	16	/MI30.MAP@132435	待ちなさい！%b%h	기다려요!%b%h
1678	map	1	75	/MI30.MAP@132483	・・・あああ、\nこのままじゃ、逃げられてしまうわ。どうすれば・・・・・・%b%h	…아아, 이대로는 놓치고 말겠어. 어떡하지……%b%h
1679	map	1	66	/MI30.MAP@132590	・・・しかたがないわ。\n勇気を出して、\n向こうの船に飛び移るのよ！%b	…어쩔 수 없어.\n용기를 내서\n저쪽 배로 옮겨 타는 거야!%b
1680	map	1	22	/MI30.MAP@132688	えぇい、待て待て！%b%h	에잇, 거기 서라!%b%h
1681	map	1	74	/MI30.MAP@132742	ここで賊を逃したとあっては、\nぼっちゃまにあわせる顔が\nないではないか。%b%h	여기서 도적을 놓친다면\n도련님을 뵐 낯이\n없지 않은가.%b%h
1682	map	1	59	/MI30.MAP@132848	こうなったら、向こうの船まで\nひたすら敵を追いかけるのみ！%b	이렇게 된 이상 저쪽 배까지\n오로지 적을 쫓을 뿐!%b
1683	map	1	21	/MI30.MAP@132939	待て！\n逃がさんぞ！%b	서라!\n안 놓친다!%b
1684	map	1	55	/MI30.MAP@132992	モタモタしている時間はない。\n向こうの船に飛び移るぞ！%b	꾸물거릴 시간은 없다.\n저쪽 배로 옮겨 탄다!%b
1685	map	1	54	/MI30.MAP@133048	%H%m1%V100［%m0%s6%m1］%V0%m0\nえ～と、え～と・・・%b%h	%H%m1%V100［%m0%s6%m1］%V0%m0\n음～, 음～…%b%h
1686	map	1	73	/MI30.MAP@133103	%H%m1%V100［%m0%s6%m1］%V0%m0\nこーゆーときは、\nどうしたらいいんだろ？%b%h	%H%m1%V100［%m0%s6%m1］%V0%m0\n이럴 때는\n어떻게 하면 되지?%b%h
1687	map	1	80	/MI30.MAP@133177	%H%m1%V100［%m0%s6%m1］%V0%m0\nえーい、\nとりあえず向こうの船に\n飛び移っちゃえ！%b	%H%m1%V100［%m0%s6%m1］%V0%m0\n에잇,\n일단 저쪽 배로\n옮겨 타 버리자!%b
1688	map	1	48	/MI30.MAP@133297	ちっ！\nあんたたち、\nなかなかやるじゃないか。%b%h	칫!\n당신들\n제법이잖아.%b%h
1689	map	1	66	/MI30.MAP@133380	今回だけは特別に、\nあんたたちの命は\nおあずけにしといてやるよ。%b%h	이번만 특별히\n당신들 목숨은\n맡아 둔 걸로 해 주지.%b%h
1690	map	1	31	/MI30.MAP@133481	お前たち！\n船を切りはなしな！%b	얘들아!\n배를 떼어 내!%b
1691	map	1	60	/MI30.MAP@133562	ハッ、いいカモが\nころがりこんできたもんだよ、\nまったく。%b%h	핫, 좋은 봉이\n굴러 들어왔네,\n정말이지.%b%h
1692	map	1	87	/MI30.MAP@133657	近ごろじゃ、\n船乗りにけむたがられちまって、\nロクに船なんか\n近よりゃしないってのに。%b%h	요즘은\n뱃사람들이 꺼려서\n배가 도통\n가까이 오지도 않는데.%b%h
1693	map	1	70	/MI30.MAP@133779	ま、あたしらに捕まっちまったのが\n不運と思って、\nあきらめておくれよ。%b	뭐, 우리한테 걸린 게\n운이 나빴다 생각하고\n포기해 줘.%b
1694	map	1	43	/MI30.MAP@133881	この船はガルーダ号で\nまちがいないな！？%b%h	이 배가 가루다호가\n틀림없겠지!?%b%h
1695	map	2	19	/MI30.MAP@133956	ボクの名は%s0。%b%h	내 이름은 %s0.%b%h
1696	map	1	70	/MI30.MAP@134007	商船をおそわれて\n困っている町の人たちにかわり、\nお前たちを成敗する。%b	상선을 습격당해\n곤란한 마을 사람들 대신\n너희를 벌하겠다.%b
1697	map	1	24	/MI30.MAP@134112	・・・せいばい・・・%b%h	…벌하겠다…%b%h
1698	map	1	35	/MI30.MAP@134171	成敗だってよ、\nみんな聞いたかい？%b	벌하겠대,\n다들 들었어?%b
1699	map	1	26	/MI30.MAP@134243	ぶわっはっはっはっは！！%b	푸하하하하하!!%b
1700	map	1	18	/MI30.MAP@134301	何がおかしい！！%b	뭐가 우스워!!%b
1701	map	1	30	/MI30.MAP@134354	『何がおかしい』だって！？%b%h	『뭐가 우스워』라고!?%b%h
1702	map	1	43	/MI30.MAP@134419	これ以上おかしいコトが\nあるかってんだ。%b%h	이보다 더 우스운 게\n어디 있겠어.%b%h
1703	map	1	68	/MI30.MAP@134497	できるモンならやってみな。\nただし、\nケガしてもしらないよ、ボウヤ。%b	할 수 있으면 해 봐.\n단,\n다쳐도 난 몰라, 꼬마야.%b
1704	map	1	35	/MI30.MAP@134597	のぞむところだ！\nみんな、いくぞ！%b	바라던 바다!\n다들, 가자!%b
1705	map	1	72	/MI30.MAP@134665	この船ァ、\n今からオレっちらのモンだ！%b%h%H%m1%V100［%m0海賊%m1］%V0%m0\n	이 배는\n지금부터 우리 거다!%b%h%H%m1%V100［%m0해적%m1］%V0%m0\n
1706	map	1	47	/MI30.MAP@134738	命がおしかったら、\nおとなしくしてるこったな。%b	목숨이 아깝거든\n얌전히 있으라고.%b
1707	map	1	24	/MI30.MAP@134817	勝手なことを言うな。%b%h	멋대로 지껄이지 마.%b%h
1708	map	1	39	/MI30.MAP@134873	お前たちの好きなようには\nさせないぞ！%b	너희 마음대로는\n못 하게 하겠어!%b
1709	map	1	28	/MI30.MAP@134945	あんたたちモグリかい！？%b%h	당신들 신참이야!?%b%h
1710	map	1	62	/MI30.MAP@135006	まさか、\nあたいの顔を知らないってんじゃあ\nないだろうねェ！？%b	설마\n내 얼굴을 모른다는 건\n아니겠지!?%b
1711	map	1	66	/MI30.MAP@135101	げ、げぇぇぇっ！\nお、お前・・・%b%h%H%m1%V100［%m0海賊%m1］%V0%m0\n	헉, 허억!\n다, 당신은…%b%h%H%m1%V100［%m0해적%m1］%V0%m0\n
1712	map	1	82	/MI30.MAP@135168	い、いや、あなたさまは、\nガルーダ号の%s12船長！%b%h%H%m1%V100［%m0海賊%m1］%V0%m0\n	아, 아니, 당신은\n가루다호의 %s12 선장!%b%h%H%m1%V100［%m0해적%m1］%V0%m0\n
1713	map	1	33	/MI30.MAP@135251	ひぃぃぃっ、\nどうかおゆるしを！%b	히이이익,\n부디 용서를!%b
1714	map	1	35	/MI30.MAP@135317	もう、おそい！\n海の底で後悔しな！%b	이미 늦었어!\n바닷속에서 후회해!%b
1715	map	1	62	/MIDY.MAP@158241	この山の上に\n何かあるようだが、\n歩いてはのぼれそうにねぇな。%b	이 산 위에\n뭔가 있는 것 같은데\n걸어서는 못 올라가겠군.%b
1716	map	1	104	/MIDY.MAP@158304	%V100　　　　　　　ミディ　東の国境\n%V0%V100［東］　　　ロッサム国\n%V0%V100［西］　　　港町オルトマ%b%V0	%V100　　　　　　　미디　동쪽 국경\n%V0%V100［동］　　　로삼국\n%V0%V100［서］　　　항구 오르트마%b%V0
1717	map	1	172	/MIDY.MAP@158409	%V100　　　　　　　ミディ　西の国境\n%V0%V100［北］　　　ナティスの村\n%V0%V100［東］　　　ロッサム国\n%V0%V100［西］　　　ドラグーン王国\n%V0%V100［南］　　　港町オルトマ%b%V0	%V100　　　　　　　미디　서쪽 국경\n%V0%V100［북］　　　나티스 마을\n%V0%V100［동］　　　로삼국\n%V0%V100［서］　　　드래군 왕국\n%V0%V100［남］　　　항구 오르트마%b%V0
1718	map	3	26	/MIDY.MAP@158582	ドラグーン国に行きますか？	드래군국으로 갈까요?
1719	map	3	24	/MIDY.MAP@158638	ロッサム国に行きますか？	로삼국으로 갈까요?
1720	map	3	12	/MIDY.MAP@158692	ナティスの村	나티스 마을
1721	map	1	73	/MIDY.MAP@158760	村の人の話だと、\nこの建物の中に\nメイって女の子が\nとらわれてるハズだ。%b%h	마을 사람 얘기로는\n이 건물 안에\n메이라는 여자애가\n잡혀 있을 거야.%b%h
1722	map	1	34	/MIDY.MAP@158865	早く助けだしてあげないと・・・。%b	빨리 구해 줘야 해….%b
1723	map	1	20	/MIDY.MAP@158931	ちょっと待てよ。%b%h	잠깐 기다려.%b%h
1724	map	1	64	/MIDY.MAP@158983	まさか、正面から乗りこむ\n・・・って言うんじゃあ\nないだろうな？%b	설마 정면으로 쳐들어간다\n…고 하는 건\n아니겠지?%b
1725	map	1	35	/MIDY.MAP@159127	見ろよ。\n向こう側にも扉がある。%b%h	봐.\n저쪽에도 문이 있어.%b%h
1726	map	1	78	/MIDY.MAP@159194	何がしかけてあるかわからないし、\n両側から調べた方が\n手っとりばやくすむぜ。%b%h	뭐가 설치돼 있을지 모르니\n양쪽에서 조사하는 게\n빨리 끝날 거야.%b%h
1727	map	1	24	/MIDY.MAP@159304	オレが向こうに回ろう。%b	내가 저쪽으로 돌지.%b
1728	map	1	28	/MIDY.MAP@159360	はさみうち、ってワケか。%b%h	협공이라는 거군.%b%h
1729	map	1	54	/MIDY.MAP@159420	よし、\nじゃあ他のみんなも\n二手にわかれてもらおう。%b%h	좋아,\n그럼 다른 사람들도\n두 편으로 나누자.%b%h
1730	map	1	18	/MIDY.MAP@159506	館の中で合流だ。%b	저택에서 합류다.%b
1731	map	1	60	/MIDY.MAP@159556	ここだな。\nナティスの村の\nメイって子が連れてこられた所は。%b	여기군.\n나티스 마을의\n메이라는 애가 끌려온 곳이.%b
1732	map	1	28	/MIDY.MAP@159648	さっそく、中を調べて・・・%b	당장 안을 조사해서…%b
1733	map	1	45	/MIDY.MAP@159708	・・・・・・ん？\n向こう側にも扉があるのか。%b	……응?\n저쪽에도 문이 있나.%b
1734	map	1	74	/MIDY.MAP@159785	何がしかけてあるかわからないし、\n二手にわかれて調べた方が\nよさそうだな。%b	뭐가 설치돼 있을지 모르니\n두 편으로 나눠 조사하는 게\n좋겠군.%b
1735	map	1	41	/MIDY.MAP@159901	こんなとこに、\n妙な建物つくりやがって。%b	이런 데에\n이상한 건물을 짓다니.%b
1736	map	1	36	/MIDY.MAP@159974	ま、\n今のオレたちにゃ\n関係ないか。%b	뭐,\n지금의 우리하곤\n상관없나.%b
1737	map	1	45	/MIDY.MAP@160065	早いとこ、\nメイって子を助けてやんなきゃな。%b	얼른\n메이라는 애를 구해 줘야지.%b
1738	map	1	44	/MIDY.MAP@160142	よし、\nまた二手にわかれて\n中を調べようぜ。%b	좋아,\n또 두 편으로 나눠\n안을 조사하자.%b
1739	map	1	78	/MIDY.MAP@160218	あの女の子は助けたってのに、\nこの館の教団のことが\nどうにも気がかりだ・・・。%b	그 여자애는 구했지만\n이 저택의 교단 일이\n아무래도 마음에 걸려….%b
1740	map	1	44	/MIDY.MAP@160328	もう１度、\n二方向から\n館を調べてみようぜ。%b	한 번 더\n두 방향에서\n저택을 조사해 보자.%b
1741	map	1	12	/MIDY.MAP@160383	港町オルトマ	항구오르트마
1742	map	1	40	/MIDY.MAP@163428	そっ、そうさ、\n%s1の言うとおりだよ。%b%h	그, 그래,\n%s1 말대로야.%b%h
1743	map	1	68	/MIDY.MAP@163501	%s11も、\n大きな戦いを前にひかえて、\nちょっと気が立ってただけだよ。%b	%s11도\n큰 싸움을 앞두고\n좀 날카로워졌을 뿐이야.%b
1744	map	1	31	/MIDY.MAP@163601	そうですとも、\nぼっちゃま。%b%h	그렇고말고요,\n도련님.%b%h
1745	map	1	70	/MIDY.MAP@163664	ここでぼっちゃまが\nしっかりと意志表示を\nしてくださいませんと・・・%b%h	여기서 도련님께서\n확실하게 의사를\n밝혀 주시지 않으면…%b%h
1746	map	1	54	/MIDY.MAP@163766	それこそ、\n後々のみなの士気に\nかかわってまいります。%b	그야말로\n앞으로 모두의 사기에\n관계됩니다.%b
1747	map	1	60	/MIDY.MAP@163912	と、とにかくっ！\n今はこんな所で\nもめてる場合じゃないんだ。%b	아, 아무튼!\n지금은 이런 데서\n다툴 때가 아니야.%b
1748	map	1	54	/MIDY.MAP@164004	さっさと\n幽玄の森を調べる仲間を決めて\n中に入ろうぜ！%b	얼른\n유현의 숲 조사할 동료를\n정해서 들어가자!%b
1749	map	1	49	/MIDY.MAP@164100	ここからだと、少しだけ\n森の中の様子が見えるね。%b	여기서라면 조금\n숲속 모습이 보이네.%b
1750	map	1	47	/MIDY.MAP@164181	それにしても、\nなんて深い森なんだろう・・・。%b	그건 그렇고\n어쩜 이렇게 깊은 숲일까….%b
1751	map	1	50	/MIDY.MAP@164260	こんな森、\nボクたちだけで\n調べられるんだろうか？%b	이런 숲을\n우리만으로\n조사할 수 있을까?%b
1752	map	1	28	/MIDY.MAP@164342	そのことなんだけど・・・%b%h	그 일 말인데…%b%h
1753	map	1	75	/MIDY.MAP@164402	二手にわかれて、\nそれぞれちがう方向から\n調べるっていうのは、\nどうかしら？%b	두 편으로 나눠서\n각자 다른 방향에서\n조사하는 건\n어떨까?%b
1754	map	1	54	/MIDY.MAP@164509	でも、\nそれだと人数がへって\n危険なんじゃないかな。%b%h	하지만\n그러면 인원이 줄어서\n위험하지 않을까.%b%h
1755	map	1	51	/MIDY.MAP@164595	ボクはやっぱり、\n全員で行動した方がいいと思う。%b%h	난 역시\n다 같이 움직이는 게 좋다고 봐.%b%h
1756	map	1	61	/MIDY.MAP@164678	とりあえずこの辺りから、\n森の中に入って行けそうだから・・・%b	일단 이 근처에서\n숲속으로 들어갈 수 있을 듯하니…%b
1757	map	1	39	/MIDY.MAP@164772	・・・・・・フッ、\nあまいぜ、王子。%b%h	……훗,\n물러, 왕자.%b%h
1758	map	1	73	/MIDY.MAP@164844	そんな、\nあからさまにアヤシイ道を\n通って行くなんて、\nどうかしてるぜ。%b%h	그렇게\n대놓고 수상한 길을\n지나가겠다니\n정신 나갔군.%b%h
1759	map	1	76	/MIDY.MAP@164950	ここは少しくらい強引にでも、\n一気に森を突っ切った方が\n得策ってぇもんだぜ。%b	여기선 좀 억지를 써서라도\n단숨에 숲을 가로지르는 게\n상책이라고.%b
1760	map	1	81	/MIDY.MAP@165058	・・・だからって、\nそんな方へ進んで、\nもしみんな\nバラバラになったりしたら・・・%b	…그렇다고\n그런 쪽으로 가다가\n혹시 다들\n뿔뿔이 흩어지기라도 하면…%b
1761	map	1	37	/MIDY.MAP@165172	だーーーーーっ、\nうざってぇーっ！%b%h	으아아아아,\n짜증 나!%b%h
1762	map	1	45	/MIDY.MAP@165242	いちいち、\nンなこと気にしてる場合かよっ！%b%h	일일이\n그런 거 신경 쓸 때냐!%b%h
1763	map	1	60	/MIDY.MAP@165320	『もしみんなバラバラになったら』？・・・上等じゃねぇか！%b%h	『혹시 다들 흩어지면』?…좋다 이거야!%b%h
1764	map	1	81	/MIDY.MAP@165413	オレは一人でも、\nはいつくばってでも\nゲンユウサイの所に\nたどりついてみせるぜ！%b%h	난 혼자서라도\n기어서라도\n겐유사이한테\n가고야 말겠어!%b%h
1765	map	1	89	/MIDY.MAP@165527	だいたいお前ら、\nなんでこんな\nあまったれ王子の言うコト、\nおとなしく聞いてやがんだ！？%b%h	애초에 너희들\n왜 이런\n응석받이 왕자 말을\n고분고분 듣는 거야!?%b%h
1766	map	1	55	/MIDY.MAP@165649	どいつもゲンユウサイに対しちゃ、\n腹に一物あんだろ？%b%h	다들 겐유사이한테는\n속에 품은 게 있잖아?%b%h
1767	map	1	43	/MIDY.MAP@165737	なんで、\n自分の思うようにやんねぇんだ！？%b	왜\n자기 뜻대로 안 하는 거야!?%b
1768	map	1	53	/MIDY.MAP@165934	ああ、そうかいそうかい！\n悪モンはオレだけってか！%b%h	아아, 그래 그래!\n나만 나쁜 놈이라 이거지!%b%h
1769	map	1	24	/MIDY.MAP@166020	けっ、好きにしろよ！%b%h	쳇, 마음대로 해!%b%h
1770	map	1	41	/MIDY.MAP@166077	オレはオレで、\n勝手にやらせてもらうぜ！%b	난 나대로\n멋대로 하겠어!%b
1771	map	1	25	/MIDY.MAP@166150	%s11！\n待ちなさいよ！%b%h	%s11!\n기다려!%b%h
1772	map	1	34	/MIDY.MAP@166207	ほら、%s0、\nあなたも引き止めて！%b	자, %s0,\n너도 붙잡아!%b
1773	map	1	20	/MIDY.MAP@166273	けど・・・・・・。%b	하지만……%b
1774	map	1	70	/MIDY.MAP@166381	・・・気にするな。\nこれでもみんな、\nお前さんをたよりにしてんだぜ。%b%h	…신경 쓰지 마.\n저래 봬도 다들\n널 믿고 있다고.%b%h
1775	map	1	18	/MIDY.MAP@166483	なっ、みんな！？%b	앗, 다들!?%b
1776	map	1	47	/MIDY.MAP@166534	さぁ・・・\nみなさんが、お着きになりましたよ。%b	자…\n여러분이 도착하셨습니다.%b
1777	map	1	23	/MIDY.MAP@166613	あれ？\nここは・・・？%b	어라?\n여긴…?%b
1778	map	1	78	/MIDY.MAP@166668	何がどうなってんだ！？\nオレたちはさっきまで、\nどうくつにもぐってたハズだぜ？%b	대체 어떻게 된 거야!?\n우린 방금 전까지\n동굴에 들어가 있었을 텐데?%b
1779	map	1	58	/MIDY.MAP@166779	おちついてください。\nあなた方は、\n私が呼びあつめました。%b	진정하세요.\n여러분은\n제가 불러 모았습니다.%b
1780	map	1	37	/MIDY.MAP@166869	キミは・・・\nいったい、だれなんだ？%b	넌…\n대체 누구야?%b
1781	map	1	45	/MIDY.MAP@166938	それにボクたちを呼んだって、\nどういうこと？%b	게다가 우리를 불렀다니\n무슨 소리야?%b
1782	map	1	22	/MIDY.MAP@167016	私は、この森の妖精。%b	저는 이 숲의 요정.%b
1783	map	1	86	/MIDY.MAP@167071	かつては美しかったこの森も、\n『扉』が開かれたために\nやがて死にたえてしまうでしょう。%b	예전엔 아름다웠던 이 숲도\n『문』이 열린 탓에\n머지않아 죽어 버릴 거예요.%b
1784	map	1	89	/MIDY.MAP@167190	それはこの森にかぎらず、\nこの世界すべてが\nやがては同じ運命を\nたどることになるでしょう。%b	그건 이 숲만이 아니라\n이 세상 모두가\n머지않아 같은 운명을\n걷게 될 거예요.%b
1785	map	1	59	/MIDY.MAP@167312	あなた方を呼んだのは、\nそれを食い止めてもらうため・・・。%b	여러분을 부른 건\n그걸 막아 주셨으면 해서….%b
1786	map	1	79	/MIDY.MAP@167404	ゲンユウサイがこの森にもたらした、邪悪な意志を\n消し去っていただきたいのです。%b	겐유사이가 이 숲에 가져온 사악한 의지를\n없애 주셨으면 해요.%b
1787	map	1	37	/MIDY.MAP@167515	そのためには、\n『次元の扉』を・・・%b	그러려면\n『차원의 문』을…%b
1788	map	1	68	/MIDY.MAP@167585	わかっています・・・\nあなた方には\n通っていただくしかありませんね。%b	알고 있어요…\n여러분이\n지나가 주시는 수밖에 없겠죠.%b
1789	map	1	97	/MIDY.MAP@167686	・・・いますぐ、\nそこへご案内してもいいのですが、\nあなた方も\nおつかれになっていることでしょう。%b	…지금 당장\n그곳으로 안내해도 되지만\n여러분도\n지쳐 계시겠지요.%b
1790	map	1	82	/MIDY.MAP@167816	これからの、\n長くつづく戦いにそなえるためにも\n少しお休みになってはいかがですか？%b	앞으로의\n길게 이어질 싸움에 대비해서라도\n잠시 쉬시는 게 어떨까요?%b
1791	map	1	62	/MIDY.MAP@167931	準備がととのいましたら、\nもう一度この先の森に\nお入り下さい。%b	준비가 다 되시면\n다시 이 앞의 숲으로\n들어오세요.%b
1792	map	1	80	/MIDY.MAP@168026	ご心配はいりません。\nその時は、私があなた方を\n次元の扉まで導いてさしあげます。%b	걱정하실 건 없어요.\n그때는 제가 여러분을\n차원의 문까지 이끌어 드릴게요.%b
1793	map	1	70	/MIDY.MAP@168139	よろしいですか？\n準備がととのったら、\nまた、ここへいらしてください。%b	아시겠죠?\n준비가 다 되면\n다시 여기로 와 주세요.%b
1794	map	1	32	/MIDY.MAP@168242	・・・お待ちしております・・・%b	…기다리고 있을게요…%b
1795	map	1	24	/MIDY.MAP@168306	どうなってんだ・・・？%b	어떻게 된 거지…?%b
1796	map	1	26	/MIDY.MAP@168362	・・・わからない・・・。%b	…모르겠어….%b
1797	map	1	77	/MIDY.MAP@168420	でも、どうやら\nボクたちが進むべき道は\nあの妖精さんが\n示してくれるみたいだ。%b	하지만 아무래도\n우리가 나아갈 길은\n그 요정님이\n알려 줄 것 같아.%b
1798	map	1	60	/MIDY.MAP@168529	いまは、\n言われたとおり、\n戦いにのぞむ準備をととのえよう。%b	지금은\n말한 대로\n싸울 준비를 갖추자.%b
1799	map	1	54	/MIDY.MAP@168621	それが済んだら、\n思い切って、\nまた森に入ってみよう。%b	그게 끝나면\n과감하게\n다시 숲에 들어가 보자.%b
1800	map	1	39	/MIDY.MAP@168707	メンドーなことに\nなってきたな・・・。%b	귀찮게\n되어 가는군….%b
1801	map	2	22	/MIDY.MAP@168747	幽玄の森に入りますか？	유현의 숲에 갈까요?
1802	map	1	22	/MIDY.MAP@168831	次元の扉に行きますか？	차원의 문으로 갈까요?
1803	map	1	51	/MIDY.MAP@168909	カカルクランにもどるんなら、\nあの水晶を使おうぜ。%b	카칼클랜으로 돌아갈 거면\n그 수정을 쓰자고.%b
1804	map	1	56	/MIDY.MAP@168992	いちいち、\n『次元の道』をとおってちゃ\n日がくれちまう。%b	일일이\n『차원의 길』로 다녔다간\n날이 저물겠어.%b
1805	map	1	46	/MIDY.MAP@169081	子分たちは、\n船といっしょに\nあずけてきたよ。%b	부하들은\n배랑 같이\n맡기고 왔어.%b
1806	map	1	73	/MIDY.MAP@169160	・・・まぁ、\n町の人も納得しかねる様子だったけどタダばたらきを条件にね。%b	…뭐,\n마을 사람들도 납득 못 했지만 무보수를 조건으로 말이야.%b
1807	map	1	25	/MIDY.MAP@169265	すみません、\n%s12さん。%b	죄송해요,\n%s12 씨.%b
1808	map	1	34	/MIDY.MAP@169322	わざわざボクたちのために・・・。%b	일부러 우리를 위해서….%b
1809	map	1	18	/MIDY.MAP@169389	いいってコトよ。%b	괜찮다니까.%b
1810	map	1	48	/MIDY.MAP@169440	これは、\nあたし自身の\nモンダイでもあるからね。%b	이건\n나 자신의\n문제이기도 하니까.%b
1811	map	1	41	/MIDY.MAP@169520	でも、%s12さん。\nどうして海賊なんかを？%b	그런데 %s12 씨.\n왜 해적 같은 걸?%b
1812	map	1	78	/MIDY.MAP@169593	こうやって話してると、\nとてもそんなことをなさるようには\n思えないんですけど？%b	이렇게 얘기해 보면\n도저히 그런 일을 하실 분으로\n안 보이는데요?%b
1813	map	1	87	/MIDY.MAP@169703	なんて言うか・・・\nどことなく気品とか、\n家柄のよさっていうものが\n感じられます・・・。%b	뭐랄까…\n어딘지 모르게 기품이랄까\n좋은 집안 같은 게\n느껴져요….%b
1814	map	1	40	/MIDY.MAP@169823	あはは、\nそれは\n女のカンってやつかい？%b	아하하,\n그건\n여자의 감이라는 거야?%b
1815	map	1	51	/MIDY.MAP@169896	・・・残念だが、\nそいつぁ、とんだ見立てちがいだ。%b	…아쉽지만\n그건 완전히 잘못 본 거야.%b
1816	map	1	39	/MIDY.MAP@169980	・・・あたしはただの\n海賊船のボスさ。%b	…난 그냥\n해적선 두목이야.%b
1817	map	1	45	/MIDY.MAP@170052	あたしのことなんて\nどうでもいいじゃないか。%b	내 얘기 따윈\n아무래도 좋잖아.%b
1818	map	1	39	/MIDY.MAP@170130	それより、ほら\n次はどこへ行くんだい？%b	그보다, 자\n다음엔 어디로 가?%b
1819	map	1	79	/MIDY.MAP@170202	もし、あの島に行くんなら\nこの町にいる\nあたしの子分たちに\n船を出させるからさ。%b	혹시 그 섬에 갈 거면\n이 마을에 있는\n내 부하들한테\n배를 내라고 할게.%b
1820	map	1	35	/MIDY.MAP@170314	そのとき以外は\nあんたがボスだよ。%b	그때 말고는\n당신이 두목이야.%b
1821	map	1	45	/MIDY.MAP@170537	%s0、\n早いとこ、\n幽玄の森を調べてみようぜ。%b	%s0,\n얼른\n유현의 숲을 조사해 보자.%b
1822	map	1	55	/MIDY.MAP@170703	ミディ国に入ったようだな。\nこれから、どこへ行こうか？%b	미디국에 들어온 모양이군.\n이제 어디로 갈까?%b
1823	map	1	309	/MN00.MAP@150009	本日、夕刻より\n \n「最近、人さらいが出るってウワサだよ　マイク」\n \n「おまえはだいじょうぶだよ！　ジョン」%b  %aファンクラブ通信：\n謎の教団よりメイちゃんを守れ！\nボディーガードメンバーを募集中！\n詳しくは、ファンクラブ事務所まで。\n \n「↑オレも応募しようかな　マイク」\n \n「↑おまえじゃ役に立たないよ！　ジョン」%b	오늘 저녁부터\n \n「요즘 사람 납치범이 나온대　마이크」\n \n「넌 괜찮아!　존」%b  %a팬클럽 통신:\n수수께끼 교단으로부터 메이 양을 지켜라!\n보디가드 멤버를 모집 중!\n자세한 것은 팬클럽 사무소로.\n \n「↑나도 응모해 볼까　마이크」\n \n「↑넌 도움이 안 돼!　존」%b
1824	map	1	208	/MN00.MAP@150487	本日、夕刻より%b %aファンクラブ通信：\n謎の教団よりメイちゃんを守れ！\n親衛隊メンバー募集中！\n詳しくは、ファンクラブ事務所まで。\n \n「↑オレも応募しようかな　マイク」\n \n「↑おまえじゃ役に立たないよ！　ジョン」%b	오늘 저녁부터%b %a팬클럽 통신:\n수수께끼 교단으로부터 메이 양을 지켜라!\n친위대 멤버 모집 중!\n자세한 것은 팬클럽 사무소로.\n \n「↑나도 응모해 볼까　마이크」\n \n「↑넌 도움이 안 돼!　존」%b
1825	map	1	285	/MN00.MAP@150696	%v100ナティスのひろば\nご自由にお書きください\n \n「落書きすんなよな　マイク」\n \n「お前だよ、お前！　あ、オレもか。　ジョン」%b %a冒険者の方をつのっています。\nくわしいことは、右横の建物で\n \nファンクラブ通信：\n村の人気者、メイちゃんが行方不明！\n何かご存じの方は、ファンクラブ事務所まで。%b	%v100나티스 광장\n자유롭게 써 주세요\n \n「낙서하지 마라　마이크」\n \n「너 말이야, 너! 아, 나도인가.　존」%b %a모험가를 모집하고 있습니다.\n자세한 것은 오른쪽 옆 건물에서\n \n팬클럽 통신:\n마을의 인기인 메이 양이 행방불명!\n아시는 분은 팬클럽 사무소로.%b
1826	map	1	277	/MN00.MAP@150984	%v100ナティスのひろば\nご自由にお書きください\n \n「落書きしただろ！　マイク」\n \n「お前だよ、お前！　このまえ書いただろ～！！　ジョン」%b %aファンクラブ通信：\nメイちゃん救出される！\nありがとう！旅の冒険者達\n「↑オレのことだよ、オレ！　マイク」\n \n「↑ウソこけ、ば～か！　ジョン」%b	%v100나티스 광장\n자유롭게 써 주세요\n \n「낙서했지!　마이크」\n \n「너 말이야, 너! 요전에 썼잖아～!!　존」%b %a팬클럽 통신:\n메이 양 구출되다!\n고마워요! 여행하는 모험가들\n「↑내 얘기야, 나!　마이크」\n \n「↑거짓말 마, 바～보!　존」%b
1827	map	1	334	/MN00.MAP@151264	%v100ナティスのひろば\nご自由にお書きください\n \n「落書きすんなよ、本当にな！　マイク」\n \n「お前まだやってるのか！あきれたね。　ジョン」%b %aファンクラブ通信：大ショック！メイちゃんに意中の男性？\n大切にしていたお守りを%s1と呼ばれる\n東洋人に渡したもよう！\n \n「↑オレがもらったんだよ、本当！　マイク」\n \n「↑ウソこけ、ば～か！　ジョン」%b	%v100나티스 광장\n자유롭게 써 주세요\n \n「낙서하지 마, 진짜로!　마이크」\n \n「너 아직도 하냐! 어이없다.　존」%b %a팬클럽 통신:대충격! 메이 양에게 마음에 둔 남자가?\n소중히 여기던 부적을 %s1라는\n동양인에게 건넨 듯!\n \n「↑내가 받았어, 진짜!　마이크」\n \n「↑거짓말 마, 바～보!　존」%b
1828	map	2	177	/MN00.MAP@151769	本日、夕刻より%b %a冒険者の方をつのっています。\nくわしいことは、右横の建物で\n \nファンクラブ通信：\n村の人気者、メイちゃんが行方不明！\n何かご存じの方は、ファンクラブ事務所まで。%b	오늘 저녁부터%b %a모험가를 모집하고 있습니다.\n자세한 것은 오른쪽 옆 건물에서\n \n팬클럽 통신:\n마을의 인기인 메이 양이 행방불명!\n아시는 분은 팬클럽 사무소로.%b
1829	map	2	159	/MN00.MAP@152104	本日、夕刻より%b %aファンクラブ通信：\nメイちゃん救出される！\nありがとう！旅の冒険者達\n「↑オレのことだよ、オレ！　マイク」\n \n「↑ウソこけ、ば～か！　ジョン」%b	오늘 저녁부터%b %a팬클럽 통신:\n메이 양 구출되다!\n고마워요! 여행하는 모험가들\n「↑내 얘기야, 나!　마이크」\n \n「↑거짓말 마, 바～보!　존」%b
1830	map	1	215	/MN00.MAP@152457	本日、夕刻より%b %aファンクラブ通信：\n大ショック！メイちゃんに意中の男性？\n大切にしていたお守りを%s1と呼ばれる\n東洋人に渡したもよう！\n \n「↑オレがもらったんだよ、本当！　マイク」\n \n「↑ウソこけ、ば～か！　ジョン」%b	오늘 저녁부터%b %a팬클럽 통신:\n대충격! 메이 양에게 마음에 둔 남자가?\n소중히 여기던 부적을 %s1라는\n동양인에게 건넨 듯!\n \n「↑내가 받았어, 진짜!　마이크」\n \n「↑거짓말 마, 바～보!　존」%b
1831	map	1	214	/MN00.MAP@153275	本日、夕刻より%b %aファンクラブ通信：大ショック！メイちゃんに意中の男性？\n大切にしていたお守りを%s1と呼ばれる\n東洋人に渡したもよう！\n \n「↑オレがもらったんだよ、本当！　マイク」\n \n「↑ウソこけ、ば～か！　ジョン」%b	오늘 저녁부터%b %a팬클럽 통신:대충격! 메이 양에게 마음에 둔 남자가?\n소중히 여기던 부적을 %s1라는\n동양인에게 건넨 듯!\n \n「↑내가 받았어, 진짜!　마이크」\n \n「↑거짓말 마, 바～보!　존」%b
1832	map	4	51	/MN00.MAP@153576	ん、なんだね。\nわたしに聞きたいことでもあるのかね？	음, 무슨 일인가.\n나한테 묻고 싶은 거라도 있나?
1833	map	1	12	/MN00.MAP@153724	オルトマの町	오르트마
1834	map	1	12	/MN00.MAP@153740	あやしい教団	수상한 교단
1835	map	1	14	/MN00.MAP@153756	とっておきの話	특별한 이야기
1836	map	2	14	/MN00.MAP@153772	ドラグーン王国	드래군 왕국
1837	map	1	8	/MN00.MAP@153788	ロッサム	로삼
1838	map	5	8	/MN00.MAP@153800	外に出る	나가기
1839	map	1	111	/MN00.MAP@153812	南の港町オルトマでは\n商船をおそう海賊になやまされているそうだ。\nわたしでは力になれんが\nどうにかならんものか。%b	남쪽 항구 오르트마에서는\n상선을 습격하는 해적 때문에 골치라더군.\n나로선 힘이 못 되지만\n어떻게 안 될까.%b
1840	map	1	123	/MN00.MAP@153924	なんと！\n海賊が町を守っているそうじゃないか！\n南にある港町オルトマに住む知人が言っていたよ。\nいったい何があったんだろう？%b	이럴 수가!\n해적이 마을을 지키고 있다는군!\n남쪽 항구 오르트마에 사는 지인이 그러더군.\n대체 무슨 일이 있었을까?%b
1841	map	1	152	/MN00.MAP@154048	最近この村の北に\nなんとか教団の支部ができたんだよ。\nあやしいヤツラが出入りしているし、\n夜中には変な声が聞こえるって具合でね。\n気味悪くてしかたないね。%b	요즘 이 마을 북쪽에\n무슨 교단의 지부가 생겼어.\n수상한 놈들이 드나들고\n밤중엔 이상한 소리가 들린다니까.\n기분 나빠서 못 견디겠어.%b
1842	map	1	133	/MN00.MAP@154204	正面の家のメイちゃんが、\n教団のヤツらにさらわれたっていうじゃないか。\nあいつらあやしいと思っていたんだよ。\n何とかできないもんかね。%b	앞집 메이가\n교단 놈들한테 잡혀갔다지 뭐야.\n그놈들 수상하다 싶었어.\n어떻게 안 될까.%b
1843	map	1	119	/MN00.MAP@154340	ああっ！メイちゃんを助け出してくれたんだ。\nそうか、良かったね。\nさあ、おかあさんが待ってるよ。\nすぐ行ってやりなさい。%b	앗! 메이를 구해 줬구나.\n그래, 잘됐네.\n자, 엄마가 기다리고 있어.\n얼른 가 보렴.%b
1844	map	1	96	/MN00.MAP@154460	メイちゃんを助け出してくれた方ですね。\n世の中、まだまだすてたもんじゃない。\nよかったよかった。%b	메이를 구해 주신 분들이군요.\n세상은 아직 살 만하네요.\n잘됐다 잘됐어.%b
1845	map	1	252	/MN00.MAP@154560	わたしも昔はある貴族につかえていたのだが\nそこに仲の良い兄妹がいたんだよ。\nわたしをよく慕ってくれていてね。%b %aだがその貴族の一家と海に出たとき\n大嵐にあってしまい生き残ったのは\nわたしひとり.........%b %aあの兄妹を救えなかったことが\n今でも心残りだよ。%b	나도 옛날엔 어느 귀족을 모셨는데\n거기에 사이좋은 남매가 있었지.\n나를 무척 따랐었어.%b %a하지만 그 귀족 일가와 바다에 나갔을 때\n큰 폭풍을 만나 살아남은 건\n나 혼자뿐……%b %a그 남매를 구하지 못한 게\n지금도 한이 돼.%b
1846	map	1	173	/MN00.MAP@154816	そこにいらっしゃるワイルドな女性だが\nわしの知っておる御方に生き写しだよ・・・。。%b %aまさか・・・、いや、\nあんたどこの生まれだね？%b %a話したくない？\nそうか・・・残念だ。%b	거기 계신 와일드한 여성 말인데\n내가 아는 분과 꼭 닮았구먼….%b %a설마…, 아니,\n당신 어디 출신인가?%b %a말하고 싶지 않다고?\n그런가…아쉽군.%b
1847	map	1	171	/MN00.MAP@154992	ドラグーンと言えば、\nむかし、大魔導士の師弟がリグロード制圧を\nもくろんだとき、それを打ち破ったのが、%b %aクイーンズランド王、\nドラグーン王\nそして雲海の賢者だったんだよ。%b	드래군이라고 하면\n옛날 대마도사 사제가 리그로드 제압을\n꾀했을 때 그걸 무찌른 게%b %a퀸즈랜드 왕,\n드래군 왕\n그리고 운해의 현자였지.%b
1848	map	1	110	/MN00.MAP@155164	ドラグーン王が亡くなられたそうだね。\nこれで、「魔導戦役」の生き残りは\n雲海の賢者だけになってしまったわけだ。%b	드래군 왕이 돌아가셨다더군.\n이로써 「마도 전쟁」의 생존자는\n운해의 현자뿐이 된 셈이야.%b
1849	map	1	103	/MN00.MAP@155276	そういえば、\nずっと東にあるロッサム国には\nすごい魔導士がいるそうだ。\nいったい、どんな人物なのだろう。%b	그러고 보니\n저 동쪽 로삼국에는\n굉장한 마도사가 있다더군.\n대체 어떤 인물일까.%b
1850	map	1	139	/MN00.MAP@155380	最近になって、\n東にあるロッサム国の古代遺跡が、\n何者かにあらされたというウワサを耳にしたよ。%b %aなんだって、そんなことをするのだろうね？%b	최근\n동쪽 로삼국의 고대 유적이\n누군가에게 파헤쳐졌다는 소문을 들었어.%b %a대체 왜 그런 짓을 하는 걸까?%b
1851	map	1	25	/MN00.MAP@155555	Tん、あたしに何か用かい？	T어머, 무슨 볼일이에요?
1852	map	1	124	/MN00.MAP@155660	話と言っても、\nいまは北の山中の館にとらわれた\n娘のことだけが気がかりでね。%b %aすまないねぇ\n話すことが見つからないんだよ。%b	이야기라 해도\n지금은 북쪽 산속 저택에 잡혀간\n딸 생각뿐이라서요.%b %a미안해요\n할 이야기가 없네요.%b
1853	map	1	121	/MN00.MAP@155788	あんたら\nあちこち旅して回ってるんだってね。\n最近じゃブッソウなモンスターが\nうろついてるって言うから、気をつけるんだよ。%b	당신들\n여기저기 여행하며 다닌다면서요.\n요즘 험악한 몬스터가\n어슬렁거린다니 조심해요.%b
1854	map	1	391	/MN00.MAP@155912	おや・・・？\n立てふだを見て来てくれたのかい？\n実は北の山中に、あやしい館があってね。\nそこのやつらが娘をさらって行っちまったんだよ。%b %aしかも、その館は高い山の上にあって、人の足では近づけないものでね。\n娘の名は『メイ』って言うんだけど\nどうか助けてやってくれないかい？%b %aムリにはたのめないけど心にとめといておくれよ。\n北の山中にある館だからね。\n・・・え～と、それでどんなご用だったかね？%b	어머…?\n팻말을 보고 와 준 거예요?\n실은 북쪽 산속에 수상한 저택이 있는데\n거기 놈들이 딸을 잡아가 버렸어요.%b %a게다가 그 저택은 높은 산 위라서 사람 발로는 못 가요.\n딸 이름은 『메이』라고 하는데\n부디 구해 주지 않겠어요?%b %a억지로 부탁할 순 없지만 기억해 둬요.\n북쪽 산속에 있는 저택이에요.\n…음, 그래서 무슨 일로 오셨죠?%b
1855	map	1	171	/MN00.MAP@156304	おや・・・あんたらだったのかい？\nどうだい、さらわれた娘は助かりそうかい？%b %aムリなら仕方ないけど、力になってくれるのなら、\n北の山中にあるあやしげな館へ向かっておくれ。%b	어머…당신들이었어요?\n어때요, 잡혀간 딸은 구할 수 있을 것 같아요?%b %a무리라면 어쩔 수 없지만 힘이 되어 준다면\n북쪽 산속의 수상한 저택으로 가 줘요.%b
1856	map	1	293	/MN00.MAP@156476	おや・・・\nあんたらだったのかい？\nん・・・？　\nあんたが背中におぶってるのは・・・%b %aメイ！　\nああ、助け出して来てくれたんだね！\nありがとうよ、あんたらにたのんでよかったよ。%b %aすまないけど、娘の様子が気になるから\nいったん引き取ってくれないかい？\n目をさましたら、あらためて礼をするからさ。%b	어머…\n당신들이었어요?\n응…?\n당신이 등에 업고 있는 건…%b %a메이!\n아아, 구해 와 줬군요!\n고마워요, 당신들한테 부탁하길 잘했어요.%b %a미안하지만 딸이 걱정되니까\n일단 돌아가 주지 않겠어요?\n깨어나면 다시 사례할게요.%b
1857	map	1	119	/MN00.MAP@156772	あの教団の連中が何か\nしでかすんじゃないだろうかって\n心配でしょうがないよ。\nあたしの娘に何かあったらって考えるとねぇ。%b	그 교단 놈들이 무슨 일을\n저지르지나 않을까\n걱정돼서 못 견디겠어요.\n우리 딸한테 무슨 일이 생길까 봐요.%b
1858	map	1	42	/MN00.MAP@157542	 \\いらっしゃい。\nゆっくり見てっておくれ。\n	 \\어서 와요.\n천천히 보고 가요.\n
1859	map	2	32	/MN00.MAP@157664	おやおや、何か売りに来たのかね？	어머어머, 뭔가 팔러 왔나?
1860	map	2	26	/MN00.MAP@157736	どれを買ってくれるんだね？	어느 걸 사 주겠나?
1861	map	2	26	/MN00.MAP@157764	どれを売ってくれるんだね？	어느 걸 팔아 주겠나?
1862	map	2	40	/MN00.MAP@157792	おやおや、何も売るものがないようだのう。	어머어머, 팔 물건이 없는 모양이구먼.
1863	map	1	66	/MO00.MAP@144583	l%v100オルトマの町　広報\n \n \n今月の標語\n「海賊に気をつけよう！」%b	l%v100오르트마 마을　홍보\n \n \n이달의 표어\n「해적을 조심합시다!」%b
1864	map	1	177	/MO00.MAP@144652	%v100オルトマの町　広報\n \nガルーダ号の元海賊のみなさんが\n町の防衛に協力をしてくれることになりました。\nとられた積荷も戻ったことですし\n全てを水に流し力を合わせがんばりましょう！%b	%v100오르트마 마을　홍보\n \n가루다호의 전 해적 여러분이\n마을 방위에 협력해 주시게 되었습니다.\n빼앗긴 짐도 돌아왔으니\n모든 걸 물에 흘려보내고 힘을 합쳐 힘냅시다!%b
1865	map	1	251	/MO00.MAP@144832	%v100オルトマの町　広報\n \n「ゲンユウサイ討たれる！」\n先日入った情報によると\nクイーンズランド王子の活躍により、\nゲンユウサイは討ち取られたもよう。\nまもなく、戦いもおさまると思われます。\n\nおかしらぁー！帰って来てくだせぇー！！\n海がよんでますぜぇー！！%b	%v100오르트마 마을　홍보\n \n「겐유사이 토벌되다!」\n지난번 들어온 정보에 따르면\n퀸즈랜드 왕자의 활약으로\n겐유사이가 토벌된 듯합니다.\n곧 싸움도 가라앉을 것입니다.\n\n두목～! 돌아와 주십쇼～!!\n바다가 부릅니다요～!!%b
1866	map	1	241	/MO00.MAP@145084	%v100オルトマの町　広報\n \n最近町周辺に、新種のモンスターが\n出現するようになりました！！\n十二分に注意をしてください。\n\nおかしらぁー！帰って来てくだせぇー！！\n海がよんでますぜぇー！！\n↑すまねぇ、おかしら。\nモンスター退治を優先してくだせぇ。%b	%v100오르트마 마을　홍보\n \n최근 마을 주변에 새로운 몬스터가\n나타나게 되었습니다!!\n충분히 주의해 주십시오.\n\n두목～! 돌아와 주십쇼～!!\n바다가 부릅니다요～!!\n↑죄송합니다, 두목.\n몬스터 퇴치를 우선해 주십쇼.%b
1867	map	1	12	/MO00.MAP@145584	ドラグーン国	드래군국
1868	map	2	10	/MO00.MAP@145600	ロッサム国	로삼국
1869	map	1	112	/MO00.MAP@145624	いまこの町では、商船をおそう海賊に\nほとほと手を焼いているんだよ。\nこのままだと船がよりつかなくなってしまうよ。%b	지금 이 마을은 상선을 습격하는 해적 때문에\n아주 애를 먹고 있어.\n이대로면 배가 안 오게 될 거야.%b
1870	map	1	124	/MO00.MAP@145740	ガルーダ号の元海賊たちは良くやってくれるよ。\nみんな気さくで、いい人たちばかりだよ。\nさぞかし、船長の人柄もいいんだろうね。%b	가루다호의 전 해적들은 일을 잘해 줘.\n다들 싹싹하고 좋은 사람들뿐이야.\n필시 선장의 인품도 좋겠지.%b
1871	map	1	181	/MO00.MAP@145868	ガルーダ号の元海賊たちは、\n船長の帰りを待っているみたいだね。%b %a彼らに聞いたんだが、\nその船長っていうのが女性で、\nしかもおどろいたことに、\n高貴な家柄の生まれじゃないかって話だ。%b	가루다호의 전 해적들은\n선장이 돌아오길 기다리는 모양이야.%b %a그들한테 들었는데\n그 선장이란 게 여자인 데다\n놀랍게도\n고귀한 집안 출신이 아니냐는 얘기야.%b
1872	map	1	166	/MO00.MAP@146052	ガルーダ号の元海賊たちのおかげで\nこの町は守られているようなもんさ%b %a彼らの船長は女性だっていうけれども、\nいやいや、人の上に立つっていうのは\n男でも難しいもんだよ。%b	가루다호의 전 해적들 덕분에\n이 마을은 지켜지고 있는 셈이지%b %a그들의 선장은 여자라던데\n아니 아니, 남의 위에 선다는 건\n남자라도 어려운 법이야.%b
1873	map	1	98	/MO00.MAP@146220	近ごろ国境じゃ山賊がでたりするらしいね。\nあんたたち、旅をしてきたみたいだけど\n大丈夫だったかい？%b	요즘 국경엔 산적이 나온다나 봐.\n당신들 여행하고 온 것 같은데\n괜찮았어?%b
1874	map	1	108	/MO00.MAP@146320	ああ、この町の北にある村のことだね。\nなんでも、近くにあやしげな教団ができてね\n迷惑してるって話を聞いたよ。%b	아아, 이 마을 북쪽 마을 얘기군.\n듣자 하니 근처에 수상한 교단이 생겨서\n곤란하다는 얘기를 들었어.%b
1875	map	1	91	/MO00.MAP@146432	最近、西のドラグーン国がさわがしいそうだね。\nおそらく、ゲンユウサイが兵をあげたんだろう。%b	요즘 서쪽 드래군국이 소란스럽다더군.\n아마 겐유사이가 군대를 일으킨 거겠지.%b
1876	map	1	114	/MO00.MAP@146524	西のドラグーン国の王城がおちたっていう話と\nゲンユウサイ軍を退けたって話を耳にしたよ。\nどっちが本当なんだろうね？%b	서쪽 드래군국 왕성이 함락됐다는 얘기와\n겐유사이군을 물리쳤다는 얘기를 들었어.\n어느 쪽이 진짜일까?%b
1877	map	1	100	/MO00.MAP@146640	なんでも、東のロッサム国に\nすごい魔導士が住んでいるそうだね。\nきみたちも会ってみたいと思わんかね？%b	듣자 하니 동쪽 로삼국에\n굉장한 마도사가 산다더군.\n자네들도 만나 보고 싶지 않나?%b
1878	map	1	116	/MO00.MAP@146744	そういえば、東のロッサム国の古代遺跡が\n何者かにあらされたそうじゃないか。\nけしからんことをするヤツらもいたもんだ。%b	그러고 보니 동쪽 로삼국의 고대 유적이\n누군가에게 파헤쳐졌다지 뭔가.\n괘씸한 짓을 하는 놈들도 다 있군.%b
1879	map	2	6	/MO00.MAP@147012	北の森	북쪽숲
1880	map	1	100	/MO00.MAP@147060	この町の北東にある森のことだね。\nいつも霧がかかっていて、変な雰囲気でさ\n妖精を見たって人もいるよ。%b	이 마을 북동쪽에 있는 숲 얘기로군.\n늘 안개가 끼어 있고 이상한 분위기라\n요정을 봤다는 사람도 있어.%b
1881	map	1	166	/MO00.MAP@147164	ああ、最近よく海賊が出るらしいね。\nでも聞いたところによると\n海賊のかしらは女の人らしいよ。%b %aどんないきさつがあったかしらないが、\n海賊になんかならなくってもねぇ？%b	아아, 요즘 해적이 자주 나온다며.\n그런데 들은 바로는\n해적 두목이 여자라나 봐.%b %a무슨 사연이 있었는지 모르지만\n굳이 해적이 되지 않아도 될 텐데.%b
1882	map	1	98	/MO00.MAP@147332	ガルーダ号の元海賊さんから聞いたんだけどね。\n女船長には、\n海で亡くなったお兄さんがいるらしいね。%b	가루다호의 전 해적한테 들었는데\n여선장에겐\n바다에서 죽은 오빠가 있다나 봐.%b
1883	map	1	208	/MO00.MAP@147432	ゲンユウサイってヤツが現われて国を\nのっとっちまったって聞いたねぇ。\nそのあと、ナイトバードって盗賊もあらわれて\n国中めちゃくちゃになっちまってるらしいよ。%b %aもし、旅であっちの方に行くようなら気をつけなよ。%b	겐유사이란 놈이 나타나서 나라를\n빼앗아 버렸다고 들었어.\n그 뒤엔 나이트버드라는 도적도 나타나서\n온 나라가 엉망진창이 됐다나 봐.%b %a혹시 여행으로 그쪽에 간다면 조심해.%b
1884	map	1	50	/MO00.MAP@147700	いらっしゃいませぇ。\nどういったご要件でしょうか？\n	어서 오세요.\n무슨 용건이신가요?\n
1885	map	1	48	/MO00.MAP@148439	`いらっしゃい。\n何か聞きたい事がありそうですね。	`어서 오세요.\n뭔가 묻고 싶은 게 있으신가 봐요.
1886	map	1	26	/MO00.MAP@148488	ほかに何か聞きたいですか？	또 뭔가 묻고 싶으세요?
1887	map	1	63	/MO00.MAP@148516	もう行ってしまうんですか？\nまたいろんな話をあつめときますよ。%b	벌써 가시는 거예요?\n또 여러 이야기를 모아 둘게요.%b
1888	map	1	10	/MO00.MAP@148632	となりの国	이웃 나라
1889	map	1	274	/MO00.MAP@148656	あなた方は冒険者ですか？\nそれなら、ちょっと頼みを聞いていただきませんか。\n大したコトじゃありません。%b %a最近、この町の近くをあらしている海賊を\nつかまえていただきたいんです。\n船の名前はガルーダ号、海賊のかしらは女だと言うウワサです。%b %aどうか引き受けていただけませんか？%b	당신들은 모험가인가요?\n그렇다면 부탁 하나 들어주시지 않겠어요?\n대단한 일은 아니에요.%b %a요즘 이 마을 근처를 휩쓰는 해적을\n잡아 주셨으면 해요.\n배 이름은 가루다호, 해적 두목은 여자라는 소문이에요.%b %a부디 맡아 주시지 않겠어요?%b
1890	map	1	172	/MO00.MAP@148932	あなた方が海賊を捕まえてくださったんですね。\n今では彼らもすっかり気持ちを入れかえて\nこの町のためにはたらいてくれていますよ。\n少ないですけども、お礼に受け取ってください。\n%b	여러분이 해적을 잡아 주셨군요.\n지금은 그들도 완전히 마음을 고쳐먹고\n이 마을을 위해 일해 주고 있어요.\n얼마 안 되지만 답례로 받아 주세요.\n%b
1891	map	1	109	/MO00.MAP@149108	そうですねぇ。\n海賊も出ませんし、平和なもんです。%b %a元海賊たちも、話してみれば\nみんな良い方ばかりですよ。%b	글쎄요.\n해적도 안 나오고 평화롭답니다.%b %a전 해적들도 얘기해 보면\n다들 좋은 분들이에요.%b
1892	map	1	181	/MO00.MAP@149220	不思議な森ですよ。\nちょうどこの町から北東の方になりますか。\n妖精の目撃話だけはたくさんあるんですけどね。%b %a妖精と話したとか、\n誰かがつかまえたとかしたことは、\nないらしいですね。%b	신비한 숲이에요.\n마침 이 마을 북동쪽이 되려나요.\n요정 목격담만은 많은데 말이죠.%b %a요정과 이야기했다거나\n누가 잡았다거나 하는 일은\n없다나 봐요.%b
1893	map	1	168	/MO00.MAP@149404	北の村ですね。\nなんでも、あやしげな教団が\n近くに支部を作ったって\nもっぱらのウワサですよ。%b %a教団の人が\nこの店によってくれたこともないですしね。\nよく分かりませんね。%b	북쪽 마을 말이군요.\n듣자 하니 수상한 교단이\n근처에 지부를 만들었다는\n소문이 자자해요.%b %a교단 사람이\n이 가게에 들른 적도 없고요.\n잘 모르겠네요.%b
1894	map	1	189	/MO00.MAP@149576	クイーンズランドですか。\nお客さんは、そちらの方からいらっしゃった？%b %aそうですねぇ\nくわしい話は分かりませんけど\nゲンユウサイってのが東方の国からやってきて\n国をのっとったと聞いてますね。%b	퀸즈랜드 말인가요.\n손님은 그쪽에서 오셨어요?%b %a글쎄요\n자세한 얘기는 모르지만\n겐유사이라는 게 동방의 나라에서 와서\n나라를 빼앗았다고 들었어요.%b
1895	map	1	167	/MO00.MAP@149768	なんでも、ゲンユウサイってのは\n倒されたらしいですよ。\nクイーンズランドの王子が\nとどめを刺したって聞きました。%b %a勇者っていうんですか？\n私も一目会ってみたいですね。%b	듣자 하니 겐유사이는\n쓰러졌다나 봐요.\n퀸즈랜드 왕자가\n숨통을 끊었다고 들었어요.%b %a용사라고 하나요?\n저도 한번 만나 보고 싶네요.%b
1896	map	1	231	/MO00.MAP@149936	東へ行くとロッサム国がありますよ。\n遺跡なんかの多い国でねぇ\n独特な雰囲気ってのがありますね。%b%a西へ行くとドラグーン王国がありますよ。\nリグロードじゃ最強と言われる\n竜騎士団がありますからね。\nどんなヤツでも手出しできないでしょう。%b	동쪽으로 가면 로삼국이 있어요.\n유적이 많은 나라라서\n독특한 분위기가 있죠.%b%a서쪽으로 가면 드래군 왕국이 있어요.\n리그로드 최강이라는\n용기사단이 있으니까요.\n어떤 놈도 손을 못 댈 거예요.%b
1897	map	1	33	/MO00.MAP@150223	Tよう、らっしゃい。\n何にするね？\n	T어이, 어서 와.\n뭘로 하겠나?\n
1898	map	1	35	/MO00.MAP@150783	､へい、らっしゃい。\nどんな用だね？\n	､예이, 어서 옵쇼.\n무슨 볼일이야?\n
1899	map	1	31	/MO00.MAP@151252	「%nS」を買いとればいいんだね？	「%nS」 사들이면 되는 거지?
1900	map	1	257	/QB00.MAP@146172	%v100クイーンズボーン　落書\n \n快盗ナイトバードがまたやってくれたぜ！\nどこぞの町の悪徳酒場の金庫が\n一夜でカラだ！　　　　　　　　ヒース\n \nナイトバードってやつぁ、ホントすげぇな！\n　　　　　　　　　　　　　　　サイラス\n \n快盗ナイトバード様、ステキ！　マーナ%b	%v100퀸즈본　낙서\n \n괴도 나이트버드가 또 해냈어!\n어느 마을 악덕 술집의 금고가\n하룻밤 새 텅 비었다!　　　　　　히스\n \n나이트버드란 놈은 정말 대단해!\n　　　　　　　　　　　　　　사일러스\n \n괴도 나이트버드 님, 멋져!　마나%b
1901	map	1	252	/QB00.MAP@146432	%v100クイーンズボーン　落書\n \n快盗ナイトバードが、\nゲンユウサイに挑戦状をたたきつけたぁ！\n今度のねらいはゲンユウサイのドクロのかざり！\nさてさて、どうなる！？　ヒース\n \nいいぞいいぞ、やっちまえ！　サイラス\n  \nゲンユウサイなんて、メじゃねぇぜ！　オルフ%b	%v100퀸즈본　낙서\n \n괴도 나이트버드가\n겐유사이에게 도전장을 내밀었다!\n이번 목표는 겐유사이의 해골 장식!\n과연 어떻게 될까!?　히스\n \n좋아 좋아, 해치워 버려!　사일러스\n  \n겐유사이 따위 상대도 안 돼!　올프%b
1902	map	1	248	/QB00.MAP@146688	%v100クイーンズボーン　落書\n \n快盗ナイトバード！\nあんたに会いたいってぇ冒険者が来たぜ。\nあんたに話したいことがあるそうだ！\n \n快盗ナイトバードに会いたいだってぇ！？\nどこのどいつだぁ！？　サイラス\nあたしも快盗ナイトバード様に\n会いたいよぉ！　マーナ%b	%v100퀸즈본　낙서\n \n괴도 나이트버드!\n당신을 만나고 싶다는 모험가가 왔어.\n당신한테 할 얘기가 있대!\n \n괴도 나이트버드를 만나고 싶다고!?\n어디 사는 누구야!?　사일러스\n나도 괴도 나이트버드 님을\n만나고 싶어!　마나%b
1903	map	1	154	/QB00.MAP@146940	%v100クイーンズボーン　落書\n \n快盗ナイトバード！\nいったいいつになったら、\nしかけるんだよ！？　サイラス\nそーだそーだ、早くしろ！　オルフ\n \n「川辺で待て」%b	%v100퀸즈본　낙서\n \n괴도 나이트버드!\n대체 언제가 돼야\n일을 벌이는 거야!?　사일러스\n그래 그래, 빨리 해라!　올프\n \n「강가에서 기다려라」%b
1904	map	1	211	/QB00.MAP@147096	%v100クイーンズボーン　落書\n \n復活もとむ、快盗ナイトバード！　ヒース\n \n最近ナイトバードのウワサを\n聞かねぇよな　サイラス\n \n快盗ナイトバード様！\n役人につかまったなんてウソよね！？\nあたし、信じないから！　マーナ%b	%v100퀸즈본　낙서\n \n부활을 바란다, 괴도 나이트버드!　히스\n \n요즘 나이트버드 소문을\n못 듣는군　사일러스\n \n괴도 나이트버드 님!\n관리에게 잡혔다는 건 거짓말이지!?\n난 안 믿어!　마나%b
1905	map	2	12	/QB00.MAP@147532	ナイトバード	나이트버드
1906	map	4	12	/QB00.MAP@147556	ゲンユウサイ	겐유사이
1907	map	1	8	/QB00.MAP@147572	白いエイ	흰가오리
1908	map	1	126	/QB00.MAP@147608	ナイトバードっていう盗賊を知ってるかね？\n盗賊って言っても、これがまたいいヤツでね。\nくわしくは町の酒場で聞いてみるといいよ。%b	나이트버드라는 도적을 아나?\n도적이라지만 이게 또 좋은 녀석이야.\n자세한 건 마을 술집에서 물어보게.%b
1909	map	1	77	/QB00.MAP@147736	そういえば、最近ナイトバードが現れないんだ。\nいったい、どうしたのだろうか。%b	그러고 보니 요즘 나이트버드가 안 나타나.\n대체 어떻게 된 걸까.%b
1910	map	1	340	/QB00.MAP@147816	女王様は、一体どうしちまったのかねぇ？\n心配だね～。\nおまけにゲンユウサイを城にむかえ入れてから\n王子様の姿もみえないそうじゃないか。%b %aウワサじゃ王子様は、\n”ブルーライトニング”と称された%s3と、%b %a今世紀最大の才女と誉れ高い\n宮廷魔導師%s2さんと\n一緒に修行の旅にでたらしいよ。%b %a必ずこの国にもどってきて\n平和を取り戻してくれるはずさ。%b	여왕님은 대체 어떻게 되신 걸까?\n걱정이야～.\n게다가 겐유사이를 성에 맞아들인 뒤로\n왕자님 모습도 안 보인다잖아.%b %a소문엔 왕자님은\n“블루 라이트닝”이라 불린 %s3과%b %a금세기 최고의 재녀로 이름 높은\n궁정 마도사 %s2 씨와\n함께 수행 여행을 떠났다나 봐.%b %a반드시 이 나라로 돌아와서\n평화를 되찾아 줄 거야.%b
1911	map	1	102	/QB00.MAP@148160	女王様は行方不明になられたらしいね。\nもしかして、偽者が\n女王様のふりをしていただけじゃないだろうか？%b	여왕님이 행방불명되셨다나 봐.\n혹시 가짜가\n여왕님 행세를 한 건 아닐까?%b
1912	map	1	242	/QB00.MAP@148264	なんでも、西にあるドラグーン国も\nゲンユウサイに襲われたそうだね。\nまったく、このリグロードの地は\nどうなってしまうのだろう。%b %aそうそう、宰相ロクセリオって人がいたろう。\n大きな声じゃ言えないけど\nゲンユウサイにうまく取り入ったって評判だよ。%b	듣자 하니 서쪽 드래군국도\n겐유사이에게 습격당했다더군.\n정말이지 이 리그로드 땅은\n어떻게 되려는 걸까.%b %a그래그래, 재상 로크세리오라는 사람 있었지.\n큰 소리로는 못 하지만\n겐유사이에게 잘 빌붙었다는 평판이야.%b
1913	map	1	129	/QB00.MAP@148508	西のドラグーン国の王城が\nとうとう攻め落とされたそうじゃないか。\nあの竜騎士団が敗れるなんて、\nああ、この世ももう終わりか・・・。%b	서쪽 드래군국의 왕성이\n결국 함락됐다지 뭔가.\n그 용기사단이 지다니\n아아, 이 세상도 끝인가….%b
1914	map	1	111	/QB00.MAP@148640	宰相ロクセリオが王子を手伝って\nゲンユウサイを倒したって話だけど\nわたしは信じないね。\n絶対に裏があるはずだよ。%b	재상 로크세리오가 왕자를 도와\n겐유사이를 쓰러뜨렸다는데\n난 안 믿어.\n분명 뒤가 있을 거야.%b
1915	map	1	211	/QB00.MAP@148752	そうだ、これは知っているかい？\n空を飛ぶ白いエイの話だ。\n私も見たことがあるんだが、%b %aとんでもなく大きなエイが\n上空をクイーンズノーズの方へ飛んで行ったんだよ。\nあれはやっぱりあそこに住む賢者と関係あるのかね？%b	그래, 이건 아나?\n하늘을 나는 하얀 가오리 이야기야.\n나도 본 적이 있는데%b %a엄청나게 큰 가오리가\n하늘을 퀸즈노즈 쪽으로 날아갔어.\n그건 역시 거기 사는 현자와 관계있는 걸까?%b
1916	map	1	164	/QB00.MAP@148964	クイーンズノーズっていう高い山に\n住んでいるらしいね。%b %aたいそうな賢者さまらしいが、\nそんなお方がどうして、ゲンユウサイのやることを\nだまって見ているんだろうね。%b	퀸즈노즈라는 높은 산에\n산다나 봐.%b %a대단한 현자님이라는데\n그런 분이 왜 겐유사이가 하는 짓을\n잠자코 보고만 있는 걸까.%b
1917	map	1	121	/QB00.MAP@149132	クイーンズノーズに住むっていう\n賢者のことは知っているだろう。\nどうやら、賢者も討伐に参加していたらしいよ。\n見直したね。%b	퀸즈노즈에 산다는\n현자는 알고 있겠지.\n아무래도 현자도 토벌에 참가했다나 봐.\n다시 봤어.%b
1918	map	1	51	/QB00.MAP@149319	0いらっしゃいませぇ。\nどういったご要件でしょうか？\n	0어서 오세요.\n무슨 용건이신가요?\n
1919	map	2	36	/QB00.MAP@150031	pいらっしゃい。\n何か聞きたそうだね。	p어서 와.\n뭘 묻고 싶은 거지?
1920	map	3	20	/QB00.MAP@150068	ほかに何かあるかい？	다른 건 없나?
1921	map	3	55	/QB00.MAP@150092	もう行っちまうのかい？\nまたいろんな話をあつめとくよ。%b	벌써 가나?\n또 여러 이야기를 모아 두지.%b
1922	map	1	267	/QB00.MAP@150148	『快盗ナイトバード』ってぇのを知ってるかい？\nなにね、この町じゃ知らない者はいないってぐらい有名な盗賊でね。\n盗んだモノはみな、まずしい家においていくんだ。\nこのご時世に泣かせる話じゃないかい。\nおもての立てふだも見てってくれよ。\nいつも、そんな話ばっかのってるからよ。%b	『괴도 나이트버드』라고 알아?\n이 마을에선 모르는 사람이 없을 만큼 유명한 도적이야.\n훔친 건 전부 가난한 집에 두고 가.\n이런 시절에 눈물 나는 얘기 아니야?\n바깥 팻말도 보고 가.\n늘 그런 얘기만 실려 있으니까.%b
1923	map	1	450	/QB00.MAP@150416	立てふだを見てきたのかい？\n・・・なんだって？　ヤツに会いたい！？%b %aうーん、そう言ってきたヤツは他にもいるけどよ。\nなんせ盗賊だから、人前には出てこれねぇだろ？%b %a立てふだに何か書いときゃ、\nもしかしたら来るかもしんねぇぜ。\nいや、そういう話もあるにはあったんだ。\nま、そんときはそれなりの事情があったんだがな。%b %aしようがねぇ、オレが何か書いといてやるよ。\nただし、すぐ連絡がくるとはかぎらねぇからな。\nしばらくは、あちこちブラブラして待つんだな。%b	팻말을 보고 온 거야?\n…뭐라고? 그 녀석을 만나고 싶다고!?%b %a으음, 그렇게 말하고 온 놈은 또 있지만.\n아무래도 도적이라 사람 앞엔 못 나오겠지?%b %a팻말에 뭔가 써 두면\n혹시 올지도 몰라.\n아니, 그런 일도 있긴 있었어.\n뭐, 그땐 그만한 사정이 있었지만.%b %a어쩔 수 없지, 내가 뭔가 써 둘게.\n단, 바로 연락이 온다는 보장은 없어.\n한동안 여기저기 돌아다니며 기다려.%b
1924	map	1	157	/QB00.MAP@150868	ナイトバードからの連絡か？\nさぁな、オレもそこまでは知らないからな。\nま、気長に待ってみればいいんじゃねぇか。\nずっとこの町で待ってるってのもどうかと思うぜ。%b	나이트버드한테서 연락?\n글쎄, 나도 거기까진 모르니까.\n뭐, 느긋하게 기다려 보면 되지 않겠어.\n계속 이 마을에서 기다리는 것도 좀 그렇고.%b
1925	map	1	45	/QB00.MAP@151028	外の看板を見たかい？\nあれを待ってたんだろ？%b	바깥 간판 봤어?\n그걸 기다렸지?%b
1926	map	1	99	/QB00.MAP@151076	そういや、ナイトバードのことは\nもういいのかい？\nま、連絡をとろうにも、\nとりようがないがね・・・。%b	그러고 보니 나이트버드 일은\n이제 된 거야?\n뭐, 연락하려 해도\n방법이 없지만….%b
1927	map	1	103	/QB00.MAP@151176	ゲンユウサイがついに倒された！\nきょうはオレのおごりだ！\n思う存分、飲んで、食って、\n騒いでいってくれ！%b	겐유사이가 드디어 쓰러졌다!\n오늘은 내가 쏜다!\n마음껏 마시고 먹고\n떠들다 가!%b
1928	map	1	193	/QB00.MAP@151280	モンスターが最近またあばれているのを\n知っているかい？%b %aしかし、クイーンズハートの町だけが\n何故かモンスターに襲われていないらしい。%b %aそんなばかなと思うだろう。\nぜったい、何か裏があるね。%b	몬스터가 요즘 또 날뛰는 걸\n알고 있어?%b %a그런데 퀸즈하트 마을만\n어째선지 몬스터에게 습격당하지 않는대.%b %a그럴 리가 없다고 생각하지?\n분명 뭔가 뒤가 있어.%b
1929	map	1	33	/QB00.MAP@151531	@よう、らっしゃい。\n何にするね？\n	@어이, 어서 와.\n뭘로 하겠나?\n
1930	map	1	35	/QB00.MAP@152091	狽ﾖい、らっしゃい。\nどんな用だね？\n	\x94예이, 어서 옵쇼.\n무슨 볼일이야?\n
1931	map	1	40	/QB00.MAP@152688	いらっしゃい。\nゆっくり見てっておくれ。\n	어서 와요.\n천천히 보고 가요.\n
1932	map	1	199	/QC00.MAP@146015	0%v100クイーンズハート自治会だより\n \n近ごろ、町の近辺でゲンユウサイ軍との\nいざこざが多発しております。\n宰相ロクセリオ様が\n仲介の労を引き受けて下さいましたので\nもめごとは自治会までお願いいたします。%b	0%v100퀸즈하트 자치회 소식\n \n요즘 마을 근처에서 겐유사이군과의\n다툼이 자주 일어나고 있습니다.\n재상 로크세리오 님께서\n중재를 맡아 주셨으니\n분쟁은 자치회로 알려 주십시오.%b
1933	map	1	243	/QC00.MAP@146216	%v100クイーンズハート自治会だより\n \nゲンユウサイ、ついにたおれる！\n長きにわたって、この国をおびやかしつづけたゲンユウサイが、とうとうたおされたとのことです。\nその功労者については不明ですが、\n行方が知れなかった%S0王子との説が\n有力なようです。%b	%v100퀸즈하트 자치회 소식\n \n겐유사이, 드디어 쓰러지다!\n오랫동안 이 나라를 위협해 온 겐유사이가 마침내 쓰러졌다고 합니다.\n그 공로자는 알 수 없지만\n행방이 묘연했던 %S0 왕자라는 설이\n유력한 듯합니다.%b
1934	map	1	187	/QC00.MAP@146460	%v100クイーンズハート自治会だより\n \nゲンユウサイの残党がこのクイーンズランドに\n集結しつつあるという情報を入手しました。\n十分な戸じまりを心がけ\n決して１人では町の外へは出ないでください。%b	%v100퀸즈하트 자치회 소식\n \n겐유사이의 잔당이 이 퀸즈랜드에\n모여들고 있다는 정보를 입수했습니다.\n문단속을 철저히 하시고\n절대로 혼자서 마을 밖에 나가지 마십시오.%b
1935	map	1	10	/QC00.MAP@146888	ロクセリオ	로크세리오
1936	map	1	8	/QC00.MAP@146908	ヒール湖	힐 호수
1937	map	1	112	/QC00.MAP@146940	ゲンユウサイが来てから、悪い事ばかり起る。\nだが、ロクセリオ様のおかげで、\nこのぐらいの被害ですんでいるんだよ。%b	겐유사이가 온 뒤로 나쁜 일만 일어나.\n하지만 로크세리오 님 덕분에\n이 정도 피해로 끝나고 있는 거야.%b
1938	map	1	108	/QC00.MAP@147056	ゲンユウサイがいなくなったと思ったら\nどうやら女王様も行方不明になられたらしい。\nもう、女王様の命は・・・。%b	겐유사이가 사라졌다 싶었더니\n아무래도 여왕님도 행방불명되신 것 같아.\n이제 여왕님의 목숨은….%b
1939	map	1	139	/QC00.MAP@147168	ゲンユウサイがいなくなったというのに\n今度は見た事も無いモンスターが現れたそうだ。\nウワサじゃ、\nゲンユウサイの呪いだってことになってるな。%b	겐유사이가 사라졌는데도\n이번엔 본 적도 없는 몬스터가 나타났다나.\n소문으로는\n겐유사이의 저주라고들 해.%b
1940	map	1	122	/QC00.MAP@147308	宰相ロクセリオ様は、私たちに良くしてくださる。\nゲンユウサイ軍とのもめごとがあっても、\nあの方にお願いすれば万事解決だよ。%b	재상 로크세리오 님은 우리에게 잘해 주셔.\n겐유사이군과 다툼이 있어도\n그분께 부탁하면 만사 해결이야.%b
1941	map	1	115	/QC00.MAP@147432	敵をだますには、\nまず味方からってところかね。\nゲンユウサイを倒す手引きをしたのが\n宰相ロクセリオ様だって評判だよ。%b	적을 속이려면\n먼저 아군부터라는 건가.\n겐유사이를 쓰러뜨리는 길을 연 게\n재상 로크세리오 님이라는 평판이야.%b
1942	map	1	102	/QC00.MAP@147548	宰相ロクセリオ様の努力で、\nこの町はモンスターから守られているよ。\nしかし、他の町ではひどいそうだね。%b	재상 로크세리오 님의 노력으로\n이 마을은 몬스터로부터 지켜지고 있어.\n하지만 다른 마을은 심하다더군.%b
1943	map	1	163	/QC00.MAP@147652	となりの国へ行くときは、\n山賊が出るらしいから注意した方がいい。%b %aなにせやつらときたら、少ない人数になるように\n仲間とはぐれさせてから襲ってくるそうじゃないか。%b	이웃 나라로 갈 때는\n산적이 나온다니까 조심하는 게 좋아.%b %a어쨌든 그놈들은 인원이 적어지도록\n동료와 떨어뜨려 놓고 덮친다잖아.%b
1944	map	1	158	/QC00.MAP@147816	このクイーンズランドの湖は、\n世界一大きいって評判だよ。\n城も湖でかこまれていて\n自然の守りは完璧だと思うよ。%b %aあの城に忍び込める方法があれば見てみたいね。%b	이 퀸즈랜드의 호수는\n세계에서 가장 크다는 평판이야.\n성도 호수에 둘러싸여 있어서\n자연의 방어는 완벽하다고 봐.%b %a저 성에 숨어들 방법이 있다면 보고 싶군.%b
1945	map	1	212	/QC00.MAP@147976	ゲンユウサイには５人の幹部がいるようだね。\n知っているかぎりでは、\nアヤヒメという女忍者、\nラーギニという僧侶、\nジュウザっていう忍者など%b %a東方から来たお仲間が多いってことだ。\n後の２人については良く知らないな。%b	겐유사이에게는 5명의 간부가 있다더군.\n내가 아는 한은\n아야히메라는 여자 닌자,\n라기니라는 승려,\n쥬자라는 닌자 같은%b %a동방에서 온 패거리가 많다는 거야.\n나머지 둘은 잘 모르겠어.%b
1946	map	1	181	/QC00.MAP@148192	５人の幹部の生き残りは、\nゲンユウサイが死んだらどこかへ消えたようだね。%b %aしかし、不思議なことにね\nモンスターやゲンユウサイの残党は\nまだウロウロしているみたいだ。\nなぜだろうね？%b	5간부 중 살아남은 자들은\n겐유사이가 죽자 어딘가로 사라진 모양이야.%b %a그런데 이상하게도\n몬스터와 겐유사이의 잔당은\n아직 어슬렁거리고 있는 것 같아.\n왜일까?%b
1947	map	1	25	/QC00.MAP@148439	(ん、あたしに何か用かい？	(어머, 무슨 볼일이에요?
1948	map	1	16	/QC00.MAP@148576	クイーンズノーズ	퀸즈노즈
1949	map	1	170	/QC00.MAP@148608	さあ？私たちには良く分からないことだらけだね。\nでも、大きな声じゃ言えないけど、\nゲンユウサイってやつが来てから\n王子様の話を聞かないんだよ。%b %aどうしちまったのかねぇ？%b	글쎄? 우리는 잘 모르는 일투성이야.\n하지만 큰 소리론 못 하지만\n겐유사이란 놈이 온 뒤로\n왕자님 소식을 못 들었어.%b %a어떻게 된 걸까?%b
1950	map	1	168	/QC00.MAP@148780	それ見たことかい！\nゲンユウサイの天下なんて\n長く続くとは思っちゃいなかったよ。%b %aでも、\n王子様はまたどこかへ\n消えちまったそうじゃないか。\nどこいっちまったのかねぇ。%b	그것 봐!\n겐유사이의 천하가\n오래갈 줄은 몰랐어.%b %a그런데\n왕자님은 또 어딘가로\n사라져 버렸다잖아.\n어디 가 버린 걸까.%b
1951	map	1	105	/QC00.MAP@148952	ゲンユウサイの呪いだよ！\nこの町の回りに\n見たこともないモンスターが\n出るそうじゃないか！あぁ、恐ろしい。%b	겐유사이의 저주야!\n이 마을 주변에\n본 적도 없는 몬스터가\n나온다잖아! 아아, 무서워.%b
1952	map	1	150	/QC00.MAP@149060	なんでも、女王様のいのちと引き換えに、\nロクセリオ様はゲンユウサイの言いなりに\nなっているらしいね。%b %a本当に献身的な方だよ、\nロクセリオ様は・・・。%b	듣자 하니 여왕님 목숨과 맞바꿔\n로크세리오 님은 겐유사이가 시키는 대로\n하고 계신대.%b %a정말 헌신적인 분이야,\n로크세리오 님은….%b
1953	map	1	81	/QC00.MAP@149212	女王様はロクセリオ様の献身のかいなく・・・。%b %aあぁ、お可哀想なロクセリオ様。%b	여왕님은 로크세리오 님의 헌신도 보람 없이….%b %a아아, 가엾은 로크세리오 님.%b
1954	map	1	137	/QC00.MAP@149296	町じゃ軟弱な弱虫王子って評判だけどね。\nもちろん、あたしゃ信じちゃいないよ。\nこの現状を変えてくださるのは、\n王子様以外に考えられないね。%b	마을에선 나약한 겁쟁이 왕자라지만\n물론 난 안 믿어.\n이 상황을 바꿔 주실 분은\n왕자님 말고는 없어.%b
1955	map	1	87	/QC00.MAP@149436	やっぱりね。\n信じていたんだよ。%b %aゲンユウサイを倒せるのは\n王子様しかいないってね。%b	역시 그렇지.\n믿고 있었어.%b %a겐유사이를 쓰러뜨릴 건\n왕자님밖에 없다고.%b
1956	map	1	176	/QC00.MAP@149524	なんでも、あの山の頂上には\n偉い賢者様が住んでいらっしゃるらしいね。\nあの方にお願いすれば、\nどんなことでも出来るんじゃないかと思うけどね。%b %aどうだい、あんたもそう思うだろ？%b	듣자 하니 그 산꼭대기에는\n훌륭한 현자님이 살고 계신대.\n그분께 부탁하면\n무슨 일이든 할 수 있을 것 같은데.%b %a어때, 당신도 그렇게 생각하지?%b
1957	map	1	51	/QC00.MAP@149759	|いらっしゃいませぇ。\nどういったご要件でしょうか？\n	|어서 오세요.\n무슨 용건이신가요?\n
1958	map	1	275	/QC00.MAP@150704	怪盗ナイトバードの話を聞いたことがあるかい？\nおっと、言わなくてもいい。\nオレが話したいから話させてもらうよ。%b%aそう、彼は少し南西の\nクイーンズボーンを拠点に活動している義賊なのさ。\nこのご時世に、たいした人物だと思うだろう。\nひと目会って見たいんだが、さすがに無理だろうな。%b	괴도 나이트버드 얘기 들어 봤어?\n아, 말 안 해도 돼.\n내가 얘기하고 싶으니까 얘기할게.%b%a그래, 그는 조금 남서쪽의\n퀸즈본을 거점으로 활동하는 의적이야.\n이런 시절에 대단한 인물이지?\n한번 만나 보고 싶지만 역시 무리겠지.%b
1959	map	1	166	/QC00.MAP@150980	ナイトバードは知っているだろ？\n最近、彼のウワサをさっぱり耳にしなくなってね。\nつかまったんじゃないかって心配してるんだ。\nえ！？今、会ってるって？\n冗談はよしてくれ。%b	나이트버드는 알지?\n요즘 그의 소문을 통 못 듣게 돼서.\n잡힌 게 아닐까 걱정이야.\n뭐!? 지금 만나고 있다고?\n농담 마.%b
1960	map	1	171	/QC00.MAP@151148	なんでも、王子の名を語る一行がゲンユウサイ軍と\n闘っていると言うウワサを聞いたよ。\nいや、それは本物だって言ったやつもいるけどね。\nどっちにしてもオレには判断がつかないね。%b	듣자 하니 왕자를 사칭하는 일행이\n겐유사이군과 싸우고 있다는 소문이야.\n아니, 그건 진짜라는 놈도 있지만.\n어느 쪽이든 난 판단이 안 서.%b
1961	map	1	203	/QC00.MAP@151320	ゲンユウサイを倒した後、\n王子たちはどこかへ消えちゃったと言うんだよ。\nと、するとまだ終っていないということになるねぇ。%b%aゲンユウサイさえ倒せば全てが終って\nうまくいくと思っていたのが甘かったのかなぁ。%b	겐유사이를 쓰러뜨린 뒤\n왕자 일행은 어디론가 사라졌대.\n그렇다면 아직 끝나지 않았다는 얘기가 되지.%b%a겐유사이만 쓰러뜨리면 모든 게 끝나고\n잘될 거라 생각한 게 안이했던 걸까.%b
1962	map	1	177	/QC00.MAP@151524	オレの知っているのは、\n東方から来たってことと、\n５人の幹部がいるってこと。%b %aゲンユウサイ軍の中には、\nニンジャっていう兵士がいて、\nそれがとてつもなく強いってことぐらいかな。%b	내가 아는 건\n동방에서 왔다는 것과\n5명의 간부가 있다는 것.%b %a겐유사이군 중에는\n닌자라는 병사가 있는데\n그게 엄청나게 세다는 것 정도?%b
1963	map	1	195	/QC00.MAP@151704	いまになっちゃあ、\nあいつって何だったんだろうって思うよ。\nこんな遠い国まで来て、\n何を求めていたんだろうな？%b%a覇王のあかし？\nいや、それだけじゃないと思うよ。\n今となっては分かりゃしないけどね。%b	이제 와서 보면\n그 녀석은 뭐였을까 싶어.\n이렇게 먼 나라까지 와서\n뭘 원했던 걸까?%b%a패왕의 증거?\n아니, 그것만은 아니라고 봐.\n이제 와선 알 수 없지만.%b
1964	map	1	149	/QC00.MAP@151900	西のドラグーン王国へは行ったことがあるかい？\nなんでも、王城がひどく荒らされているらしいんだ。\nどこかの国が\n侵攻を始めたんじゃないかってウワサだよ。%b	서쪽 드래군 왕국엔 가 본 적 있어?\n듣자 하니 왕성이 심하게 망가졌대.\n어딘가의 나라가\n침공을 시작한 게 아니냐는 소문이야.%b
1965	map	1	102	/QC00.MAP@152052	ドラグーン王国への侵攻は阻止されたそうだ。\nドラグーン王国の竜騎士団は\nやっぱり強かったという所かな？%b	드래군 왕국 침공은 저지됐다더군.\n드래군 왕국의 용기사단은\n역시 강했다는 거겠지?%b
1966	map	1	94	/QC00.MAP@152156	東の国境を越えると、ロッサムという国がある。\n古代の遺跡やめずらしい塔など\n史跡が多い国だよ。%b	동쪽 국경을 넘으면 로삼이라는 나라가 있어.\n고대 유적이며 진기한 탑 같은\n사적이 많은 나라야.%b
1967	map	1	33	/QC00.MAP@152307	ﾜよう、らっしゃい。\n何にするね？\n	ﾜ어이, 어서 와.\n뭘로 하겠나?\n
1968	map	1	35	/QC00.MAP@152867	0へい、らっしゃい。\nどんな用だね？\n	0예이, 어서 옵쇼.\n무슨 볼일이야?\n
1969	map	2	16	/QH00.MAP@198331	奥に進みますか？	안으로 갈까요?
1970	map	1	35	/QH00.MAP@198441	ほぅ・・・\nこのような所に・・・。%b	호오…\n이런 곳에….%b
1971	map	1	26	/QH00.MAP@198509	これ、ぜんぶ水晶かぁ！？%b	이거 전부 수정이야!?%b
1972	map	1	66	/QH00.MAP@198568	もって行きたい気分だが、\nいかんせん、\nこの大きさじゃあな・・・。%b	가져가고 싶은 기분이지만\n아무래도\n이 크기로는….%b
1973	map	1	60	/QH00.MAP@198667	これは・・・\nあの島で見たものと\n同じものなのかねぇ・・・。%b	이건…\n그 섬에서 본 것과\n같은 걸까….%b
1974	map	1	47	/QH00.MAP@198841	湖の地下に、\nこんな水晶があったなんて・・・。%b	호수 지하에\n이런 수정이 있었다니….%b
1975	map	1	66	/QH00.MAP@198920	なんだ、こりゃ？\nなんでこんなモンが、\nこんなトコに立ってんだ！？%b	뭐야 이건?\n왜 이런 게\n이런 데 서 있는 거야!?%b
1976	map	1	64	/QH00.MAP@199018	なにかしら、これ！？\nとても、自然にできたものとは\n思えないわ。%b	뭘까, 이거!?\n도저히 자연히 생긴 거라고는\n생각되지 않아.%b
1977	map	1	37	/QH00.MAP@199114	それになんだか、\nあたたかい・・・。%b	게다가 왠지\n따뜻해….%b
1978	map	1	40	/QH00.MAP@199183	むぅ・・・心ひかれるうつくしさですな。%b	음…마음을 끄는 아름다움이군요.%b
1979	map	1	47	/QH00.MAP@199255	湖の底に、\nどうしてこのようなものが・・・！？%b	호수 바닥에\n어째서 이런 것이…!?%b
1980	map	1	35	/QH00.MAP@199334	これは・・・\n少しちがうか・・・？%b	이건…\n조금 다른가…?%b
1981	map	1	26	/QH00.MAP@199401	ふぅーん、キレイねぇー。%b	흐응, 예쁘네～.%b
1982	map	1	59	/QH00.MAP@199459	なんか、ちょぴっとけずって、\nもって帰りたくなっちゃうね。%b	왠지 쪼끔 깎아서\n가져가고 싶어진다.%b
1983	map	1	37	/QH00.MAP@199550	なんだ、\nこのふしぎな感覚は・・・？%b	뭐지,\n이 이상한 느낌은…?%b
1984	map	1	47	/QH00.MAP@199619	まるでこの水晶に、\nすいこまれていくようだぜ。%b	마치 이 수정에\n빨려 들어가는 것 같아.%b
1985	map	1	78	/QH00.MAP@199698	ほっほっほっ、\nこのような所にあったんじゃな。\nこれは、気づかぬワケじゃわい。%b	허허허,\n이런 곳에 있었구먼.\n이러니 못 알아챌 수밖에.%b
1986	map	1	41	/QH00.MAP@199808	へぇ・・・\nこんなモンがあるんだ・・・。%b	헤에…\n이런 게 있구나….%b
1987	map	1	43	/QH00.MAP@199881	どうやって作ったんだろうな、\nコレ・・・？%b	어떻게 만든 걸까,\n이거…?%b
1988	map	1	56	/QH00.MAP@199956	まるで、\n水晶から母上のぬくもりを\n感じるようだ・・・。%b	마치\n수정에서 어머니의 온기가\n느껴지는 것 같아….%b
1989	map	1	41	/QH00.MAP@200096	いまは\n水晶に見とれてる場合じゃないな。%b	지금은\n수정에 넋 놓을 때가 아니지.%b
1990	map	1	73	/QH00.MAP@200169	ああ・・・\n水晶の中から、\n女王様の思いが\nあふれ出てくるようだわ・・・。%b	아아…\n수정 속에서\n여왕님의 마음이\n흘러넘치는 것 같아….%b
1991	map	1	60	/QH00.MAP@200274	ゲンユウサイは、\nこれをめあてに\nわが国をおそったのじゃな。%b	겐유사이는\n이것을 노리고\n우리나라를 습격했구먼.%b
1992	map	1	39	/QH00.MAP@200366	ゲンユウサイめ、\nどこにいる・・・！？%b	겐유사이 놈,\n어디 있느냐…!?%b
1993	map	1	35	/QH00.MAP@200437	なんだかこの水晶、\nあったかいね。%b	왠지 이 수정\n따뜻하다.%b
1994	map	1	32	/QH00.MAP@200504	オレには水晶なんて関係ないぜ。%b	난 수정 따윈 상관없어.%b
1995	map	1	58	/QH00.MAP@200568	それよりとっとと、\nゲンユウサイをぶっつぶしに\n行こうぜ。%b	그보다 얼른\n겐유사이를 박살 내러\n가자고.%b
1996	map	1	30	/QH00.MAP@200658	この水晶が封印とはな・・・。%b	이 수정이 봉인이라니….%b
1997	map	1	51	/QH00.MAP@200720	それにしても、あの宰相・・・\nあやつは何者じゃ！？%b	그건 그렇고 그 재상…\n그놈은 대체 누구냐!?%b
1998	map	1	40	/QH00.MAP@200803	%s0は、\nこれを見るのがつらいだろうな。%b	%s0는\n이걸 보는 게 괴롭겠지.%b
1999	map	1	47	/QH00.MAP@200876	これがその、\n封印になってたっていう水晶だな。%b	이게 바로\n봉인이었다는 수정이군.%b
2000	map	1	66	/QH00.MAP@200956	いろんな所に、\nあの島のと同じような水晶が\nあるもんだねぇ・・・。%b	여러 곳에\n그 섬 것과 비슷한 수정이\n있구나….%b
2001	map	1	51	/QH00.MAP@201136	この水晶はどうも、\nほかのとはちがってるようだぜ。%b	이 수정은 아무래도\n다른 것과는 다른 것 같아.%b
2002	map	1	47	/QH00.MAP@201220	この水晶は、\nさわっても何も起きないようだな。%b	이 수정은\n만져도 아무 일도 없는 것 같군.%b
2003	map	1	58	/QH00.MAP@201300	かと言って、\nもっていくこともできねぇしな。\nつまんねぇ。%b	그렇다고\n가져갈 수도 없고.\n시시하군.%b
2004	map	1	56	/QH00.MAP@201391	どうしたってんだ？\n水晶にさわっても\n何も起きやしない！%b	어떻게 된 거야?\n수정을 만져도\n아무 일도 없어!%b
2005	map	1	43	/QH00.MAP@201561	ここからは、\nカカルクランへもどれないよ。%b	여기선\n카칼클랜으로 못 돌아가.%b
2006	map	1	24	/QH00.MAP@201636	ほかの水晶をさがそう。%b	다른 수정을 찾자.%b
2007	map	1	56	/QH00.MAP@201692	この水晶じゃ、\nカカルクランへは\nもどれないみたいだな。%b	이 수정으론\n카칼클랜에\n못 돌아가는 것 같군.%b
2008	map	1	24	/QH00.MAP@201780	ほかの水晶をさがすか。%b	다른 수정을 찾을까.%b
2009	map	1	64	/QH00.MAP@201836	ここにある水晶は、\nカカルクランとは\nつながっていないみたいね。%b	여기 있는 수정은\n카칼클랜과\n이어져 있지 않은 것 같아.%b
2010	map	1	52	/QH00.MAP@201932	どこか、\nべつの場所にある水晶を\nしらべてみないと。%b	어딘가\n다른 곳에 있는 수정을\n조사해 봐야 해.%b
2011	map	1	54	/QH00.MAP@202016	なんと！\nこの水晶は、\nふれても反応がないようですな。%b	이럴 수가!\n이 수정은\n만져도 반응이 없는 것 같군요.%b
2012	map	1	47	/QH00.MAP@202102	ここからカカルクランへもどるのは\nムリですぞ。%b	여기서 카칼클랜으로 돌아가는 건\n무리입니다.%b
2013	map	1	56	/QH00.MAP@202235	この水晶は、\nカカルクランとは\nつながっておらぬようだ。%b	이 수정은\n카칼클랜과는\n이어지지 않은 모양이다.%b
2014	map	1	52	/QH00.MAP@202323	あっれ～！？\nこの水晶、\nさわっても何も起きないよ？%b	어라～!?\n이 수정\n만져도 아무 일도 없어?%b
2015	map	1	68	/QH00.MAP@202407	カカルクランへもどるんなら、\nべつの水晶をさがす必要が\nありそうだ。%b	카칼클랜으로 돌아갈 거면\n다른 수정을 찾아야\n할 것 같아.%b
2016	map	1	41	/QH00.MAP@202507	この水晶にさわっても、\n何も起きないぜ。%b	이 수정을 만져도\n아무 일도 없어.%b
2017	map	1	44	/QH00.MAP@202580	ほっほっほっ、\nさわっても\n何も起きんのう。%b	허허허,\n만져도\n아무 일 없구먼.%b
2018	map	1	66	/QH00.MAP@202656	どうやらこの水晶は\nカカルクランとは\nつながっておらんようじゃな。%b	아무래도 이 수정은\n카칼클랜과는\n이어져 있지 않은 것 같구먼.%b
2019	map	1	34	/QH00.MAP@202754	これを順番どおり動かすんだな。%b%h	이걸 순서대로 움직이는 거군.%b%h
2020	map	1	72	/QH00.MAP@202820	問題は、その順番か。\nあのじーさん、\nなんかややこしーコト言ってたな。%b%h	문제는 그 순서인가.\n그 영감\n뭔가 복잡한 소릴 했었지.%b%h
2021	map	1	51	/QH00.MAP@202924	右で、左が２回に右も２回、\n次が左で・・・・・・%b%h	우, 좌 두 번에 우도 두 번,\n다음이 좌고……%b%h
2022	map	1	39	/QH00.MAP@203007	んでもって\nああして、こうして・・・%b%h	그리고\n이렇게, 저렇게…%b%h
2023	map	1	55	/QH00.MAP@203078	・・・で、最後が右だったよな。\nうん、こんなもんかな。%b	…마지막은 오른쪽이었지.\n응, 이 정도면 됐나.%b
2024	map	1	34	/QH00.MAP@203166	これがそのしかけってヤツかい。%b%h	이게 그 장치라는 거야?%b%h
2025	map	1	71	/QH00.MAP@203233	さて、こいつを回すワケだが・・・\nずいぶん、ややこしい手順だったね。%b%h	자, 이걸 돌리는 건데…\n꽤 복잡한 순서였지.%b%h
2026	map	1	69	/QH00.MAP@203337	あたしゃ、あんまし自信がないけど、\nとにかくやってみるしかないね。%b%h	난 별로 자신 없지만\n아무튼 해 보는 수밖에.%b%h
2027	map	1	55	/QH00.MAP@203439	こんなコトなら、\nメモか何かもらっておくんだったよ。%b%h	이럴 줄 알았으면\n메모라도 받아 둘걸.%b%h
2028	map	1	67	/QH00.MAP@203527	ええと・・・\n・・・右に・・・\n・・・左に・・・\n・・・左で・・・%b%h	음…\n…오른쪽으로…\n…왼쪽으로…\n…왼쪽에서…%b%h
2029	map	1	45	/QH00.MAP@203627	・・・右・・・と。\nこんなもんでどうだい！？%b	…오른쪽…이라.\n이 정도면 어때!?%b
2030	map	1	55	/QH00.MAP@203705	ウッホウッホウッホ！\n（↑しかけを動かしているらしい）%b	우호우호우호!\n（↑장치를 움직이는 듯하다）%b
2031	map	1	45	/QH00.MAP@203792	ほっほっほっ、\n結局、わしがやるんじゃな。%b%h	허허허,\n결국 내가 하는구먼.%b%h
2032	map	1	70	/QH00.MAP@203869	どれ、\n右左右右左右左左左右右左右右左右、\n・・・と、これでよかろう。%b	어디,\n우좌우우좌우좌좌좌우우좌우우좌우,\n…라, 이러면 되겠지.%b
2033	map	1	55	/QH00.MAP@203972	こいつを回せばいいんだな。\nったく、メンドーな・・・。%b	이걸 돌리면 되는 거지.\n정말이지, 귀찮게….%b
2034	map	1	53	/QH00.MAP@204060	どれ、やってみるか。\nえーと、右の、左の左の・・・。%b	어디, 해 볼까.\n음, 오른쪽, 왼쪽, 왼쪽….%b
2035	map	1	58	/QH00.MAP@204146	ちぇっ、\nだいたい、なんでオレが・・・。\nブツブツ・・・。%b	쳇,\n애초에 왜 내가….\n투덜투덜….%b
2036	map	1	84	/QH00.MAP@204237	・・・で、右の右の、左の右と。\nこれでいいんだろ。\nまちがってるなんて言わせないぜ。%b	…그래서 우, 우, 좌, 우.\n이러면 되지?\n틀렸다곤 못 하게 할 거야.%b
2037	map	1	30	/QH00.MAP@204353	これを動かせばいいんだな。%b%h	이걸 움직이면 되는 거지.%b%h
2038	map	1	53	/QH00.MAP@204415	ええっと、まず右にまわして、\nそれから左で・・・。%b%h	음, 먼저 오른쪽으로 돌리고\n그다음에 왼쪽…%b%h
2039	map	1	47	/QH00.MAP@204500	それから、こうやって・・・\n次にこうで・・・%b%h	그리고 이렇게 해서…\n다음엔 이렇게…%b%h
2040	map	1	61	/QH00.MAP@204579	・・・で、最後に右、と・・・。\nふぅ、これでいいみたいだな。%b	…그래서 마지막에 오른쪽…\n휴, 이러면 된 것 같아.%b
2041	map	1	57	/QH00.MAP@204672	これを動かすんだな。\nどれ、まず右でそれから左・・・。%b%h	이걸 움직이는 거군.\n어디, 먼저 오른쪽에 그다음 왼쪽…%b%h
2042	map	1	68	/QH00.MAP@204761	それから、こうやって・・・\n次にこうで・・・\nあれ、ちがったっけ？%b%h	그리고 이렇게 해서…\n다음엔 이렇게…\n어라, 틀렸나?%b%h
2043	map	1	51	/QH00.MAP@204861	え、ええっと、これでこうで・・・\n最後に右、と。%b%h	어, 음, 이렇게 해서 이렇게…\n마지막에 오른쪽.%b%h
2044	map	1	51	/QH00.MAP@204944	こ、これでいいんじゃないか？\n・・・・・・たぶん。%b	이, 이러면 되지 않을까?\n……아마.%b
2045	map	1	28	/QH00.MAP@205027	これを動かせばいいのね。%b%h	이걸 움직이면 되는 거지.%b%h
2046	map	1	67	/QH00.MAP@205087	右、左、左、右、右・・・・・・。\nふぅふぅ、けっこう重いわねぇ。%b%h	우, 좌, 좌, 우, 우……\n후우, 꽤 무겁네.%b%h
2047	map	1	55	/QH00.MAP@205186	で、次が左で、右で・・・\n・・・最後に右、と・・・。%b%h	그다음은 왼쪽, 오른쪽…\n…마지막에 오른쪽….%b%h
2048	map	1	26	/QH00.MAP@205273	ふぅ、これでいいのよね。%b	휴, 이러면 되겠지.%b
2049	map	1	32	/QH00.MAP@205331	これを動かせばよいのですな。%b%h	이걸 움직이면 되는군요.%b%h
2050	map	1	70	/QH00.MAP@205395	まず右にまわして、\nそれから左・・・。\nさらに、こうして、こう・・・%b%h	먼저 오른쪽으로 돌리고\n그다음 왼쪽….\n그리고 이렇게, 이렇게…%b%h
2051	map	1	55	/QH00.MAP@205497	・・・で、最後に右じゃったな。\nふぅ、これでよかろう。%b	…마지막은 오른쪽이었지.\n휴, 이러면 되겠지.%b
2052	map	1	24	/QH00.MAP@205584	これを動かすのだな。%b%h	이걸 움직이는 거군.%b%h
2053	map	1	59	/QH00.MAP@205640	右左左右右左右左左左・・・・・・\n右右左右右左右・・・。%b%h	우좌좌우우좌우좌좌좌……\n우우좌우우좌우….%b%h
2054	map	1	32	/QH00.MAP@205731	さて、これでどうなることやら。%b	자, 이러면 어떻게 될는지.%b
2055	map	1	55	/QH00.MAP@205795	これを動かすんだよね。\nえっとー・・・・・・・・・。%b%h	이걸 움직이는 거지?\n음～………%b%h
2056	map	1	50	/QH00.MAP@205882	あははははははぁ、\n%s6、順番おぼえてないやぁ！%b%h	아하하하하하,\n%s6, 순서 기억 안 나～!%b%h
2057	map	1	64	/QH00.MAP@205964	いいや！\nてきとーに動かしちゃえ！\nえいえいえいえいえいえい！%b%h	에라!\n대충 움직여 버리자!\n에잇에잇에잇에잇에잇!%b%h
2058	map	1	30	/QH00.MAP@206060	ふっふーん、こんなもんかな？%b	흐흥～, 이 정도면 되나?%b
2059	map	1	28	/QH00.MAP@206122	これを動かせってんだな。%b%h	이걸 움직이라는 거군.%b%h
2060	map	1	78	/QH00.MAP@206182	ええと・・・\nまずは右で、それから左・・・。\nで、も一回左で、次が右・・・。%b%h	음…\n먼저 우, 그다음 좌….\n다시 한 번 좌, 다음이 우….%b%h
2061	map	1	61	/QH00.MAP@206292	・・・ん？　ホントか？\nんあ・・・右、左、左、右、右・・・%b%h	…응? 진짜야?\n으음…우, 좌, 좌, 우, 우…%b%h
2062	map	1	92	/QH00.MAP@206385	だぁぁぁぁぁーっ、うざってーっ！\nえーい、こうなりゃヤケだ！\nてきとーにブン回してやるっ！%b%h	으아아아아, 짜증 나!\n에잇, 이렇게 된 이상 막 가자!\n대충 돌려 버리겠어!%b%h
2063	map	1	82	/QH00.MAP@206509	どりゃどりゃどりゃどりゃどりゃ！\n・・・ぜぇぜぇ・・・\nこ、これでどうだ・・・！？%b	이얍이얍이얍이얍이얍!\n…헉헉…\n이, 이러면 어때…!?%b
2064	map	1	56	/QH00.MAP@206623	道はできたんだ。\nもうヘタにさわらない方が\nいいだろう。%b	길은 생겼어.\n이제 괜히 만지지 않는 게\n좋겠어.%b
2065	map	1	59	/QH00.MAP@206711	もう、しかけは動いただろ？\nさわるのは、やめておこうぜ。%b%h	이제 장치는 움직였지?\n만지는 건 그만두자고.%b%h
2066	map	1	51	/QH00.MAP@206802	ヘタに動かして、\nまた道がふさがるとマズイからな。%b	괜히 움직였다가\n또 길이 막히면 곤란하니까.%b
2067	map	1	53	/QH00.MAP@206885	もう道はできちゃってるから、\n動かす必要はないわね。%b	이제 길은 생겼으니까\n움직일 필요는 없겠네.%b
2068	map	1	43	/QH00.MAP@206970	しかけは、\nすでに作動しておるようですな。%b	장치는\n이미 작동한 것 같군요.%b
2069	map	1	39	/QH00.MAP@207045	こいつにさわる必要は\nもうないだろう。%b	이걸 만질 필요는\n이제 없겠지.%b
2070	map	1	39	/QH00.MAP@207116	これ、\nもう１回動かしてみたいなー。%b%h	이거\n한 번 더 움직여 보고 싶다～.%b%h
2071	map	1	43	/QH00.MAP@207187	え？　ダメ？\nちぇー、けちけちけちーっ！！%b	응? 안 돼?\n치～, 쩨쩨쩨쩨!!%b
2072	map	1	28	/QH00.MAP@207262	もう、コイツに用はないな。%b	이제 이 녀석엔 볼일 없어.%b
2073	map	1	32	/QH00.MAP@207322	しかけはもう動いてるみたいだ。%b	장치는 이미 움직인 것 같아.%b
2074	map	1	47	/QH00.MAP@207387	もうコイツは、\nさわんなくっていいみたいだね。%b	이제 이건\n안 만져도 될 것 같네.%b
2075	map	1	45	/QH00.MAP@207548	ほっほっほっ、\nもう、しかけは動いておる。%b%h	허허허,\n이제 장치는 움직였네.%b%h
2076	map	1	78	/QH00.MAP@207625	ヘタにいじると、\nせっかく通れるようになった道が、\nまたふさがってしまうわい。%b	괜히 만졌다간\n모처럼 지나갈 수 있게 된 길이\n또 막혀 버리지.%b
2077	map	1	49	/QH00.MAP@207736	こいつをいじらなくても\nもう先に進めるハズだぜ。%b	이걸 안 만져도\n이제 앞으로 갈 거야.%b
2078	map	1	19	/QH00.MAP@207832	%s8さん、はやく！%b	%s8 씨, 빨리!%b
2079	map	1	54	/QH00.MAP@207883	ほっほっほっ、\n年寄りをそう、\nせかすものでないわい。%b	허허허,\n늙은이를 그렇게\n재촉하는 게 아닐세.%b
2080	map	1	68	/QH00.MAP@207969	そのしかけを動かすのは、\nだれだっていいんだろ？\nやり方を教えろよ。%b	그 장치를 움직이는 건\n누구든 상관없지?\n방법을 가르쳐 줘.%b
2081	map	1	31	/QH00.MAP@208069	ほっほっほっ、\nすまんのう。%b%h	허허허,\n미안하구먼.%b%h
2082	map	1	41	/QH00.MAP@208132	この先に\n右に伸びる通路があるんじゃ。%b%h	이 앞에\n오른쪽으로 뻗은 통로가 있네.%b%h
2083	map	1	67	/QH00.MAP@208205	ジャマな岩をどけて進んでいけば、\nしかけを動かす装置があるわい。%b%h	방해되는 바위를 치우고 가면\n장치를 움직이는 기계가 있지.%b%h
2084	map	1	69	/QH00.MAP@208304	そいつをじゃな、\n右左右右左右左左左右右左右右左右の順に回すのじゃ。%b	그걸 말이야,\n우좌우우좌우좌좌좌우우좌우우좌우 순으로 돌리게.%b
2085	map	1	45	/QH00.MAP@208405	え、ええっ？\n右左右右・・・・左右・・・？%b%h	어, 어엇?\n우좌우우…좌우…?%b%h
2086	map	1	65	/QH00.MAP@208482	と、とにかくそういうことらしい。\nまずは、しかけの所へ向かおう！%b	아, 아무튼 그런 모양이야.\n우선 장치 있는 곳으로 가자!%b
2087	map	1	60	/QH00.MAP@208579	ここからクィーンズランド・パレスに潜入できるんだったよね。%b	여기서 퀸즈랜드 궁전에 잠입할 수 있다고 했지.%b
2088	map	1	43	/QH00.MAP@208671	・・・その前に、\nやっかいなのがあるだろ？%b	…그 전에\n성가신 게 있잖아?%b
2089	map	1	22	/QH00.MAP@208746	そうだった・・・。%b%h	그랬지….%b%h
2090	map	1	63	/QH00.MAP@208800	奥にあるしかけの作動装置を、\nある順番で動かすんだったよね。%b%h	안쪽 장치의 작동 기계를\n어떤 순서로 움직여야 했지.%b%h
2091	map	1	28	/QH00.MAP@208895	だいじょうぶかなぁ・・・。%b	괜찮을까….%b
2092	map	1	69	/QH00.MAP@208955	さぁな。\nとりあえずは、そこへ行ってみなきゃ始まらねぇんじゃねぇか。%b	글쎄.\n일단 거기 가 보지 않으면 시작도 안 되지 않겠어.%b
2093	map	1	60	/QH00.MAP@209056	いつまでも、\nこの辺りをウロウロしていても\nしようがない。%b%h	언제까지고\n이 근처를 서성거려 봤자\n소용없어.%b%h
2094	map	1	60	/QH00.MAP@209148	カクゴを決めて、\nクィーンズランド・パレスに\n乗り込むんだ！%b	각오를 다지고\n퀸즈랜드 궁전에\n쳐들어가는 거야!%b
2095	map	1	53	/QH00.MAP@209240	本当にここを通って\n城までたどり着けるんだろうな？%b%h	정말로 여길 지나서\n성까지 갈 수 있는 거겠지?%b%h
2096	map	1	58	/QH00.MAP@209325	それに、\n向こうで待ちかまえてられたら\nシャレにならんぜ。%b	게다가\n저쪽에서 기다리고 있으면\n웃을 일이 아니라고.%b
2097	map	1	39	/QH00.MAP@209415	それでも、\nやっぱり行くしかないよ。%b%h	그래도\n역시 가는 수밖에 없어.%b%h
2098	map	1	41	/QH00.MAP@209486	まわりに注意をはらって、\n慎重に進もう。%b	주위를 조심하면서\n신중하게 나아가자.%b
2099	map	1	68	/QH00.MAP@209619	おいおい、\nこっから城に入ったって\nもうゲンユウサイはいないんだぜ。%b	이봐,\n여기로 성에 들어가 봤자\n이제 겐유사이는 없다고.%b
2100	map	1	39	/QH00.MAP@209719	もう、\nここに用はないんじゃねぇのか？%b	이제\n여긴 볼일 없지 않아?%b
2101	map	1	57	/QH00.MAP@209790	気味の悪いどうくつだな。\nこんな所になんの用があるんだ？%b	기분 나쁜 동굴이군.\n이런 데 무슨 볼일이 있어?%b
2102	map	1	22	/QH00.MAP@209879	さあ・・・・・・？%b%h	글쎄……?%b%h
2103	map	1	81	/QH00.MAP@209933	小さいころに\n何度か入って遊んだことはあるけど、おかしな所はなかったと思うよ。%b%h	어릴 때\n몇 번 들어와서 논 적은 있지만 이상한 곳은 없었던 것 같아.%b%h
2104	map	1	56	/QH00.MAP@210046	いま、\n特に何かを調べるっていう必要は\nないみたいだね。%b	지금은\n딱히 뭔가 조사할 필요는\n없는 것 같아.%b
2105	map	1	68	/QH10.MAP@127445	なんだぁ、こりゃあ！？\nちっ、\nこんなしかけぐらいカンタンに・・・%b%h	뭐야 이건!?\n칫,\n이런 장치쯤이야 간단히…%b%h
2106	map	1	93	/QH10.MAP@127546	ちっ、ダメだ！\nあんなクモの化け物みたいなのが\nいたんじゃ、\nおちおちシゴトもできやしねぇ！%b%h	칫, 안 되겠어!\n저런 거미 괴물 같은 게\n있어서야\n마음 놓고 일도 못 해!%b%h
2107	map	1	45	/QH10.MAP@127672	まずは、\nあいつをどうにかしろってことか！？%b	우선\n저 녀석을 어떻게든 하라는 건가!?%b
2108	map	1	60	/QH10.MAP@127750	開かないだってぇ！？\nじょうだんじゃないよ、\nったく・・・%b%h	안 열린다고!?\n농담하지 마,\n정말이지…%b%h
2109	map	1	60	/QH10.MAP@127843	ちくしょう、\nまずは、あのクモの化け物を\nなんとかしなきゃ！%b	젠장,\n우선 그 거미 괴물을\n어떻게든 해야 해!%b
2110	map	1	39	/QH10.MAP@128015	くそっ、\n扉が開かないなんて・・・！%b%h	젠장,\n문이 안 열리다니…!%b%h
2111	map	1	63	/QH10.MAP@128086	あのクモみたいなモンスターを\n倒さないとダメってことなのか！？%b	저 거미 같은 몬스터를\n쓰러뜨려야 한다는 건가!?%b
2112	map	1	20	/QH10.MAP@128181	扉が開かない！？%b%h	문이 안 열려!?%b%h
2113	map	1	60	/QH10.MAP@128233	ちくしょう、\nあのクモの化け物を\nどうにかしろってことか！？%b	젠장,\n저 거미 괴물을\n어떻게든 하라는 건가!?%b
2114	map	1	39	/QH10.MAP@128325	そんな・・・\n扉が開かないなんて！？%b%h	그럴 수가…\n문이 안 열리다니!?%b%h
2115	map	1	90	/QH10.MAP@128396	・・・なるほどね、わかったわ！\nあのクモの化け物みたいなのが、\nここを守っているんだわ！%b%h	…그렇구나, 알았어!\n저 거미 괴물 같은 게\n여길 지키고 있는 거야!%b%h
2116	map	1	48	/QH10.MAP@128518	じゃあ、\n先にあいつを\nどうにかしないと・・・！%b	그럼\n먼저 저 녀석을\n어떻게든 해야…!%b
2117	map	1	37	/QH10.MAP@128598	なんと！\n扉が開かぬではないか！？%b%h	이럴 수가!\n문이 열리지 않다니!?%b%h
2118	map	1	76	/QH10.MAP@128667	・・・むぅ・・・\nやはり、あのクモの化け物が\nここを守っているのであろうな。%b	…음…\n역시 그 거미 괴물이\n이곳을 지키고 있는 것이겠지.%b
2119	map	1	20	/QH10.MAP@128775	これは・・・！？%b%h	이건…!?%b%h
2120	map	1	57	/QH10.MAP@128827	あのクモの化け物を倒さぬかぎり\n先には進めないようだな。%b	저 거미 괴물을 쓰러뜨려야\n앞으로 갈 수 있겠군.%b
2121	map	1	37	/QH10.MAP@128916	え～～～？\nなんで開かないの～！？%b%h	에～～～?\n왜 안 열려～!?%b%h
2122	map	1	72	/QH10.MAP@128985	う～～～！\nきっと、あのクモの化け物が\nここを開かないようにしてんのよ！%b	우～～～!\n분명 저 거미 괴물이\n여길 안 열리게 하는 거야!%b
2123	map	1	35	/QH10.MAP@129089	なんだぁ？\n扉が開かないだぁ！？%b%h	뭐야?\n문이 안 열린다고!?%b%h
2124	map	1	64	/QH10.MAP@129156	ざけんなよ！\nクモの化け物ごときに\nジャマされたまるかってんだ！%b	웃기지 마!\n거미 괴물 따위한테\n방해받을까 보냐!%b
2125	map	1	43	/QH10.MAP@129252	ほっほっほっ、\nこれは困ったのう・・・。%b%h	허허허,\n이거 곤란하구먼….%b%h
2126	map	1	59	/QH10.MAP@129327	やはり、あのクモの化け物を\n片づけねばならんようじゃな。%b%h	역시 그 거미 괴물을\n처리해야 하는 모양이구먼.%b%h
2127	map	1	51	/QH10.MAP@129418	やれやれ・・・\n昔は、あんなものはおらなんだのに。%b	이런 이런…\n옛날엔 저런 건 없었는데.%b
2128	map	1	74	/QH10.MAP@129501	扉が開かないだって！？\nでも、先に進めそうなのは、\nここぐらいしか・・・%b%h	문이 안 열린다고!?\n하지만 갈 수 있는 곳은\n여기 정도밖에…%b%h
2129	map	1	50	/QH10.MAP@129607	そうか！\nあのクモの化け物が\nここを守ってるのか！%b	그렇구나!\n그 거미 괴물이\n여길 지키고 있구나!%b
2130	map	1	34	/QH10.MAP@129689	この扉、本当に開くんだろうな？%b%h	이 문, 정말 열리는 거겠지?%b%h
2131	map	1	65	/QH10.MAP@129755	・・・だいじょうぶみたいだな。\nこっから城へ入れるって寸法か。%b%h	…괜찮은 것 같군.\n여기서 성으로 들어간다는 거군.%b%h
2132	map	1	60	/QH10.MAP@129852	・・・もしかして、\nオレの国の城にも\nこんなのあったのかな？%b	…혹시\n우리나라 성에도\n이런 게 있었을까?%b
2133	map	3	28	/QH10.MAP@129945	この扉、開くんだろうな？%b%h	이 문, 열리는 거겠지?%b%h
2134	map	1	50	/QH10.MAP@130006	・・・トラップらしきものはないな。開けてみるか？%b	…함정 같은 건 없군. 열어 볼까?%b
2135	map	1	28	/QH10.MAP@130089	この扉、開くんだろうね？%b%h	이 문, 열리는 거겠지?%b%h
2136	map	1	34	/QH10.MAP@130150	・・・だいじょうぶ、なのかな？%b%h	…괜찮은 걸까?%b%h
2137	map	1	51	/QH10.MAP@130217	・・・まぁ、いいさ。\n開けてみればわかることさね。%b	…뭐, 좋아.\n열어 보면 알 일이지.%b
2138	map	2	49	/QH10.MAP@130301	ウホッウホッウホッ！\n（↑はりきっているらしい）%b	우홋우홋우홋!\n（↑의욕이 넘치는 듯하다）%b
2139	map	1	43	/QH10.MAP@130382	いよいよ、\nクィーンズ・パレスに突入だね。%b	드디어\n퀸즈 궁전에 돌입이네.%b
2140	map	1	24	/QH10.MAP@130457	奥の扉・・・開くかな？%b	안쪽 문…열릴까?%b
2141	map	1	42	/QH10.MAP@130513	よし、\nこれで安心して\n奥の扉へ進めるぜ。%b	좋아,\n이제 안심하고\n안쪽 문으로 가자.%b
2142	map	1	37	/QH10.MAP@130587	やったわ！\n後は奥の扉を開くだけね！%b	해냈어!\n이제 안쪽 문만 열면 돼!%b
2143	map	1	48	/QH10.MAP@130656	では、\nいよいよ奥の扉から\n城内に入るのですな。%b	그럼\n드디어 안쪽 문으로\n성에 들어가는군요.%b
2144	map	1	22	/QH10.MAP@130736	後はあの扉か・・・。%b	이제 저 문인가….%b
2145	map	1	26	/QH10.MAP@130790	これで先へ進めそうだね！%b	이제 앞으로 가겠어!%b
2146	map	1	62	/QH10.MAP@130848	よしっ、\nジャマなヤツもいなくなったし、\nこれで先へ進めるぜ！%b	좋아,\n방해꾼도 없어졌으니\n이제 앞으로 갈 수 있어!%b
2147	map	1	48	/QH10.MAP@130942	ほっほっほっ、\nこれで安心して\n奥へ進めるわい。%b	허허허,\n이제 안심하고\n안으로 가겠구먼.%b
2148	map	1	58	/QH10.MAP@131022	よし、\nグズグズしてないで\n一気に奥の扉を開けてしまおう！%b	좋아,\n꾸물대지 말고\n단숨에 안쪽 문을 열어 버리자!%b
2149	map	1	62	/QH10.MAP@131113	へへっ、\nこうしてまた城にもぐりこめる\nチャンスが来るとはね。%b	헤헷,\n이렇게 다시 성에 숨어들\n기회가 오다니.%b
2150	map	1	39	/QH10.MAP@131208	後は、\n奥の扉を開けりゃあいいんだね。%b	이제\n안쪽 문만 열면 되는 거지.%b
2151	map	1	55	/QH10.MAP@131361	ん？　どうしたんだ？\nこの扉、開かなくなっているぞ。%b%h	응? 왜 이러지?\n이 문, 안 열리게 됐어.%b%h
2152	map	1	30	/QH10.MAP@131448	反対側からふさがれたのか！？%b	반대쪽에서 막힌 건가!?%b
2153	map	1	35	/QH10.MAP@131510	なんだ？\n扉が開かなくなってるぞ。%b	뭐야?\n문이 안 열리게 됐어.%b
2154	map	1	30	/QH10.MAP@131577	反対側から固定されたのか！？%b	반대쪽에서 고정된 건가!?%b
2155	map	1	51	/QH10.MAP@131639	あら？　どうしたのかしら？\nこの扉、開かないわ。%b%h	어머? 왜 이러지?\n이 문, 안 열려.%b%h
2156	map	1	30	/QH10.MAP@131722	ここを進むのはムリみたいね。%b	여긴 지나갈 수 없나 봐.%b
2157	map	1	55	/QH10.MAP@131784	なんと！\n扉が開かんではないか！えーい、いまいましい！%b	이럴 수가!\n문이 안 열리지 않은가! 에잇, 괘씸하다!%b
2158	map	1	72	/QH10.MAP@131871	・・・・・・・・・。\nこの扉は固定されているようだ。\nここは通れないぞ。%b	………\n이 문은 고정된 모양이다.\n여긴 못 지나간다.%b
2159	map	1	39	/QH10.MAP@131975	あれぇぇぇ？\nこの扉、開かないよぉ！？%b	어라아아?\n이 문, 안 열려!?%b
2160	map	1	47	/QH10.MAP@132046	ん？　どうしたってんだ？\nこの扉、開かねぇぞ。%b	응? 왜 이래?\n이 문, 안 열려.%b
2161	map	1	45	/QH10.MAP@132125	ほっほっほっ、\nこの扉は開かんようじゃな。%b%h	허허허,\n이 문은 안 열리는구먼.%b%h
2162	map	1	51	/QH10.MAP@132202	ここから先に進むのは\nあきらめた方がよさそうじゃ。%b	여기서 앞으로 가는 건\n포기하는 게 좋겠구먼.%b
2163	map	1	39	/QH10.MAP@132285	どうしたんだ？\nこの扉、開かねぇな。%b%h	왜 이래?\n이 문, 안 열리는군.%b%h
2164	map	1	47	/QH10.MAP@132356	反対側から\nカギでもかけられたんじゃねぇか！？%b	반대쪽에서\n열쇠라도 채운 거 아냐!?%b
2165	map	1	47	/QH10.MAP@132436	この扉、\nえらくがんじょうに固定されてるな。%b%h	이 문\n엄청 튼튼하게 고정돼 있군.%b%h
2166	map	1	37	/QH10.MAP@132516	こいつぁ、\nオレの手にも負えねぇな。%b	이건\n내 손으로도 안 되겠군.%b
2167	map	1	53	/QH10.MAP@132586	どうしたんだろうねぇ、この扉。\nびくともしないよ。%b%h	어떻게 된 걸까, 이 문.\n꿈쩍도 안 해.%b%h
2168	map	1	51	/QH10.MAP@132672	どうやら、こっから先に進むのは\nムリのようだねぇ。%b	아무래도 여기서 앞으로 가는 건\n무리인 것 같네.%b
2169	map	1	45	/QH10.MAP@132756	・・・・・・・・・？\n（↑困っているらしい）%b	………?\n（↑난감한 듯하다）%b
2170	map	1	24	/QH10.MAP@132833	この扉、開くのかな？%b%h	이 문, 열릴까?%b%h
2171	map	1	54	/QH10.MAP@132889	・・・うん、だいじょうぶのようだ。いよいよか・・・。%b	…응, 괜찮은 것 같아. 드디어인가….%b
2172	map	1	68	/QH10.MAP@133035	・・・だいじょうぶみたいだな。\nちくしょう、\n身ぶるいしてきやがる！%b	…괜찮은 것 같군.\n젠장,\n몸이 떨려 오잖아!%b
2173	map	1	30	/QH10.MAP@133135	この扉、開くんでしょうね？%b%h	이 문, 열리는 거겠죠?%b%h
2174	map	1	53	/QH10.MAP@133197	・・・だいじょうぶみたいね。\nさぁ、行くわよ・・・。%b	…괜찮은 것 같네.\n자, 가자….%b
2175	map	1	49	/QH10.MAP@133282	この扉、開くんじゃろうな？\n・・・・・・うむ。%b%h	이 문, 열리겠지?\n……음.%b%h
2176	map	1	35	/QH10.MAP@133363	ぼっちゃま！\nじいが、開けますぞ！%b	도련님!\n할아범이 열겠습니다!%b
2177	map	1	28	/QH10.MAP@133430	この扉、開くのだろうな？%b%h	이 문, 열리겠지?%b%h
2178	map	1	37	/QH10.MAP@133490	問題は・・・ないようだな。\n行くか？%b	문제는…없는 것 같군.\n갈까?%b
2179	map	1	56	/QH10.MAP@133559	わーい、扉だー！\nねー、開けてもいい？\nねーってばーっ！%b	와～아, 문이다～!\n응～, 열어도 돼?\n응～ 응～!%b
2180	map	1	47	/QH10.MAP@133707	だいじょうぶそうだな。\nいっちょ開けてみるか？%b	괜찮은 것 같군.\n한번 열어 볼까?%b
2181	map	1	43	/QH10.MAP@133786	・・・ふむ・・・\n扉は開くのじゃろうな？%b%h	…흠…\n문은 열리겠지?%b%h
2182	map	1	85	/QH10.MAP@133861	ほっほっほっ、\nどうやら、わしが\nためしてみねばならんようじゃな。\nどれ・・・・・・。%b	허허허,\n아무래도 내가\n시험해 봐야 하는 모양이구먼.\n어디……%b
2183	map	2	14	/QH10.MAP@133988	もどりますか？	돌아갈까요?
2184	map	3	6	/QH10.MAP@134003	もどる	간다
2185	map	3	10	/QH10.MAP@134010	もどらない	아니오
2186	map	1	53	/QH10.MAP@134062	なんだ、あれは？\n気味の悪いモンスターだな・・・。%b%h	뭐지, 저건?\n기분 나쁜 몬스터군….%b%h
2187	map	1	43	/QH10.MAP@134147	あんなヤツ、さっさと倒して\n先に進もうぜ。%b	저런 놈 얼른 쓰러뜨리고\n앞으로 가자고.%b
2188	map	1	113	/QH10.MAP@134223	なんだ、\nあのクモ女は！？%b%hふざけやがって・・・\nオレはクモが大キライなんだ！\nとっとと、そこをどいてもらうぜ！%b	뭐야,\n저 거미 여자는!?%b%h웃기지 마…\n난 거미가 정말 싫단 말이야!\n얼른 거기서 비켜 줘야겠어!%b
2189	map	1	37	/QH10.MAP@134369	なんだい、\nあのクモの化け物は！？%b%h	뭐야,\n저 거미 괴물은!?%b%h
2190	map	1	83	/QH10.MAP@134439	なんだか扉を守っているようだねぇ。・・・とすると、\nアイツもゲンユウサイの・・・？%b	왠지 문을 지키는 것 같네. …그렇다면\n저 녀석도 겐유사이의…?%b
2191	map	2	47	/QH10.MAP@134555	ウホッウホッウホッ！\n（↑おこっているらしい）%b	우홋우홋우홋!\n（↑화난 듯하다）%b
2192	map	1	41	/QH10.MAP@134634	なんだ、\nあのクモみたいな化け物は！？%b%h	뭐야,\n저 거미 같은 괴물은!?%b%h
2193	map	1	61	/QH10.MAP@134707	まずアイツをどうにかしなきゃ、\n先に進めそうもないな・・・。%b	먼저 저 녀석을 어떻게든 해야\n앞으로 갈 수 있겠어….%b
2194	map	1	39	/QH10.MAP@134800	なんだぁ、\nあのクモの化けもんは！？%b%h	뭐야,\n저 거미 괴물은!?%b%h
2195	map	1	74	/QH10.MAP@134871	アイツの向こうに扉がるようだが、\nカンタンには\n進ませてくれないだろうな。%b	저 녀석 너머에 문이 있는 듯한데\n쉽게는\n지나가게 해 주지 않겠지.%b
2196	map	1	45	/QH10.MAP@134977	なによ、あれ！？\n大きなクモみたい・・・。%b%h	뭐야, 저거!?\n커다란 거미 같아….%b%h
2197	map	1	47	/QH10.MAP@135054	あんなのがいたんじゃ、\n先に進めないじゃない！%b	저런 게 있으면\n앞으로 못 가잖아!%b
2198	map	1	58	/QH10.MAP@135133	なんと！\n巨大なモンスターが\n扉を守っておるではないか！%b%h	이럴 수가!\n거대한 몬스터가\n문을 지키고 있지 않은가!%b%h
2199	map	1	41	/QH10.MAP@135223	まずは、\nあやつをどうにかせねば・・・。%b	우선\n저놈을 어떻게든 해야….%b
2200	map	1	45	/QH10.MAP@135296	扉を守っているモンスターが\nいるようだな。%b%h	문을 지키는 몬스터가\n있는 것 같군.%b%h
2201	map	1	32	/QH10.MAP@135373	まずはヤツを片づけねば・・・。%b	우선 놈부터 처리해야….%b
2202	map	1	53	/QH10.MAP@135437	なーにー、あれぇ？\nクモみたいできっもちわるーい！%b%h	뭐야～, 저거어?\n거미 같아서 징그러워～!%b%h
2203	map	1	41	/QH10.MAP@135522	あんなの、とっと片づけて\n先に行こうよ。%b	저런 거 얼른 치우고\n앞으로 가자.%b
2204	map	1	45	/QH10.MAP@135595	なんだぁ、\nあのクモみたいな化けもんは！？%b%h	뭐야,\n저 거미 같은 괴물은!?%b%h
2205	map	1	70	/QH10.MAP@135672	・・・そうか、\nアイツがここの番人ってわけかい。\nへっ、しゃらくせぇ！%b	…그렇군,\n저 녀석이 여기 문지기라는 거군.\n흥, 건방지게!%b
2206	map	1	51	/QH10.MAP@135774	ほっほっほっ、\nあんなのが住んでおったとはのう。%b%h	허허허,\n저런 게 살고 있었구먼.%b%h
2207	map	1	34	/QH10.MAP@135857	まずは、アレをどうにかせねばの。%b	우선 저걸 어떻게든 해야지.%b
2208	map	1	16	/QH30.MAP@164218	町に入りますか？	마을로 갈까요?
2209	map	1	60	/QH30.MAP@164300	このあたりにも、\nゲンユウサイの手が\nまわっているようだな。%b	이 근처에도\n겐유사이의 손이\n뻗친 것 같군.%b
2210	map	1	18	/QH30.MAP@164392	そのようだね。%b%h	그런 것 같아.%b%h
2211	map	1	56	/QH30.MAP@164442	よし、\nまわりの敵をけちらして、\nここを突破するんだ。%b%h	좋아,\n주위의 적을 흩어 버리고\n여기를 돌파하자.%b%h
2212	map	1	39	/QH30.MAP@164530	南に向かえば、\n町の入口につくハズだ。%b	남쪽으로 가면\n마을 입구에 닿을 거야.%b
2213	map	1	43	/QH3B.MAP@165801	ま、待ってくれ！\nまだ話は終わっていない！%b	자, 잠깐만!\n아직 얘기 안 끝났어!%b
2214	map	1	28	/QH3B.MAP@165932	行っちまったみたいだな。%b%h	가 버린 것 같군.%b%h
2215	map	1	50	/QH3B.MAP@165992	・・・へっ、\nあんなわからずや、\n放っとこうぜ。%b%h	…흥,\n저런 벽창호\n내버려 두자고.%b%h
2216	map	1	21	/QH3B.MAP@166074	・・・おい？　%s0？%b	…이봐? %s0?%b
2217	map	1	64	/QH3B.MAP@166127	・・・明日って言ってた。\nとめなくちゃ。\n見すごしておけないよ。%b	…내일이라고 했어.\n막아야 해.\n그냥 둘 수 없어.%b
2218	map	1	16	/QH3B.MAP@166279	明日・・・か。%b	내일…인가.%b
2219	map	1	49	/QH3B.MAP@166342	どうやら、片づいたようだな。\nん・・・・・・？%b%h	아무래도 정리된 모양이군.\n응……?%b%h
2220	map	1	35	/QH3B.MAP@166423	だっ、だれだ、\nそこにいるのは！？%b	누, 누구냐,\n거기 있는 건!?%b
2221	map	1	41	/QH3B.MAP@166490	もしかして・・・\nキミがナイトバード！？%b	혹시…\n네가 나이트버드!?%b
2222	map	37	39	/QH3B.MAP@166532	%H%m1%V100［%m0ナイトバード%m1］%V0%m0\n	%H%m1%V100［%m0나이트버드%m1］%V0%m0\n
2223	map	1	57	/QH3B.MAP@166572	・・・お前たちの戦いぶりは\nたっぷりと見せてもらった。%b%h	…너희의 싸움은\n똑똑히 보았다.%b%h
2224	map	1	26	/QH3B.MAP@166670	みごとな手際だったな。%b%h	훌륭한 솜씨였군.%b%h
2225	map	1	52	/QH3B.MAP@166737	・・・ところで、\nお前たちか、\nオレを呼んだのは！？%b	…그런데\n너희냐,\n나를 부른 게!?%b
2226	map	1	54	/QH3B.MAP@166821	そうだ、\n掲示板のメッセージを見て\n来てくれたんだね。%b	그래,\n게시판 메시지를 보고\n와 줬구나.%b
2227	map	1	26	/QH3B.MAP@166916	・・・話というのは何だ？%b	…할 얘기란 게 뭐지?%b
2228	map	1	74	/QH3B.MAP@166974	ボクたちは、\nキミがゲンユウサイの所へ\n忍びこむと聞いて、とめに来たんだ。%b	우리는\n네가 겐유사이한테\n숨어든다고 해서 말리러 왔어.%b
2229	map	1	78	/QH3B.MAP@167080	聞いてくれ。\nあんたのウデがどれほどのものか\n知らんが、あいつは危険すぎる！%b%h	들어 봐.\n당신 솜씨가 얼마나 되는지\n모르지만 그놈은 너무 위험해!%b%h
2230	map	1	47	/QH3B.MAP@167190	命をすてに行くような、\nバカな考えはよすんだ！%b	목숨 버리러 가는 듯한\n바보 같은 생각은 마!%b
2231	map	1	30	/QH3B.MAP@167278	・・・言うコトはそれだけか？%b	…할 말은 그게 다냐?%b
2232	map	1	8	/QH3B.MAP@167340	え！？%b	어!?%b
2233	map	1	61	/QH3B.MAP@167389	そんなつまらん話のために\nオレを呼んだのかと言ってるんだ！%b%h	그런 시시한 얘기를 하려고\n날 불렀냐는 거다!%b%h
2234	map	1	35	/QH3B.MAP@167491	オレのシゴトは\nパーフェクトだ。%b%h	내 일은\n퍼펙트하다.%b%h
2235	map	1	39	/QH3B.MAP@167567	相手が誰であれ、\nしくじるコトはない。%b	상대가 누구든\n실수는 없다.%b
2236	map	1	52	/QH3B.MAP@167638	で、でも、\nボクたちは、\nキミのことを心配して・・・%b	하, 하지만\n우리는\n너를 걱정해서…%b
2237	map	1	52	/QH3B.MAP@167731	その『キミ』という呼び方は\nやめろ。\n耳ざわりだ。%b%h	그 『너』라고 부르는 건\n그만둬.\n귀에 거슬린다.%b%h
2238	map	1	47	/QH3B.MAP@167824	・・・それに、\n止めるのが遅かったようだな。%b%h	…게다가\n말리기엔 늦은 것 같군.%b%h
2239	map	1	59	/QH3B.MAP@167912	決行の時は明日にせまった。\nこれ以上、オレにはかまうな。%b%h	결행은 내일이다.\n더 이상 나한테 신경 쓰지 마.%b%h
2240	map	1	51	/QH3B.MAP@168012	オレはナイトバード、\n夜空に舞う漆黒の鳥・・・。%b%h	나는 나이트버드,\n밤하늘을 나는 칠흑의 새….%b%h
2241	map	1	47	/QH3B.MAP@168104	ただ影にひそみて、\nエモノをねらうのみ・・・。%b	그저 그림자에 숨어\n먹잇감을 노릴 뿐….%b
2242	map	2	36	/QH3B.MAP@168183	まずはナイトバードをさがさなきゃ！%b	우선 나이트버드를 찾아야 해!%b
2243	map	2	43	/QH3B.MAP@168251	今夜中にナイトバードを\n見つけないとな。%b%h	오늘 밤 나이트버드를\n찾아야 해.%b%h
2244	map	2	34	/QH3B.MAP@168326	町にもどってるヒマなんかないぜ。%b	마을로 돌아갈 틈은 없어.%b
2245	map	2	41	/QH3B.MAP@168392	みんな、\nどの辺をさがしてるのかしら？%b%h	다들\n어디쯤을 찾고 있을까?%b%h
2246	map	3	32	/QH3B.MAP@168465	私も、がんばってさがさなきゃ。%b	나도 열심히 찾아야지.%b
2247	map	1	54	/QH3B.MAP@168529	なんと！\nこのままでは\n町に帰ってしまうではないか！%b%h	이럴 수가!\n이대로는\n마을로 돌아가 버리지 않는가!%b%h
2248	map	1	62	/QH3B.MAP@168615	ぼっちゃま、おゆるしを！\nじいも、\nせいいっぱいさがしますぞ。%b	도련님, 용서하십시오!\n할아범도\n힘껏 찾겠습니다.%b
2249	map	4	43	/QH3B.MAP@168709	どうやら、\nこの辺にはいないみたいだな。%b%h	아무래도\n이 근처엔 없는 것 같군.%b%h
2250	map	2	20	/QH3B.MAP@168784	別の所をさがすか。%b	다른 곳을 찾을까.%b
2251	map	2	41	/QH3B.MAP@168836	あっれ～！？\nこっちじゃなかったっけ？%b%h	어라～!?\n이쪽이 아니었나?%b%h
2252	map	2	37	/QH3B.MAP@168909	うーん・・・\nどこにいるのかなぁ！？%b	으음…\n어디 있는 걸까!?%b
2253	map	1	41	/QH3B.MAP@168978	なんだぁ、\nこりゃ町の入口じゃねぇか。%b%h	뭐야,\n여긴 마을 입구잖아.%b%h
2254	map	2	36	/QH3B.MAP@169051	まさか、こんなトコにゃいねぇよな。%b	설마 이런 데 있을 리 없겠지.%b
2255	map	2	37	/QH3B.MAP@169194	・・・ふぅ。\n一体どこにいるんだ！？%b	…휴.\n대체 어디 있는 거야!?%b
2256	map	2	45	/QH3B.MAP@169264	・・・うーん、\nどこにいるんでしょうねぇ。%b%h	…으음,\n어디 있을까요.%b%h
2257	map	2	93	/QH3B.MAP@169342	ナイトバードっていうくらいだから、まっ黒けで見えない・・・\nなぁんてコトはないでしょうねぇ。%b	나이트버드라고 할 정도니까 새까매서 안 보인다…\n같은 건 아니겠죠.%b
2258	map	1	68	/QH3B.MAP@169468	・・・っとと。\nなんか、町の方に\nもどって来ちまったみたいだねぇ。%b%h	…어이쿠.\n왠지 마을 쪽으로\n돌아와 버린 것 같네.%b%h
2259	map	1	85	/QH3B.MAP@169569	他のみんなも\nまださがし回ってるんだ。\nあたしひとり、\n町にもどるワケにはいかないよ。%b	다른 사람들도\n아직 찾아다니고 있어.\n나 혼자\n마을로 돌아갈 순 없지.%b
2260	map	2	41	/QH3B.MAP@169687	・・・・・・。\n（↑まよっているらしい）%b	……\n（↑길을 잃은 듯하다）%b
2261	map	1	123	/QH3B.MAP@170106	なんと！\nこのままでは見当ちがいの所へ行ってしまうではないか！\nぼっちゃま、おゆるしを！\nじいも、せいいっぱいさがしますぞ。%b	이럴 수가!\n이대로는 엉뚱한 곳으로 가 버리지 않는가!\n도련님, 용서하십시오!\n할아범도 힘껏 찾겠습니다.%b
2262	map	1	49	/QH3B.MAP@170530	なんだぁ、\nこんなトコに来ちまったじゃねぇか。%b%h	뭐야,\n이런 데로 와 버렸잖아.%b%h
2263	map	1	51	/QH3B.MAP@171028	・・・っとと。\nなんか変なトコに来ちまったねぇ。%b%h	…어이쿠.\n왠지 이상한 데 와 버렸네.%b%h
2264	map	1	85	/QH3B.MAP@171112	他のみんなも\nまださがし回ってるんだ。\nあたしひとり、\nさぼってるワケにはいかないよ。%b	다른 사람들도\n아직 찾아다니고 있어.\n나 혼자\n땡땡이칠 순 없지.%b
2265	map	1	55	/QH3B.MAP@171318	ナイトバードが指定してきたのは、\nこのあたりか・・・。%b	나이트버드가 지정한 곳은\n이 근처인가….%b
2266	map	1	12	/QH3B.MAP@171405	来るかな？%b	올까?%b
2267	map	1	16	/QH3B.MAP@171449	わからない。%b%h	모르겠어.%b%h
2268	map	1	52	/QH3B.MAP@171497	でも、今はあの立て札のメッセージを信じるしかない。%b	하지만 지금은 그 팻말의 메시지를 믿을 수밖에 없어.%b
2269	map	1	49	/QH3B.MAP@171581	「川辺で待て」ってやつか？\nどうだかな・・・。%b%h	「강가에서 기다려라」?\n글쎄다….%b%h
2270	map	1	20	/QH3B.MAP@171662	相手はコソ泥だぜ？%b	상대는 좀도둑이야?%b
2271	map	1	108	/QH3B.MAP@171714	だからって、\nたった一人でゲンユウサイのいる所へ忍びこもうとしてるのを、\n放っておけるワケないじゃないか。%b%h	그렇다고\n혼자서 겐유사이가 있는 곳에 숨어들려는 걸\n내버려 둘 순 없잖아.%b%h
2272	map	1	49	/QH3B.MAP@171854	とにかく、\nここでじっとしててもしようがない。%b%h	아무튼\n여기서 가만있어 봤자 소용없어.%b%h
2273	map	1	68	/QH3B.MAP@171935	さっき打ち合わせたとおり、\n各自分担して\nこの周囲を探索してみよう。%b	아까 의논한 대로\n각자 분담해서\n이 주변을 탐색해 보자.%b
2274	map	1	78	/QH3B.MAP@172035	・・・で、見つけたら、\n「バカなことはやめろ」って\n言ってやればいいんだろ？%b%h	…그래서 찾으면\n「바보짓 그만둬」라고\n말해 주면 되는 거지?%b%h
2275	map	1	76	/QH3B.MAP@172145	・・・にしても、\nかなり暗くなってきたな。\nこいつはちょっとヤッカイだぜ。%b%h	…그나저나\n꽤 어두워졌군.\n이거 좀 성가시겠는데.%b%h
2276	map	1	28	/QH3B.MAP@172253	ん・・・あれは、なんだ！？%b	응…저건 뭐지!?%b
2277	map	1	50	/QH3B.MAP@172314	何ゆえ、\n我々が盗賊狩りなどを\nせねばならぬのだ。%b	어째서\n우리가 도적 사냥을\n해야 한단 말인가.%b
2278	map	1	43	/QH3B.MAP@172397	言うな。%b%h%H%m1%V100［%m0下忍%m1］%V0%m0\n	닥쳐.%b%h%H%m1%V100［%m0닌자%m1］%V0%m0\n
2279	map	1	97	/QH3B.MAP@172441	我らはゲンユウサイ様と、\nそしてあのお方に\n忠誠をちかった身の上。%b%H%m1%V100［%m0下忍%m1］%V0%m0\n	우리는 겐유사이 님과\n그리고 그분께\n충성을 맹세한 몸.%b%H%m1%V100［%m0닌자%m1］%V0%m0\n
2280	map	1	39	/QH3B.MAP@172539	ご命令とあらば、\nいたしかたあるまい。%b	명령이라면\n어쩔 수 없지.%b
2281	map	1	79	/QH3B.MAP@172611	兄者・・・\nあいつら、\nちゃんとやってるかな？%b%h%H%m1%V100［%m0下忍%m1］%V0%m0\n	형님…\n그 녀석들\n제대로 하고 있을까요?%b%h%H%m1%V100［%m0닌자%m1］%V0%m0\n
2282	map	1	14	/QH3B.MAP@172691	・・・兄者？%b	…형님?%b
2283	map	1	76	/QH3B.MAP@172738	静かに！\nあちらから何やら話し声が・・・。%b%h%H%m1%V100［%m0下忍%m1］%V0%m0\n	조용히!\n저쪽에서 무슨 말소리가….%b%h%H%m1%V100［%m0닌자%m1］%V0%m0\n
2284	map	1	55	/QH3B.MAP@172815	敵に気取られたやもしれん。\n早々にシゴトに取りかかる。%b	적에게 들켰을지도 모른다.\n얼른 일에 착수한다.%b
2285	map	1	49	/QH3B.MAP@172902	どうだい、%s1？\nナイトバードが\n来てくれたのか？%b	어때, %s1?\n나이트버드가\n와 준 거야?%b
2286	map	1	50	/QH3B.MAP@172983	バカ！\nありゃあ、\nゲンユウサイの放った刺客だ！%b%h	바보!\n저건\n겐유사이가 보낸 자객이야!%b%h
2287	map	1	56	/QH3B.MAP@173065	どうやら、\nヤツらもナイトバードに\n会いに来たらしい。%b%h	아무래도\n놈들도 나이트버드를\n만나러 온 모양이야.%b%h
2288	map	1	27	/QH3B.MAP@173153	まずい！\nこっちへ来るぞ！%b	위험해!\n이쪽으로 온다!%b
2289	map	1	28	/QH3B.MAP@173212	カンちがいされたのかな？%b%h	오해받은 걸까?%b%h
2290	map	1	70	/QH3B.MAP@173272	でも、このままじゃ\nナイトバードに会うことも\nできなくなってしまう。%b%h	하지만 이대로는\n나이트버드를 만나는 것도\n못 하게 돼 버려.%b%h
2291	map	1	28	/QH3B.MAP@173374	ボクたちで敵を倒さなきゃ！%b	우리가 적을 쓰러뜨려야 해!%b
2292	map	1	67	/QLD2.MAP@226130	どうにか逃げ切れたようだけど、\nこれからどうしたらいいんだ・・・。%b	어떻게든 도망친 것 같지만\n이제부터 어떻게 하면 좋지….%b
2293	map	1	73	/QLD2.MAP@226229	・・・やっぱり\n私たちの力では、\nゲンユウサイを倒すのは\nムリなのかしら？%b	…역시\n우리 힘으로는\n겐유사이를 못 이기는\n걸까?%b
2294	map	1	32	/QLD2.MAP@226334	%s2どの！\n何をおっしゃるか！？%b	%s2 님!\n무슨 말씀이십니까!?%b
2295	map	1	115	/QLD2.MAP@226398	われわれがともに戦ってきたのは、\nとらわれの女王様をお救いし、\n民草の間に広まりつつある、\nあらぬ中傷をただすこと。%b	우리가 함께 싸워 온 것은\n붙잡힌 여왕님을 구하고\n백성들 사이에 퍼지고 있는\n터무니없는 중상을 바로잡기 위함.%b
2296	map	1	94	/QLD2.MAP@226545	さらには、\n諸悪の根源たるゲンユウサイを倒し、この国に平和を取りもどすためでは\nありませぬか。%b	나아가\n만악의 근원 겐유사이를 쓰러뜨리고 이 나라에 평화를 되찾기 위함이\n아니었습니까.%b
2297	map	1	62	/QLD2.MAP@226671	じいの言うとおりだよ。\nこんな所で\nあきらめちゃいけないんだ。%b	할아범 말대로야.\n이런 곳에서\n포기하면 안 돼.%b
2298	map	1	62	/QLD2.MAP@226765	母上・・・・・・\nどうかボクたちに\n力をかしてください・・・。%b	어머니……\n부디 우리에게\n힘을 빌려주세요….%b
2299	map	1	41	/QLD2.MAP@226859	・・・・・・そうだ！\nその手があったか！%b	……그래!\n그 방법이 있었어!%b
2300	map	1	34	/QLD2.MAP@226932	%s0・・・！？\nどうしたの、急に？%b	%s0…!?\n왜 그래, 갑자기?%b
2301	map	1	66	/QLD2.MAP@226998	思い出したんだ。\n母上がよく相談に行っていた\n雲海の賢者のことを！%b	생각났어.\n어머니가 자주 상담하던\n운해의 현자가!%b
2302	map	1	83	/QLD2.MAP@227096	おお、なるほど！\nクィーンズ・ノーズ山に\n住まわれるという、\n雲海の賢者どのですな。%b	오오, 그렇군요!\n퀸즈노즈산에\n사신다는\n운해의 현자님이군요.%b
2303	map	1	99	/QLD2.MAP@227211	・・・ですが、ぼっちゃま。\n山頂の賢者どのと\n交信が許されておりますのは、\n女王様おひとりなのでは？%b	…하지만 도련님.\n산꼭대기의 현자님과\n교신이 허락된 분은\n여왕님 한 분뿐이 아닙니까?%b
2304	map	1	41	/QLD2.MAP@227342	でも、やってみなくちゃ\nわからないだろ？%b	하지만 해 보지 않으면\n모르잖아?%b
2305	map	1	68	/QLD2.MAP@227415	その人ならいろいろと\n知ってるはずだし、\nきっと力になってくれるよ！%b	그분이라면 이것저것\n알고 있을 테고\n분명 힘이 되어 줄 거야!%b
2306	map	1	60	/QLD2.MAP@227515	・・・お前・・・\n本当にゲンユウサイ様を\n倒す気でいるのか？%b	…너…\n정말로 겐유사이 님을\n쓰러뜨릴 생각이야?%b
2307	map	1	81	/QLD2.MAP@227607	オレたちがタバになって\nかかっていったところで、\nゲンユウサイ様に\nかなうものか。%b	우리가 떼로\n덤벼 봤자\n겐유사이 님을\n당해 낼 것 같아?%b
2308	map	1	68	/QLD2.MAP@227720	まわりをかためる\n５人の幹部にすら、\n太刀打ちできるかどうか・・・。%b	주위를 지키는\n5명의 간부에게조차\n맞설 수 있을지….%b
2309	map	1	79	/QLD2.MAP@227820	それでも、\nやらなくちゃダメなんだ！\nボクたちで変えていかなきゃ\nならないんだ！%b	그래도\n해야만 해!\n우리가 바꿔 나가야\n한다고!%b
2310	map	1	17	/QLD2.MAP@227931	・・・%s0・・・%b	…%s0…%b
2311	map	1	41	/QLD2.MAP@227980	・・・わかったよ、\nオレも行ってやるよ。%b	…알았어,\n나도 가 줄게.%b
2312	map	1	51	/QLD2.MAP@228053	そのクィーンズ・ノーズ山ってのは\nどこにあるんだ？%b	그 퀸즈노즈산이란 건\n어디 있는데?%b
2313	map	1	58	/QLD2.MAP@228187	う、うん！\nここから道ぞいに\n北西へ向かった所にあるんだ。%b	으, 응!\n여기서 길을 따라\n북서쪽으로 간 곳에 있어.%b
2314	map	1	56	/QLD2.MAP@228277	よっしゃあ！\nオレもひとつ、\nデカイことをやってやるか！%b	좋았어!\n나도 한번\n큰일을 해 볼까!%b
2315	map	1	66	/QLD2.MAP@228375	今日だよね、\n“ナイトバード”が\n城にしのびこむって言ってたのは。%b	오늘이지,\n“나이트버드”가\n성에 숨어든다고 했던 게.%b
2316	map	1	51	/QLD2.MAP@228528	そろそろ姿を見せても\nよさそうなものだが・・・。%b%h	슬슬 모습을 보여도\n될 법한데….%b%h
2317	map	1	35	/QLD2.MAP@228611	ん・・・？\nいたっ！　あいつだ！%b%h	응…?\n있다! 저 녀석이야!%b%h
2318	map	1	39	/QLD2.MAP@228678	さっき、\n中に入っていくのが見えた。%b%h	아까\n안으로 들어가는 게 보였어.%b%h
2319	map	1	22	/QLD2.MAP@228749	あれは・・・・・・%b%h	저건……%b%h
2320	map	1	58	/QLD2.MAP@228803	そうだ、\n前にオレたちが\n城から脱出するために使った扉だ。%b	그래,\n전에 우리가\n성에서 탈출할 때 쓴 문이야.%b
2321	map	1	41	/QLD2.MAP@228893	ボクたちも城に入って\n彼を追いかけよう！%b	우리도 성에 들어가서\n그를 쫓자!%b
2322	map	2	41	/QLD2.MAP@229030	あ、ちょっと！\n%s5！\nどこ行くのよ！？%b%h	아, 잠깐!\n%s5!\n어디 가는 거야!?%b%h
2323	map	2	19	/QLD2.MAP@229103	%s0、止めないと！%b	%s0, 말려야 해!%b
2324	map	1	49	/QLD2.MAP@229154	おい、\n%s5がだれなのか、\nお前わかってたのか？%b%h	이봐,\n%s5가 누군지\n너 알고 있었어?%b%h
2325	map	1	36	/QLD2.MAP@229235	水くせぇな、教えろよ！\nおい、%s0！%b	서운하게, 가르쳐 줘!\n이봐, %s0!%b
2326	map	1	53	/QLD2.MAP@229303	・・・いいんだよ、\nどうせ、\n%s1は知らないんだから。%b	…됐어,\n어차피\n%s1는 모르니까.%b
2327	map	1	31	/QLD2.MAP@229388	あん？\nなんだそりゃ・・・？%b%h	응?\n뭐야 그게…?%b%h
2328	map	1	13	/QLD2.MAP@229451	おい、%s0！%b	이봐, %s0!%b
2329	map	1	24	/QLD2.MAP@229496	終わった・・・・・・%b%h	끝났다……%b%h
2330	map	2	28	/QLD2.MAP@229552	終わったんだ・・・・・・。%b	끝난 거야……%b
2331	map	1	33	/QLD2.MAP@229612	ああ・・・\nどうにかな・・・。%b%h	그래…\n어떻게든….%b%h
2332	map	2	58	/QLD2.MAP@229677	しっかし、\nとんだ長旅だったぜ。\nオレも・・・お前らもな。%b	그나저나\n엄청 긴 여행이었어.\n나도…너희도 말이야.%b
2333	map	1	18	/QLD2.MAP@229767	そうだね・・・。%b	그러네….%b
2334	map	1	37	/QLD2.MAP@229817	・・・あ、\nみんな集まったみたいだ。%b	…아,\n다들 모인 것 같아.%b
2335	map	1	26	/QLD2.MAP@229886	ついにやったわね、\n%s0！%b	드디어 해냈네,\n%s0!%b
2336	map	1	52	/QLD2.MAP@229944	ぼっちゃま、\nじいは・・・、\nじいは・・・くくぅっ！%b	도련님,\n할아범은…,\n할아범은…흐윽!%b
2337	map	1	42	/QLD2.MAP@230028	あれぇ？\n%s0も%s1も、\nなに泣いてんの？%b%h	어라?\n%s0도 %s1도\n왜 울어?%b%h
2338	map	1	20	/QLD2.MAP@230102	なんかあったの！？%b	무슨 일 있었어!?%b
2339	map	1	43	/QLD2.MAP@230154	いいじゃねぇか、\n%s6。\nほっといてやれよ。%b	됐잖아,\n%s6.\n내버려 둬.%b
2340	map	1	35	/QLD2.MAP@230229	ほっほっほっ、\n美しいのう・・・。%b	허허허,\n아름답구먼….%b
2341	map	1	22	/QLD2.MAP@230296	よかったな、王子。%b%h	잘됐군, 왕자.%b%h
2342	map	1	45	/QLD2.MAP@230350	オレもそろそろ、\n国に帰りたくなってきたな。%b	나도 슬슬\n나라에 돌아가고 싶어졌어.%b
2343	map	1	60	/QLD2.MAP@230428	へっ、\nどいつもこいつも、\nシミったれたこと言いやがって。%b%h	흥,\n다들\n궁상맞은 소리나 하고.%b%h
2344	map	1	39	/QLD2.MAP@230521	いいかぁ、\nこういう時はだなぁ・・・%b%h	잘 들어,\n이럴 때는 말이지…%b%h
2345	map	1	24	/QLD2.MAP@230650	しまったぁぁぁぁぁ！%b%h	아뿔싸아아아!%b%h
2346	map	1	68	/QLD2.MAP@230707	あいつとやりあったとき、\nドクロの水晶\n取って来んのわすれてたぜ！%b%h	그 녀석이랑 붙었을 때\n해골 수정\n가져오는 걸 잊었어!%b%h
2347	map	1	41	/QLD2.MAP@230808	くぅぅぅっ！\nオレとしたことがぁ・・・！%b	크으으!\n내가 이런 실수를…!%b
2348	map	1	60	/QLD2.MAP@230882	別にいいじゃないかい。\nもうそんなの、\nどうだって・・・。%b%h	상관없잖아.\n이제 그런 건\n아무래도….%b%h
2349	map	1	60	/QLD2.MAP@230975	・・・そう・・・、\nみんな、\n何もかも終わっちまったんだ。%b%h	…그래…\n모두\n전부 끝나 버렸어.%b%h
2350	map	1	31	/QLD2.MAP@231068	それでいいじゃないか、\nなぁ！%b	그걸로 된 거잖아,\n그렇지!%b
2351	map	1	51	/QLD2.MAP@231132	ウッホウッホウッホ！！\n（↑よろこんでいるらしい）%b	우호우호우호!!\n（↑기뻐하는 듯하다）%b
2352	map	1	46	/QLD2.MAP@231215	ありがとう、みんな。\n%s5もありがとう・・・%b%h	고마워, 다들.\n%s5도 고마워…%b%h
2353	map	1	39	/QLD2.MAP@231293	・・・いや、\nありがとうございました。%b	…아니,\n감사했습니다.%b
2354	map	1	21	/QLD2.MAP@231418	・・・%s0・・・？%b%h	…%s0…?%b%h
2355	map	1	41	/QLD2.MAP@231471	どうしたんだ？\n急にあらたまって・・・？%b	왜 그래?\n갑자기 격식 차리고…?%b
2356	map	1	92	/QLD2.MAP@231544	あなたが、\nずっと見守ってくださってたおかげでボクたちは\n勝利を手にすることができました。%b%h	당신이\n줄곧 지켜봐 주신 덕분에 저희는\n승리를 손에 넣을 수 있었습니다.%b%h
2357	map	1	45	/QLD2.MAP@231668	本当に・・・\n本当にありがとうございました。%b	정말로…\n정말로 감사했습니다.%b
2358	map	1	28	/QLD2.MAP@231801	大変なのは、これからだぞ。%b	힘든 건 지금부터다.%b
2359	map	1	37	/QLD2.MAP@231861	はい！\nせいいっぱい、がんばります！%b	네!\n최선을 다하겠습니다!%b
2360	map	3	57	/QLD2.MAP@231990	ここはクィーンズランド女王国だ。\nさて、どこへ行こうか？%b	여기는 퀸즈랜드 여왕국이다.\n자, 어디로 갈까?%b
2361	map	1	26	/QLD9.MAP@225786	じゃあ、港までだけでも！%b	그럼 항구까지만이라도!%b
2362	map	1	40	/QLD9.MAP@225845	ん？\nあ、ああ・・・\nま、好きにしなよ。%b	응?\n아, 아아…\n뭐, 마음대로 해.%b
2363	map	1	22	/QLD9.MAP@225927	終わった・・・・・・%b	끝났다……%b
2364	map	1	31	/QLD9.MAP@226041	ああ・・・\nどうにかな・・・。%b	그래…\n어떻게든….%b
2365	map	1	54	/QLD9.MAP@226194	そうだね・・・。\n・・・あ、\nみんな集まったみたいだ。%b	그러네….\n…아,\n다들 모인 것 같아.%b
2366	map	1	41	/QLD9.MAP@226280	ついにやったわね、\n%s0！\nごくろうさま。%b	드디어 해냈네,\n%s0!\n수고했어.%b
2367	map	1	52	/QLD9.MAP@226353	次は、\nクィーンズランドの立て直しも\nがんばってね！%b	다음은\n퀸즈랜드 재건도\n힘내!%b
2368	map	1	43	/QLD9.MAP@226437	ぼっちゃま、\n立派になられて・・・・・・。%b	도련님,\n훌륭해지셔서……%b
2369	map	1	63	/QLD9.MAP@226512	じいは・・・\nじいは、\nうれしゅうございます、\n・・・くくぅっ！%b	할아범은…\n할아범은\n기쁘옵니다,\n…흐윽!%b
2370	map	1	25	/QLD9.MAP@226607	%s2・・・、\n%s3・・・。%b	%s2…,\n%s3….%b
2371	map	1	68	/QLD9.MAP@226664	本当にありがとう・・・。\nみんなのおかげだ、\nそう、みんなの・・・。%b	정말 고마워….\n모두 덕분이야,\n그래, 모두의….%b
2372	map	1	28	/QLD9.MAP@226765	まったく、そのとおりだぜ。%b	정말 그 말대로야.%b
2373	map	1	83	/QLD9.MAP@226826	いっしょに行動するように\nなったころの、\nお前の、\nあぶなっかしさといったら・・・。%b	함께 다니게\n됐을 무렵의\n너의\n그 위태로움이란….%b
2374	map	1	20	/QLD9.MAP@226941	%s11・・・・・・。%b	%s11……%b
2375	map	1	51	/QLD9.MAP@226993	キミには、ずいぶんと\nキツイことを言われたっけね。%b	너한테 꽤나\n심한 말을 들었었지.%b
2376	map	1	67	/QLD9.MAP@227076	でも、\nうれしかったよ。\nボクのことを\n本当に心配してくれたんだね。%b	그래도\n기뻤어.\n나를\n진심으로 걱정해 준 거지.%b
2377	map	1	48	/QLD9.MAP@227176	よせやい、\nこっちまで、\nしめっぽくなっちまう。%b	그만둬,\n이쪽까지\n축축해지잖아.%b
2378	map	1	29	/QLD9.MAP@227257	じゃあ、\nオレはもう行くぜ。%b	그럼\n난 이만 간다.%b
2379	map	1	20	/QLD9.MAP@227318	・・・・・・え！？%b	……어!?%b
2380	map	1	65	/QLD9.MAP@227370	ま、待って！\nせめて\nクィーンズボーンの町まで、\n見送りさせてよ！%b	자, 잠깐!\n적어도\n퀸즈본 마을까지\n배웅하게 해 줘!%b
2381	map	1	70	/QLD9.MAP@227468	じょうだんじゃねぇ、\nオレはコソ泥だぜ？\n見送りなんてガラじゃねぇよ。%b	농담하지 마,\n난 좀도둑이라고?\n배웅 같은 건 나랑 안 어울려.%b
2382	map	1	84	/QLD9.MAP@227571	・・・なんだかんだ言って、\n結局、ゲンユウサイの首飾りも\n盗りそこなっちまったしよ。%b	…이러니저러니 해도\n결국 겐유사이의 목걸이도\n못 훔쳤고 말이야.%b
2383	map	1	53	/QLD9.MAP@227688	またナイトバードにもどって、\nウデをきたえなおすさ。%b	다시 나이트버드로 돌아가서\n솜씨를 갈고닦을 거야.%b
2384	map	1	31	/QLD9.MAP@227774	じゃな、\n今度こそサヨナラだ！%b	그럼,\n이번엔 정말 안녕!%b
2385	map	1	31	/QLD9.MAP@227838	じゃあ、\n次はあたしの番だね。%b	그럼\n다음은 내 차례네.%b
2386	map	1	31	/QLD9.MAP@227901	そんな！\n%s12さんまで・・・！%b	그럴 수가!\n%s12 씨까지…!%b
2387	map	1	73	/QLD9.MAP@227965	なに言ってんだい。\n次期国王様の所に\n海賊のボスが\nいられるワケないだろ。%b	무슨 소리야.\n차기 국왕님 곁에\n해적 두목이\n있을 수 있겠어.%b
2388	map	1	53	/QLD9.MAP@228071	オルトマの町にゃ、\nかわいい子分どもが待ってるしね。%b	오르트마 마을엔\n귀여운 부하들이 기다리고 있고.%b
2389	map	1	18	/QLD9.MAP@228210	行くのか・・・。%b	가는 건가….%b
2390	map	1	41	/QLD9.MAP@228260	ああ、\nオレにはまだやる事がある・・・。%b	그래,\n나에겐 아직 할 일이 있다….%b
2391	map	1	49	/QLD9.MAP@228457	・・・いいんだよ、\n彼にはやるべき事があるんだ。%b	…됐어,\n그에겐 해야 할 일이 있어.%b
2392	map	1	41	/QLD9.MAP@228538	いいさ、\nそのうち、また会える気がする。%b	괜찮아,\n언젠가 또 만날 것 같아.%b
2393	map	1	31	/QLD9.MAP@228611	わしも、\nここでおわかれじゃ。%b	나도\n여기서 작별이네.%b
2394	map	1	61	/QLD9.MAP@228674	%s0王子よ、\nクィーンズランドは\nお前さんが治めればよかろう。%b	%s0 왕자여,\n퀸즈랜드는\n자네가 다스리면 되겠지.%b
2395	map	1	33	/QLD9.MAP@228767	困ったときは、\nまた力をかすぞ。%b	곤란할 땐\n또 도와주지.%b
2396	map	1	26	/QLD9.MAP@228832	へへっ、\n%s0国王ってか。%b	헤헷,\n%s0 국왕이라.%b
2397	map	1	18	/QLD9.MAP@228890	しっかりやれよ！%b	잘해 봐!%b
2398	map	1	58	/QLD9.MAP@228940	お前さんは、\n他人のことよりも\n自分のことを心配せねばな。%b	자네는\n남 걱정보다\n자기 걱정을 해야겠구먼.%b
2399	map	1	37	/QLD9.MAP@229030	これから、\nどうするんじゃな・・・？%b	이제부터\n어떻게 할 텐가…?%b
2400	map	1	66	/QLD9.MAP@229099	もちろん、\nふるさとのヤマタイ国に\n帰るに決まって・・・ああっ！！%b	물론\n고향인 야마타이국으로\n돌아가야지…아앗!!%b
2401	map	1	62	/QLD9.MAP@229197	それ見たことか。\nお前さんが船なぞ持っておるとも\n思えんしの。%b	그것 봐라.\n자네가 배 따위를 갖고 있을 것\n같지도 않고.%b
2402	map	1	40	/QLD9.MAP@229291	船！！\nそれだったら、\nオルトマで・・・%b	배!!\n그거라면\n오르트마에서…%b
2403	map	1	31	/QLD9.MAP@229363	待て待て。\nそれにはおよばん。%b	기다리게.\n그럴 필요 없네.%b
2404	map	1	49	/QLD9.MAP@229426	わしのホワイトウィングに\n乗っていけばよかろう。%b	내 화이트윙을\n타고 가면 되지.%b
2405	map	1	84	/QLD9.MAP@229507	さて、わしは去るとしよう。\nホワイトウィングをかわいがって\nやってくれ。さらばじゃ！%b	자, 나는 이만 가겠네.\n화이트윙을 귀여워해\n주게. 잘 있게나!%b
2406	map	1	54	/QLD9.MAP@229623	%s1・・・。\n今日は飲んで騒いで、大いに語り明かそう。%b	%s1….\n오늘은 마시고 떠들고 실컷 얘기하자.%b
2407	map	1	18	/QLD9.MAP@229709	ああ、そうだな。%b	그래, 그러자.%b
2408	map	1	30	/QLD9.MAP@229759	やったぁー！　お酒だぁー！！%b	야호～! 술이다～!!%b
2409	map	1	32	/QLD9.MAP@229821	しかたない、付き合ってやるか。%b	어쩔 수 없지, 같이 가 줄까.%b
2410	map	1	40	/QLD9.MAP@229885	じいは・・・\nじいは、\n・・・くくぅっ！%b	할아범은…\n할아범은\n…흐윽!%b
2411	map	1	30	/QLD9.MAP@229957	ええ、楽しみましょう・・・。%b	네, 즐겨요….%b
2412	map	2	155	/QLND.MAP@228873	%V100　　　　クィーンズランド・パレス前\n%V0%V100［東］　　　ロッサム国\n%V0%V100［西］　　　ドラグーン王国\n%V0%V100［南］　　　クィーンズランド・パレス%b%V0	%V100　　　　퀸즈랜드 궁전 앞\n%V0%V100［동］　　　로삼국\n%V0%V100［서］　　　드래군 왕국\n%V0%V100［남］　　　퀸즈랜드 궁전%b%V0
2413	map	2	161	/QLND.MAP@229029	%V100　　　　クィーンズランド　東の国境\n%V0%V100［東］　　　ロッサム国\n%V0%V100［西］　　　クィーンズランド・パレス\n%V0%V100［南］　　　クィーンズ・ヒール湖%b%V0	%V100　　　　퀸즈랜드　동쪽 국경\n%V0%V100［동］　　　로삼국\n%V0%V100［서］　　　퀸즈랜드 궁전\n%V0%V100［남］　　　퀸즈힐 호수%b%V0
2414	map	2	124	/QLND.MAP@229191	%V100　　　　クィーンズランド　西の国境\n%V0%V100［東］　　　クィーンズランド・パレス\n%V0%V100［西］　　　ドラグーン王国%b%V0	%V100　　　　퀸즈랜드　서쪽 국경\n%V0%V100［동］　　　퀸즈랜드 궁전\n%V0%V100［서］　　　드래군 왕국%b%V0
2415	map	2	202	/QLND.MAP@229316	%V100　　　　　　クィーンズ・ボーン前\n%V0%V100［北］　　　クィーンズ・ノーズ山\n%V0%V100［東］　　　クィーンズランド・パレス\n%V0%V100［西］　　　ドラグーン王国\n%V0%V100［南］　　　クィーンズ・ボーン%b%V0	%V100　　　　　　퀸즈본 앞\n%V0%V100［북］　　　퀸즈노즈산\n%V0%V100［동］　　　퀸즈랜드 궁전\n%V0%V100［서］　　　드래군 왕국\n%V0%V100［남］　　　퀸즈본%b%V0
2416	map	2	80	/QLND.MAP@229550	くっ・・・！\nとなりのロッサム国との国境ぞいは\nゲンユウサイの手下でいっぱいだ！%b	큭…!\n이웃 로삼국과의 국경 근처는\n겐유사이의 부하들로 가득해!%b
2417	map	2	89	/QLND.MAP@229662	ねぇ、\nさっき決めたとおり\nクィーンズ・ノーズ山に住む\n雲海の賢者に会いに行きましょうよ。%b	저기,\n아까 정한 대로\n퀸즈노즈산에 사는\n운해의 현자를 만나러 가자.%b
2418	map	2	53	/QLND.MAP@229783	そうしているうちに\n警戒も弱まるかもしれないし・・・%b	그러다 보면\n경계도 느슨해질지 모르고…%b
2419	map	2	62	/QLND.MAP@229868	なにより、\n雲海の賢者の協力が\n得られるかもしれないじゃない。%b	무엇보다\n운해의 현자의 협력을\n얻을 수 있을지도 모르잖아.%b
2420	map	2	58	/QLND.MAP@230016	ほっほっほっ、\nこれが\nクィーンズ・ヒールのどうくつじゃ。%b	허허허,\n이것이\n퀸즈힐 동굴이네.%b
2421	map	2	80	/QLND.MAP@230106	いまは奥にあるしかけで、\n道がふさがっておると思うが、\nわしがはずしてやるわい。%b	지금은 안쪽 장치로\n길이 막혀 있을 테지만\n내가 풀어 주지.%b
2422	map	2	26	/QLND.MAP@230187	クィーンズヒールのどうくつ	퀸즈힐 동굴
2423	map	2	16	/QLND.MAP@230238	クィーンズハート	퀸즈하트
2424	map	2	43	/QLND.MAP@230310	ほっほっほっ、\nわしなら、ここにおるわい。%b	허허허,\n나라면 여기 있네.%b
2425	map	2	39	/QLND.MAP@230385	用があるならば、\nじかに聞いてやるぞ。%b	볼일이 있다면\n직접 들어 주지.%b
2426	map	2	35	/QLND.MAP@230456	この山が、\nクィーンズ・ノーズよ。%b	이 산이\n퀸즈노즈야.%b
2427	map	2	33	/QLND.MAP@230523	もちろん、\nのぼってみるわよね？%b	물론\n올라가 볼 거지?%b
2428	map	2	34	/QLND.MAP@230557	クィーンズ・ノーズにのぼりますか？	퀸즈노즈에 올라갈까요?
2429	map	2	6	/QLND.MAP@230592	のぼる	예
2430	map	2	10	/QLND.MAP@230599	のぼらない	아니오
2431	map	2	45	/QLND.MAP@230651	まだボクたちは\n目的を達成していないんだ。%b%h	아직 우리는\n목적을 이루지 못했어.%b%h
2432	map	2	81	/QLND.MAP@230728	この山に上るのは、\nともに戦う１２人の仲間が\nそろってからでも\n遅くはないだろう。%b	이 산에 오르는 건\n함께 싸울 12명의 동료가\n모이고 나서도\n늦지 않을 거야.%b
2433	map	2	66	/QLND.MAP@230841	たしか、この先に\nクィーンズボーンの町が\nあったはずだけど・・・。%b	분명 이 앞에\n퀸즈본 마을이\n있었을 텐데….%b
2434	map	2	60	/QLND.MAP@230939	・・・ダメだ！\n町のまわりを\nゲンユウサイの兵が警備してる！%b	…안 돼!\n마을 주위를\n겐유사이 병사가 지키고 있어!%b
2435	map	2	50	/QLND.MAP@231031	これじゃあ\nうかつに町へ近づくことは\nできないよ。%b	이래서는\n섣불리 마을에 다가갈 수\n없어.%b
2436	map	2	28	/QLND.MAP@231113	どうしたらいいんだ・・・。%b	어떻게 하면 좋지….%b
2437	map	2	22	/QLND.MAP@231173	迷うこともなかろう。%b	망설일 것도 없겠지.%b
2438	map	2	68	/QLND.MAP@231227	いま、\nあえて危険をおかしてまで\nこの町に入る必要があるとは思えん。%b	지금\n굳이 위험을 무릅쓰고\n이 마을에 들어갈 필요는 없다.%b
2439	map	2	43	/QLND.MAP@231327	他に行くところが\nあるのではなかったのか。%b	달리 갈 곳이\n있지 않았나.%b
2440	map	2	10	/QLND.MAP@231402	待て。%b%h	서라.%b%h
2441	map	2	45	/QLND.MAP@231444	この周辺は\n警備の兵士がつめているようだ。%b%h	이 주변은\n경비병이 지키고 있는 것 같군.%b%h
2442	map	2	57	/QLND.MAP@231521	どうやら、すんなりとは\n町に入らせてもらえそうにないぜ。%b	아무래도 순순히\n마을에 들여보내 줄 것 같지 않아.%b
2443	map	2	51	/QLND.MAP@231610	戦闘はさけられないってコトか。\n・・・どうしよう？%b	전투는 피할 수 없다는 건가.\n…어떡하지?%b
2444	map	2	26	/QLND.MAP@231693	まだ兵士がいるようだな。%b	아직 병사가 있는 듯하군.%b
2445	map	2	61	/QLND.MAP@231751	この先の町にたどりつくには、\nちょいとしたカクゴが必要だぜ。%b	이 앞의 마을에 가려면\n좀 각오가 필요하겠어.%b
2446	map	2	16	/QLND.MAP@231854	クィーンズボーン	퀸즈본
2447	map	2	85	/QLND.MAP@231926	どうやら\nとなりのドラグーン国との国境は\nゲンユウサイの手下が\nかためているようだね。%b	아무래도\n이웃 드래군국과의 국경은\n겐유사이의 부하들이\n지키고 있는 것 같아.%b
2448	map	2	58	/QLND.MAP@232043	ぼっちゃま、\nこの状況での国境ごえは\n困難かと思われます。%b	도련님,\n이런 상황에서 국경은\n넘기 어려울 듯합니다.%b
2449	map	2	96	/QLND.MAP@232133	まずは、\n北東のクィーンズ・ノーズ山へ行き、雲海の賢者どのに\n助言を求められてはいかがでしょう？%b	우선\n북동쪽의 퀸즈노즈산에 가서 운해의 현자님께\n조언을 구하시는 게 어떻겠습니까?%b
2450	map	2	78	/QLND.MAP@232317	・・・そうか、\nクィーンズ・ヒール湖へ行くなら、\n船を用意しなきゃならないね。%b	…그렇구나,\n퀸즈힐 호수에 가려면\n배를 준비해야 하겠네.%b
2451	map	2	60	/QLND.MAP@232427	かと言って、\n%s12さんの船を\nもってくるのはムリだし・・・。%b	그렇다고\n%s12 씨의 배를\n가져오는 건 무리고….%b
2452	map	2	52	/QLND.MAP@232519	ほっほっほっ、\n安心せい。\nこれをお前さんにやろう。%b	허허허,\n안심하게.\n이걸 자네에게 주지.%b
2453	map	2	41	/QLND.MAP@232603	こ、これは・・・\n・・・メダル・・・！？%b	이, 이건…\n…메달…!?%b
2454	map	2	107	/QLND.MAP@232677	そのメダルは、\nペットの『ホワイトウィング』を\n呼ぶのに使っておるものじゃ。%b%H%m1%V100［%m0賢者%m1］%V0%m0\n	그 메달은\n애완동물 『화이트윙』을\n부를 때 쓰는 것이네.%b%H%m1%V100［%m0현자%m1］%V0%m0\n
2455	map	2	113	/QLND.MAP@232785	遠出をしたり、\n山の向こうへ行きたいときなどは、\nそいつを空高く放り投げるんじゃ。%b%H%m1%V100［%m0賢者%m1］%V0%m0\n	멀리 나가거나\n산 너머에 가고 싶을 때는\n그걸 하늘 높이 던지게.%b%H%m1%V100［%m0현자%m1］%V0%m0\n
2456	map	2	80	/QLND.MAP@232899	そうすればすぐに、\nあやつが飛んでくるじゃろう。%b%H%m1%V100［%m0賢者%m1］%V0%m0\n	그러면 곧\n그 녀석이 날아올 걸세.%b%H%m1%V100［%m0현자%m1］%V0%m0\n
2457	map	2	114	/QLND.MAP@232980	・・・ただし、\nある程度みはらしのいい場所で\n使わんと、\nあやつが見つけられんでな。%b%H%m1%V100［%m0賢者%m1］%V0%m0\n	…단,\n어느 정도 탁 트인 곳에서\n쓰지 않으면\n그 녀석이 못 찾는다네.%b%H%m1%V100［%m0현자%m1］%V0%m0\n
2458	map	2	58	/QLND.MAP@233095	荷物に加えておくでな。\nせいぜい、\nこき使ってやってくれ。%b	짐에 넣어 두겠네.\n부디\n실컷 부려 주게.%b
2459	map	2	24	/QLND.MAP@233185	・・・は、はい・・・。%b	…네, 네….%b
2460	map	2	78	/QLND.MAP@233241	じゃあ、準備がととのったら\nこのメダルを使って\n湖の小島へ向かうことにしよう。%b	그럼 준비가 되면\n이 메달을 써서\n호수의 작은 섬으로 가자.%b
2461	map	2	35	/QLND.MAP@233351	あれ・・・？\nここは・・・・・・？%b	어라…?\n여긴……?%b
2462	map	2	39	/QLND.MAP@233418	どうやら、\n外に追い出されたようだな。%b	아무래도\n밖으로 쫓겨난 것 같군.%b
2463	map	2	85	/QLND.MAP@233489	どうするんだ、これから？\nじまんじゃないが、\nオレはこの辺りのことは\n何も知らないぜ。%b	이제 어떻게 할 거야?\n자랑은 아니지만\n난 이 근처는\n아무것도 몰라.%b
2464	map	2	58	/QLND.MAP@233606	少しくらい、\n地理のことも\n説明しておいた方がいいかしら？%b	조금이라도\n지리를\n설명해 두는 게 좋을까?%b
2465	map	2	55	/QLND.MAP@233696	このリグロード大陸はね、\n４つの国から成り立ってるの。%b	이 리그로드 대륙은 말이야\n4개의 나라로 이루어져 있어.%b
2466	map	2	66	/QLND.MAP@233783	北にクィーンズランド、\n・・・つまり\nいま、私たちがいるところね。%b	북쪽에 퀸즈랜드,\n…그러니까\n지금 우리가 있는 곳이야.%b
2467	map	2	71	/QLND.MAP@233881	そして、\n東にロッサム国、\n西にドラグーン国、\n南にはミディ国があるわ。%b	그리고\n동쪽에 로삼국,\n서쪽에 드래군국,\n남쪽엔 미디국이 있어.%b
2468	map	2	89	/QLND.MAP@233984	それらの国を回りながら、\n賢者さんの言う\nのこる５人の仲間を\nさがさなきゃいけないんだね。%b	그 나라들을 돌면서\n현자님이 말한\n남은 5명의 동료를\n찾아야 하는 거지.%b
2469	map	2	110	/QLND.MAP@234105	これからしばらくは、ぼっちゃまと、\nゲンユウサイについておくわしい\n%s1どのに\n行き先を決めていただきましょう。%b	당분간은 도련님과\n겐유사이에 대해 잘 아시는\n%s1 님께\n행선지를 정해 달라고 합시다.%b
2470	map	2	28	/QLND.MAP@234247	そう言われてもなぁ・・・。%b	그런 말을 들어도….%b
2471	map	2	49	/QLND.MAP@234307	町とかで話を聞いてみるのも\nいいんじゃないかな。%b	마을에서 얘기를 들어 봐도\n괜찮지 않을까.%b
2472	map	2	43	/QLND.MAP@234388	とりあえず、\nあちこち歩き回ってみようよ。%b	일단\n여기저기 돌아다녀 보자.%b
2473	map	2	47	/QLND.MAP@234472	・・・・・・ぜぇぜぇ、\n・・・お前ら・・・。%b%h	……헉헉,\n…너희…%b%h
2474	map	2	43	/QLND.MAP@234560	オレにはかまうなと\n言っておいただろう！%b%h	신경 쓰지 말라고\n했잖아!%b%h
2475	map	2	22	/QLND.MAP@234644	なぜ、ここへ来た！？%b	왜 여기 왔지!?%b
2476	map	2	18	/QLND.MAP@234698	なぜって・・・%b%h	왜냐니…%b%h
2477	map	2	53	/QLND.MAP@234748	前にも言わなかった？\nキミのことが心配だからって。%b%h	전에도 말하지 않았어?\n네가 걱정돼서라고.%b%h
2478	map	2	53	/QLND.MAP@234833	・・・でもよかった、\nぶじもどって来ることができて。%b	…그래도 다행이다,\n무사히 돌아올 수 있어서.%b
2479	map	2	52	/QLND.MAP@234927	・・・・・・まぁな。今回はすっかり世話になった。%b%h	……뭐, 그렇지. 이번엔 신세를 많이 졌다.%b%h
2480	map	2	43	/QLND.MAP@235020	これじゃ、\n『ナイトバード』の名がなくぜ。%b	이래서야\n『나이트버드』 이름이 울겠군.%b
2481	map	2	22	/QLND.MAP@235095	ナイトバード・・・。%b	나이트버드….%b
2482	map	2	45	/QLND.MAP@235158	だが、\nオレはまだあきらめたワケじゃない。%b%h	하지만\n난 아직 포기한 게 아니다.%b%h
2483	map	2	56	/QLND.MAP@235244	この次はかならず、\nヤツのドクロを\n手に入れてみせる。%b%h	다음엔 반드시\n놈의 해골을\n손에 넣고 말겠다.%b%h
2484	map	2	43	/QLND.MAP@235341	それまでは\nこの稼業もしばらくお休みだな。%b	그때까지는\n이 일도 잠시 쉬어야겠군.%b
2485	map	2	6	/QLND.MAP@235416	え？%b	응?%b
2486	map	2	70	/QLND.MAP@235463	ゲンユウサイの情報は、\nお前らといっしょにいた方が\n集めやすそうだ。%b%h	겐유사이의 정보는\n너희와 같이 있는 편이\n모으기 쉬울 것 같다.%b%h
2487	map	2	43	/QLND.MAP@235574	しばらくは\nいっしょに行動させてもらおう。%b	당분간은\n같이 행동하도록 하지.%b
2488	map	2	24	/QLND.MAP@235650	・・・というワケだ。%b%h	…그런 거다.%b%h
2489	map	2	45	/QLND.MAP@235707	これからは、オレのことを\n%s11と呼んでくれ。%b	앞으로는 나를\n%s11라고 불러 줘.%b
2490	map	2	26	/QLND.MAP@235784	・・・・・・・・・え？%b%h	………응?%b%h
2491	map	2	46	/QLND.MAP@235842	あ・・・・・・\nああ、えーと・・・\nよろしく。%b	아……\n아아, 그러니까…\n잘 부탁해.%b
2492	map	2	76	/QLND.MAP@235921	そうそう、城の中で\nロクセリオとかいう男に会って、\nことづてをたのまれたぜ。%b	그래그래, 성 안에서\n로크세리오라는 남자를 만나서\n전언을 부탁받았어.%b
2493	map	2	51	/QLND.MAP@236030	%s0王子に\nよろしく言っといてくれ、\n・・・ってな。%b	%s0 왕자에게\n안부 전해 달라고\n…하더군.%b
2494	map	2	24	/QLND.MAP@236113	また、ロクセリオか！？%b	또 로크세리오인가!?%b
2495	map	2	88	/QLND.MAP@236169	城の牢屋から逃げるときに\n%s6さんに\n鍵束を持たせたことといい、\n今回のことといい・・・。%b	성의 감옥에서 도망칠 때\n%s6 씨에게\n열쇠 꾸러미를 준 일이며\n이번 일이며….%b
2496	map	2	50	/QLND.MAP@236289	・・・他には？\nそれ以外に\n何か言ってなかった！？%b	…다른 건?\n그것 말고\n뭐라고 안 했어!?%b
2497	map	2	42	/QLND.MAP@236372	さぁな。\nオレが聞いたのは、\nそれだけだ。%b	글쎄.\n내가 들은 건\n그것뿐이야.%b
2498	map	2	72	/QLND.MAP@236447	それより、\n次に行く所を決めてくれよ。\nノンビリできる旅じゃないんだろ？%b	그보다\n다음에 갈 곳을 정해 줘.\n느긋할 여행은 아니잖아?%b
2499	map	2	20	/QLND.MAP@236551	あれ・・・・・・？%b	어라……?%b
2500	map	2	58	/QLND.MAP@236603	そういや、\nなんであいつ、\nオレの名前知ってたんだ・・・？%b	그러고 보니\n그 녀석 어떻게\n내 이름을 알았지…?%b
2501	map	2	22	/QLND.MAP@236693	まいったな・・・。%b%h	곤란하게 됐군….%b%h
2502	map	2	35	/QLND.MAP@236747	これで終わりだと\n思ってたのによ。%b	이걸로 끝인 줄\n알았는데.%b
2503	map	2	60	/QLND.MAP@236814	ロクセリオ、\nカカルクランへの扉が\nどこにあるか知らないか？%b	로크세리오,\n카칼클랜으로 가는 문이\n어디 있는지 모르나?%b
2504	map	2	26	/QLND.MAP@236913	心あたりならございます。%b	짐작 가는 데는 있습니다.%b
2505	map	2	70	/QLND.MAP@236978	おそらく、\n『幽玄の森』にあるという\n『次元の扉』ではないかと・・・。%b	아마\n『유현의 숲』에 있다는\n『차원의 문』이 아닐까 합니다….%b
2506	map	2	41	/QLND.MAP@237080	『幽玄の森』に、\n『次元の扉』だって！？%b	『유현의 숲』에\n『차원의 문』이라고!?%b
2507	map	2	41	/QLND.MAP@237153	もう少し、\nくわしく聞かせてくれないか？%b	조금 더\n자세히 들려주겠나?%b
2508	map	2	39	/QLND.MAP@237233	いえ、\n私もくわしくは存じあげません。%b	아니요,\n저도 자세히는 모릅니다.%b
2509	map	2	115	/QLND.MAP@237311	・・・ただ、最近になって\n南のミディ国を中心に広がる森が\nあやしげな気をはき出し、\nその形を変えていると聞きました。%b	…다만 최근 들어\n남쪽 미디국을 중심으로 한 숲이\n수상한 기운을 내뿜으며\n모양을 바꾸고 있다고 들었습니다.%b
2510	map	2	24	/QLND.MAP@237458	森が・・・形を変える？%b	숲이…모양을 바꾼다?%b
2511	map	2	43	/QLND.MAP@237521	人々の話では、\nその森は生きているのだと。%b	사람들 말로는\n그 숲은 살아 있다고.%b
2512	map	2	57	/QLND.MAP@237603	森へ足をふみいれた者は\nだれひとりとしてもどらず・・・。%b	숲에 발을 들인 자는\n아무도 돌아오지 않고….%b
2513	map	2	64	/QLND.MAP@237692	それで名付けられたのが\n『幽玄の森』とは、\nなんともはや・・・。%b	그래서 붙은 이름이\n『유현의 숲』이라니\n이거 참….%b
2514	map	2	51	/QLND.MAP@237788	して、もうひとつの\n『次元の扉』と言うのは・・・？%b	그래서 또 하나의\n『차원의 문』이라는 건…?%b
2515	map	2	58	/QLND.MAP@237878	そちらに関しましては、\n名前ぐらいしか\n存じておりません。%b	그쪽에 관해서는\n이름 정도밖에\n모릅니다.%b
2516	map	2	97	/QLND.MAP@237975	具体的な内容まではわかりませんが、ゲンユウサイはたびたびそこへ\n足を運んでいたようでございます。%b	구체적인 내용은 모르지만 겐유사이는 자주 그곳에\n발걸음을 한 모양입니다.%b
2517	map	2	41	/QLND.MAP@238104	『幽玄の森』に、\n『次元の扉』か・・・。%b	『유현의 숲』에\n『차원의 문』인가….%b
2518	map	2	59	/QLND.MAP@238177	行ってみるしかないね。\nいまは他に手がかりがないし・・・。%b	가 보는 수밖에 없겠어.\n지금은 다른 단서가 없으니….%b
2519	map	2	79	/QLND.MAP@238275	ですが王子、\n『幽玄の森』は\n深い森につつまれており、\n容易には近づけませんぞ！%b	하지만 왕자,\n『유현의 숲』은\n깊은 숲에 싸여 있어\n쉽게 다가갈 수 없습니다!%b
2520	map	2	43	/QLND.MAP@238386	だいじょうぶ。\nボクたちは空がとべるんだ。%b	괜찮아.\n우리는 하늘을 날 수 있어.%b
2521	map	2	14	/QLND.MAP@238468	空を・・・？%b	하늘을…?%b
2522	map	2	26	/QLND.MAP@238514	みんな、聞いたとおりだ。%b	다들, 들은 대로야.%b
2523	map	2	45	/QLND.MAP@238572	ボクたちが次に向かうべき所は\n『幽玄の森』。%b	우리가 다음에 향할 곳은\n『유현의 숲』.%b
2524	map	2	87	/QLND.MAP@238649	南のミディ国にわたり、\nホワイトウィングで\n下りられそうな場所をさがす。\nそれでいいね？%b	남쪽 미디국으로 건너가\n화이트윙으로\n내려갈 만한 곳을 찾는다.\n그러면 되겠지?%b
2525	map	2	60	/QLND.MAP@238768	それからロクセリオ。\nお前には、\nこの城のことをたのみたい。%b	그리고 로크세리오.\n너에게는\n이 성을 부탁하고 싶어.%b
2526	map	2	18	/QLND.MAP@238860	聞いてくれるか？%b	들어주겠어?%b
2527	map	2	20	/QLND.MAP@238917	もちろんですとも。%b	물론이지요.%b
2528	map	2	68	/QLND.MAP@238976	王子ご不在の城は、\nこのロクセリオが\n責任をもってお守りいたします。%b	왕자님이 안 계신 성은\n이 로크세리오가\n책임지고 지키겠습니다.%b
2529	map	2	33	/QLND.MAP@239083	・・・では王子、\nお気をつけて。%b	…그럼 왕자,\n조심하십시오.%b
2530	map	2	29	/QLND.MAP@239148	たのんだぞ。\nよし、行こう！%b	부탁한다.\n좋아, 가자!%b
2531	map	2	55	/QLND.MAP@239216	・・・どうやら、コトは順調に\n進んでいるようですね。%b%h	…아무래도 일은 순조롭게\n진행되고 있는 것 같군요.%b%h
2532	map	2	79	/QLND.MAP@239310	この『ガルマンオーブ』を\n師にとどければ、\n私たちの悲願は\nかなったも同じこと。%b	이 『갈만오브』를\n스승께 전해 드리면\n우리의 비원은\n이룬 것이나 다름없지.%b
2533	map	2	26	/QLND.MAP@239428	・・・のこる問題は・・・%b	…남은 문제는…%b
2534	map	2	28	/QLND.MAP@239496	おそくなって、すまない。%b%h	늦어서 미안해.%b%h
2535	map	2	55	/QLND.MAP@239556	向こうの世界のゲンユウサイは\n約束どおりたおしてきた。%b	저쪽 세계의 겐유사이는\n약속대로 쓰러뜨리고 왔어.%b
2536	map	2	61	/QLND.MAP@239643	・・・だがそれだけじゃ、\n終わらせてはくれないみたいだな。%b%h	…하지만 그것만으로는\n끝나게 해 주지 않는 모양이군.%b%h
2537	map	2	78	/QLND.MAP@239736	さっきも空からちらっと見えたが、\nまだ敵がぞくぞくと\n集まってきているようだ。%b	아까 하늘에서 슬쩍 봤는데\n아직 적이 속속\n모여들고 있는 것 같아.%b
2538	map	2	62	/QLND.MAP@239846	オレたちもふくめて、\nそうだな・・・\n６人がヤツらとやりあう。%b	우리도 포함해서\n그래…\n6명이 놈들과 붙는다.%b
2539	map	2	54	/QLND.MAP@239940	のこった６人は、\nこのまわりの警戒にあたる。\nいいな。%b	남은 6명은\n이 주위를 경계한다.\n알았지.%b
2540	map	2	14	/QLND.MAP@240026	よぅっし！%b%h	좋았어!%b%h
2541	map	2	68	/QLND.MAP@240072	オレたちを引っかき回してくれた\nヤローのつら、\nおがませてもらうぜ！%b	우리를 휘젓고 다닌\n놈의 낯짝을\n좀 봐야겠어!%b
2542	map	2	21	/QLND.MAP@240307	%s0・・・・・・！%b%h	%s0……!%b%h
2543	map	2	47	/QLND.MAP@240434	おお、ぼっちゃま！\nよくぞ、ごぶじで・・・。%b%h	오오, 도련님!\n무사하셨군요….%b%h
2544	map	2	46	/QLND.MAP@240586	・・・%s0・・・！\n・・・ぶじだったか・・・！%b	…%s0…!\n…무사했구나…!%b
2545	map	2	24	/QLND.MAP@240664	%s1！\nおっかえりぃ！%b%h	%s1!\n어서 와～!%b%h
2546	map	2	22	/QLND.MAP@240720	・・・はやかったね？%b	…빨리 왔네?%b
2547	map	2	49	/QLND.MAP@240828	べ、べつにもどって来なくても\nよかったけどよ。%b%h	벼, 별로 안 돌아와도\n상관없었지만.%b%h
2548	map	2	39	/QLND.MAP@240969	ほっほっほっ、\nようもどられたのう。%b%h	허허허,\n잘 돌아왔구먼.%b%h
2549	map	2	53	/QLND.MAP@241090	はははっ、ホントか、おい！\nもどって来やがったぜ！%b%h	하하핫, 진짜야, 이봐!\n돌아왔잖아!%b%h
2550	map	2	12	/QLND.MAP@241314	みんな！%b%h	다들!%b%h
2551	map	1	16	/QN10.MAP@99692	山を上りますか？	산에 올라갈까요?
2552	map	1	62	/QN10.MAP@99813	い、いや、\nなんでもないわい。%b%H%m1%V100［%m0賢者%m1］%V0%m0\n	아, 아니,\n아무것도 아닐세.%b%H%m1%V100［%m0현자%m1］%V0%m0\n
2553	map	1	97	/QN10.MAP@99876	・・・ともあれ、それは\nお前さんの父君が\n身をていしてくれたおかげで\nかろうじて、やれたことじゃ。%b	…아무튼 그건\n자네 부친이\n몸을 던져 준 덕분에\n간신히 해낸 일이지.%b
2554	map	1	20	/QN10.MAP@100005	・・・父上・・・。%b	…아버지….%b
2555	map	1	89	/QN10.MAP@100058	父君の死は、\nなにものにも代えられぬ\nとうとい犠牲・・・。%b%H%m1%V100［%m0賢者%m1］%V0%m0\n	부친의 죽음은\n무엇과도 바꿀 수 없는\n고귀한 희생….%b%H%m1%V100［%m0현자%m1］%V0%m0\n
2556	map	1	76	/QN10.MAP@100148	それにむくいるためにも、\nわしにできることでなら\n協力をおしまぬつもりじゃ。%b	그에 보답하기 위해서라도\n내가 할 수 있는 일이라면\n협력을 아끼지 않겠네.%b
2557	map	1	83	/QN10.MAP@100256	それじゃあ、\nボクたちといっしょに\nゲンユウサイの軍団と\n戦っていただけるんですね！%b	그럼\n우리와 함께\n겐유사이의 군단과\n싸워 주시는 거군요!%b
2558	map	1	110	/QN10.MAP@100372	ほっほっほっ、\nそう早合点するでない。\nわしは協力をおしまぬと\n言っただけじゃ。%b%H%m1%V100［%m0賢者%m1］%V0%m0\n	허허허,\n성급히 판단하지 말게.\n나는 협력을 아끼지\n않겠다고 했을 뿐일세.%b%H%m1%V100［%m0현자%m1］%V0%m0\n
2559	map	1	124	/QN10.MAP@100483	そうじゃな・・・\nまずは、お前さんらが\nどれほどの力をもっておるか、\n見させてもらうとしよう。%b%H%m1%V100［%m0賢者%m1］%V0%m0\n	글쎄…\n우선은 자네들이\n얼마나 힘을 지녔는지\n보도록 하지.%b%H%m1%V100［%m0현자%m1］%V0%m0\n
2560	map	1	68	/QN10.MAP@100608	この山の坂のつらさは\n知っておるな？%b%H%m1%V100［%m0賢者%m1］%V0%m0\n	이 산 비탈이 험한 건\n알고 있겠지?%b%H%m1%V100［%m0현자%m1］%V0%m0\n
2561	map	1	99	/QN10.MAP@100677	この山を歩いて、わしの所まで\nのぼってこられれば、\n考えてもみよう。%b%H%m1%V100［%m0賢者%m1］%V0%m0\n	이 산을 걸어서 내게까지\n올라온다면\n생각해 보지.%b%H%m1%V100［%m0현자%m1］%V0%m0\n
2562	map	1	31	/QN10.MAP@100777	どうじゃな？\nやってみるかの？%b	어떤가?\n해 보겠나?%b
2563	map	1	35	/QN10.MAP@100840	ボクたちに\n選ぶ権利はありません。%b	우리에겐\n고를 권리가 없습니다.%b
2564	map	1	77	/QN10.MAP@100907	あなたがそうおっしゃるのであれば、ボクたちは\n全力でそれにこたえるだけです。%b	당신이 그렇게 말씀하신다면 우리는\n전력으로 거기에 응할 뿐입니다.%b
2565	map	1	62	/QN10.MAP@101017	ほっほっほっ、\nよくぞ言った。%b%H%m1%V100［%m0賢者%m1］%V0%m0\n	허허허,\n잘 말했네.%b%H%m1%V100［%m0현자%m1］%V0%m0\n
2566	map	1	74	/QN10.MAP@101080	わしは北の頂上で、\nお前さんらが力をあわせて\nのぼってくる様を見ておるぞ。%b	나는 북쪽 정상에서\n자네들이 힘을 합쳐\n올라오는 모습을 보고 있겠네.%b
2567	map	1	27	/QN10.MAP@101186	みんな、\n聞いたとおりだ。%b	다들,\n들은 대로야.%b
2568	map	1	80	/QN10.MAP@101245	たしかにこの山は急な坂だけど、\nこれも試練だと思って、\nがんばってのぼりきろう！%b	분명 이 산은 가파른 비탈이지만\n이것도 시련이라 생각하고\n힘내서 끝까지 오르자!%b
2569	map	1	55	/QN10.MAP@101367	たしかにこの辺りだ・・・。\n母上と来たのを思い出すよ。%b	분명 이 근처야….\n어머니와 왔던 게 생각나.%b
2570	map	1	81	/QN10.MAP@101454	だれもいないのに、\nおじいさんの声が聞こえるもんだからふしぎに思ったっけ・・・。%b	아무도 없는데\n할아버지 목소리가 들려서 이상하게 생각했었지….%b
2571	map	1	83	/QN10.MAP@101567	思い出にふけるのもいいけどよ、\nとっとと、\nその何とかって賢者を\n呼び出してくれよ。%b	추억에 잠기는 것도 좋지만\n얼른\n그 뭐라는 현자를\n불러내 줘.%b
2572	map	1	29	/QN10.MAP@101682	う、うん・・・\nやってみる！%b	으, 응…\n해 볼게!%b
2573	map	1	38	/QN10.MAP@101743	雲海の賢者さん！\nボクです、%s0です！%b	운해의 현자님!\n저예요, %s0예요!%b
2574	map	1	59	/QN10.MAP@101813	いま、クィーンズランドは\nたいへんなことになってるんです。%b	지금 퀸즈랜드는\n큰일이 났어요.%b
2575	map	1	82	/QN10.MAP@101904	東方のヤマタイ国から\nゲンユウサイが攻めてきて、\n母上がとらわれてしまったんです。%b	동방의 야마타이국에서\n겐유사이가 쳐들어와서\n어머니가 붙잡히고 말았어요.%b
2576	map	1	43	/QN10.MAP@102018	ボクは、どうしても\n母上を助けたいんです。%b	저는 꼭\n어머니를 돕고 싶어요.%b
2577	map	1	54	/QN10.MAP@102093	お願いです、\n聞こえているなら、\n返事をしてください！%b	부탁이에요,\n들리신다면\n대답해 주세요!%b
2578	map	1	12	/QN10.MAP@102179	賢者さん！%b	현자님!%b
2579	map	1	39	/QN10.MAP@102223	やっぱ、\nダメだったみたいだな・・・。%b	역시\n안 되는 모양이군….%b
2580	map	1	37	/QN10.MAP@102263	%H%m1%V100［%m0あやしい声%m1］%V0%m0\n	%H%m1%V100［%m0목소리%m1］%V0%m0\n
2581	map	1	62	/QN10.MAP@102301	ほっほっほっ、\nそんなことはないぞ。\nちゃんと聞いておるわい。%b	허허허,\n그렇지 않네.\n제대로 듣고 있다네.%b
2582	map	1	18	/QN10.MAP@102395	賢者さんですね！%b	현자님이시군요!%b
2583	map	1	50	/QN10.MAP@102445	ああ・・・\nこの声、\nたしかに聞いたおぼえがある。%b	아아…\n이 목소리\n분명 들은 기억이 있어.%b
2584	map	1	82	/QN10.MAP@102528	ほっほっほっ、\n大きくなられたの、\n%s0王子・・・。%b%H%m1%V100［%m0賢者%m1］%V0%m0\n	허허허,\n많이 컸구먼,\n%s0 왕자….%b%H%m1%V100［%m0현자%m1］%V0%m0\n
2585	map	1	107	/QN10.MAP@102611	お前さんの母君には\nずいぶんとやっかいな相談ごとを\nもちかけられたもんじゃ。%b%H%m1%V100［%m0賢者%m1］%V0%m0\n	자네 모친에게는\n꽤나 성가신 상담을\n받곤 했지.%b%H%m1%V100［%m0현자%m1］%V0%m0\n
2586	map	1	72	/QN10.MAP@102719	さしずめ、\n今回のお前さんのたのみは\n『魔導戦役』以来のおおごとじゃな。%b	말하자면\n이번 자네의 부탁은\n『마도 전쟁』 이후의 큰일이구먼.%b
2587	map	1	41	/QN10.MAP@102823	『魔導戦役』・・・！？\nなんだ、そりゃ？%b	『마도 전쟁』…!?\n뭐야, 그게?%b
2588	map	1	76	/QN10.MAP@102896	うん・・・\nボクがまだ生まれたばかりのころに\n起こった事件なんだけど・・・。%b	응…\n내가 막 태어났을 무렵에\n일어난 사건인데….%b
2589	map	1	93	/QN10.MAP@103004	魔導の力を用いて\nこのリグロード大陸を\n支配しようとする大魔導士と\nその弟子があらわれたんだ。%b	마도의 힘을 써서\n이 리그로드 대륙을\n지배하려 한 대마도사와\n그 제자가 나타났어.%b
2590	map	1	95	/QN10.MAP@103129	そいつらを倒したのが、\nこの賢者さんと\n西のドラグーン国の国王、\nそしてボクの父上の３人なんだ。%b	그놈들을 쓰러뜨린 게\n이 현자님과\n서쪽 드래군국의 국왕,\n그리고 우리 아버지 셋이야.%b
2591	map	1	83	/QN10.MAP@103257	ほっほっほっ、\nそれは、ちとちがっておるぞ、\n王子。%b%H%m1%V100［%m0賢者%m1］%V0%m0\n	허허허,\n그건 좀 틀렸네,\n왕자.%b%H%m1%V100［%m0현자%m1］%V0%m0\n
2592	map	1	57	/QN10.MAP@103341	あれは倒したのではない。%b%H%m1%V100［%m0賢者%m1］%V0%m0\n	그건 쓰러뜨린 게 아닐세.%b%H%m1%V100［%m0현자%m1］%V0%m0\n
2593	map	1	82	/QN10.MAP@103399	魔法の品物に、\nあやつらの力を封じこめたにすぎん。%b%H%m1%V100［%m0賢者%m1］%V0%m0\n	마법의 물건에\n그놈들 힘을 봉인했을 뿐이지.%b%H%m1%V100［%m0현자%m1］%V0%m0\n
2594	map	1	16	/QN10.MAP@103482	それにな・・・%b	게다가…%b
2595	map	1	32	/QN10.MAP@103530	しかし、何度見ても高い山だな。%b	그런데 몇 번 봐도 높은 산이군.%b
2596	map	1	60	/QN10.MAP@103594	ああ。\nこの上で生活するなんて、\n考えただけでゾッとするよ。%b	그래.\n이 위에서 산다니\n생각만 해도 오싹해.%b
2597	map	1	66	/QN20.MAP@70588	なるほど。\nでは、のこる問題は\nそのしかけを動かすことだけですね。%b	과연.\n그럼 남은 문제는\n그 장치를 움직이는 것뿐이군요.%b
2598	map	1	64	/QN20.MAP@70687	なに、心配は無用じゃ。\nわしが出向いていって\nはずしてやるわい。%b	뭘, 걱정할 것 없네.\n내가 직접 가서\n풀어 주지.%b
2599	map	1	16	/QN20.MAP@70783	本当ですか！？%b	정말요!?%b
2600	map	1	54	/QN20.MAP@70831	賢者であるあなたが来てくだされば、まさに千人力です。%b	현자이신 당신이 와 주신다면 그야말로 천군만마입니다.%b
2601	map	1	55	/QN20.MAP@70918	カンちがいするでない。%b%H%m1%V100［%m0賢者%m1］%V0%m0\n	착각하지 말게.%b%H%m1%V100［%m0현자%m1］%V0%m0\n
2602	map	1	89	/QN20.MAP@70974	わしはあくまで、\nそのしかけを動かすために\n行くだけじゃ。%b%H%m1%V100［%m0賢者%m1］%V0%m0\n	나는 어디까지나\n그 장치를 움직이러\n갈 뿐일세.%b%H%m1%V100［%m0현자%m1］%V0%m0\n
2603	map	1	120	/QN20.MAP@71064	・・・ちょうど１人、\n欠けておるようじゃしの。\nわしなんかでも、\nおらんよりはマシじゃろ。%b%H%m1%V100［%m0賢者%m1］%V0%m0\n	…마침 한 명\n빠진 것 같으니.\n나 같은 거라도\n없는 것보다는 낫겠지.%b%H%m1%V100［%m0현자%m1］%V0%m0\n
2604	map	1	97	/QN20.MAP@71185	そやつがもどってくれば、\nわしはさっさと帰るわい。\nそれから・・・%b%H%m1%V100［%m0賢者%m1］%V0%m0\n	그 녀석이 돌아오면\n나는 얼른 돌아가겠네.\n그리고…%b%H%m1%V100［%m0현자%m1］%V0%m0\n
2605	map	1	70	/QN20.MAP@71283	名前が『賢者』では、\n呼びにくかろう。%b%H%m1%V100［%m0賢者%m1］%V0%m0\n	『현자』란 이름은\n부르기 어렵겠지.%b%H%m1%V100［%m0현자%m1］%V0%m0\n
2606	map	1	62	/QN20.MAP@71354	ついでじゃから、\nお前さんらがわしに名前を\nつけてくれんかの？%b	하는 김에\n자네들이 내게 이름을\n지어 주지 않겠나?%b
2607	map	1	40	/QN20.MAP@71448	%s8か。\nなかなかに気のきいた名じゃの。%b	%s8인가.\n꽤 센스 있는 이름이구먼.%b
2608	map	1	30	/QN20.MAP@71520	では、そろそろ行くとするか。%b	그럼 슬슬 가 볼까.%b
2609	map	1	76	/QN20.MAP@71593	ほっほっほっ、\nまた、たくさん来おったのう。%b%H%m1%V100［%m0賢者%m1］%V0%m0\n	허허허,\n또 잔뜩 왔구먼.%b%H%m1%V100［%m0현자%m1］%V0%m0\n
2610	map	1	18	/QN20.MAP@71670	今度は何じゃな？%b	이번엔 뭔가?%b
2611	map	1	65	/QN20.MAP@71720	はい、\n１２人の仲間が\nそろいましたので、\nご報告にまいりました。%b	네,\n12명의 동료가\n모였기에\n보고하러 왔습니다.%b
2612	map	1	76	/QN20.MAP@71818	ほっほっほっ、\nわしの目もおとろえたかのう。%b%H%m1%V100［%m0賢者%m1］%V0%m0\n	허허허,\n내 눈도 침침해졌나.%b%H%m1%V100［%m0현자%m1］%V0%m0\n
2613	map	1	70	/QN20.MAP@71895	わしには、\nお前さんらが１１人しか\nおらんように見えるんじゃが・・・？%b	내게는\n자네들이 11명밖에\n없는 걸로 보이는데…?%b
2614	map	1	30	/QN20.MAP@71997	そ、それはそのー・・・・・・%b	그, 그건 그러니까……%b
2615	map	1	62	/QN20.MAP@72059	もう１人は、\n急ぐ研究があるとかで\nこの場には、ちょっと・・・%b	한 명은\n급한 연구가 있다고 해서\n이 자리에는 좀…%b
2616	map	1	39	/QN20.MAP@72153	でも、\nすごくたよりになる人なんです！%b	하지만\n아주 믿음직한 사람이에요!%b
2617	map	1	62	/QN20.MAP@72224	『伝説の魔導士』その人かも知れないって言われるぐらいの・・・%b	『전설의 마도사』 본인일지도 모른다는 말을 들을 정도로…%b
2618	map	1	70	/QN20.MAP@72319	ほっほっほっ、\n『伝説の魔導士』とな？%b%H%m1%V100［%m0賢者%m1］%V0%m0\n	허허허,\n『전설의 마도사』라고?%b%H%m1%V100［%m0현자%m1］%V0%m0\n
2619	map	1	70	/QN20.MAP@72390	こりゃまた、\n大きく出たもんじゃわい。%b%H%m1%V100［%m0賢者%m1］%V0%m0\n	이거 또\n크게 나왔구먼.%b%H%m1%V100［%m0현자%m1］%V0%m0\n
2620	map	1	126	/QN20.MAP@72461	いずれにしろ、みな\n目に見えぬものの導きによって\n集まった者たちじゃ。\n深い縁もあるのじゃろう。%b%H%m1%V100［%m0賢者%m1］%V0%m0\n	어쨌든 모두\n눈에 보이지 않는 것의 인도로\n모인 자들일세.\n깊은 인연도 있겠지.%b%H%m1%V100［%m0현자%m1］%V0%m0\n
2621	map	1	78	/QN20.MAP@72588	それはさておき、\nこれからどうするんじゃな？%b%h%H%m1%V100［%m0賢者%m1］%V0%m0\n	그건 그렇고\n이제 어떻게 할 텐가?%b%h%H%m1%V100［%m0현자%m1］%V0%m0\n
2622	map	1	86	/QN20.MAP@72667	頭数はそろったわけじゃが・・・\nゲンユウサイのおる城へ\n乗り込む算段はついておるのか？%b	머릿수는 채웠는데…\n겐유사이가 있는 성에\n쳐들어갈 방도는 있는가?%b
2623	map	1	22	/QN20.MAP@72785	そ、それが・・・。%b%h	그, 그게….%b%h
2624	map	1	47	/QN20.MAP@72839	城に近づくことも、\nままならない状況で・・・。%b	성에 다가가는 것도\n여의치 않은 상황이라….%b
2625	map	1	84	/QN20.MAP@72919	さすがに正面からのりこむのは\nムリということじゃな。%b%H%m1%V100［%m0賢者%m1］%V0%m0\n	역시 정면으로 쳐들어가는 건\n무리라는 거로군.%b%H%m1%V100［%m0현자%m1］%V0%m0\n
2626	map	1	56	/QN20.MAP@73004	それならば、\nわしがヒミツのぬけ道を\n教えてやろうかの。%b	그렇다면\n내가 비밀 샛길을\n가르쳐 줄까.%b
2627	map	1	43	/QN20.MAP@73092	ぬけ道！？\nあの城にそんなものが・・・！？%b	샛길!?\n그 성에 그런 게…!?%b
2628	map	1	56	/QN20.MAP@73167	・・・して、\nそのぬけ道は\nどこに通じておるのですかな？%b	…그래서\n그 샛길은\n어디로 통합니까?%b
2629	map	1	91	/QN20.MAP@73256	城をかこむ湖にうかぶ島のことは\n知っておろうな。\nそこにちょいとしたどうくつが\nあるんじゃ。%b	성을 둘러싼 호수에 뜬 섬은\n알고 있겠지.\n거기에 작은 동굴이\n있다네.%b
2630	map	1	78	/QN20.MAP@73379	ええ、知っています。\nクィーンズ・ヒール湖にある\n小さなどうくつのことですね。%b	네, 알아요.\n퀸즈힐 호수에 있는\n작은 동굴 말이죠.%b
2631	map	1	72	/QN20.MAP@73489	小さいころ、\n何度か城を抜け出して、\n舟で遊びに行きましたから・・・あ！%b	어릴 때\n몇 번 성을 빠져나가서\n배 타고 놀러 갔었거든요…앗!%b
2632	map	1	24	/QN20.MAP@73593	・・・ぼっちゃま・・・%b	…도련님…%b
2633	map	1	68	/QN20.MAP@73649	ご勉学のお時間に\nよくお姿を見ないと思いましたら\nさような所へ・・・%b	공부 시간에\n자주 안 보이신다 했더니\n그런 곳에…%b
2634	map	1	56	/QN20.MAP@73749	わぁぁぁっ、\nごめんよ、じい！\nその、つい出来心で・・・%b	으아아아,\n미안해, 할아범!\n그게, 그만 충동적으로…%b
2635	map	1	92	/QN20.MAP@73838	ほっほっほっ、\n%s0王子も、\nむかしはきかん坊じゃったらしい。%b%H%m1%V100［%m0賢者%m1］%V0%m0\n	허허허,\n%s0 왕자도\n옛날엔 개구쟁이였나 보구먼.%b%H%m1%V100［%m0현자%m1］%V0%m0\n
2636	map	1	142	/QN20.MAP@73931	・・・で、そのどうくつじゃが、\nむかし、あそこに城が立つ前から、\n湖の下を通っておる\n天然の通路があったんじゃ。%b%H%m1%V100［%m0賢者%m1］%V0%m0\n	…그래서 그 동굴 말인데\n옛날 거기에 성이 서기 전부터\n호수 밑을 지나는\n천연 통로가 있었다네.%b%H%m1%V100［%m0현자%m1］%V0%m0\n
2637	map	1	142	/QN20.MAP@74074	当時はそこも使われておったらしいが外敵の侵入をおそれたのじゃろうな、いつのころにか、\n通路は閉ざされたと聞く。%b%H%m1%V100［%m0賢者%m1］%V0%m0\n	당시엔 그것도 쓰였던 모양인데 외적의 침입을 두려워했는지 언제부턴가\n통로는 막혔다고 들었네.%b%H%m1%V100［%m0현자%m1］%V0%m0\n
2638	map	1	110	/QN20.MAP@74217	奥にちょいとしたしかけがあってな。それを動かすことができれば、\n地下から城内へ入りこむことが\nできるじゃろう。%b	안쪽에 작은 장치가 있네. 그걸 움직일 수 있다면\n지하에서 성안으로 들어갈 수\n있을 걸세.%b
2639	map	1	49	/QN20.MAP@74360	そのとおりじゃ。%b%H%m1%V100［%m0賢者%m1］%V0%m0\n	그 말대로일세.%b%H%m1%V100［%m0현자%m1］%V0%m0\n
2640	map	1	80	/QN20.MAP@74410	まぁ、仲間がそろったら、\nまた訪ねてくるがよい。%b%H%m1%V100［%m0賢者%m1］%V0%m0\n	뭐, 동료가 모이면\n또 찾아오게.%b%H%m1%V100［%m0현자%m1］%V0%m0\n
2641	map	1	91	/QN20.MAP@74491	そのときは、\nまた何か力になってやれることも\nあるじゃろう。%b%H%m1%V100［%m0賢者%m1］%V0%m0\n	그때는\n또 뭔가 힘이 되어 줄 일도\n있겠지.%b%H%m1%V100［%m0현자%m1］%V0%m0\n
2642	map	1	52	/QN20.MAP@74583	・・・どれ、\n帰りは、わしの力で\n送ってやろうかの？%b	…어디,\n돌아갈 땐 내가\n보내 줄까?%b
2643	map	1	18	/QN20.MAP@74667	え・・・・・・？%b	네……?%b
2644	map	1	66	/QN20.MAP@74728	ほっほっほっ、\nよく上ってこられたのう。\nなかなか大したもんじゃ。%b	허허허,\n잘 올라왔구먼.\n꽤 대단하네.%b
2645	map	1	43	/QN20.MAP@74826	そ、それでは\nボクたちといっしょに・・・！%b	그, 그럼\n우리와 함께…!%b
2646	map	1	106	/QN20.MAP@74902	待て待て。\nそう急ぐでない。\n・・・まずは、\nわしの話を聞いてもらえるかな？%b%H%m1%V100［%m0賢者%m1］%V0%m0\n	기다리게.\n그리 서두르지 말고.\n…우선\n내 얘기를 들어 주겠나?%b%H%m1%V100［%m0현자%m1］%V0%m0\n
2647	map	1	47	/QN20.MAP@75009	『魔将軍伝説』・・・\nというものをご存じかな？%b	『마장군 전설』…\n이라는 걸 아는가?%b
2648	map	1	22	/QN20.MAP@75088	・・・・・・・・・？%b	………?%b
2649	map	1	27	/QN20.MAP@75142	いいえ・・・\n知りません。%b	아니요…\n모릅니다.%b
2650	map	1	125	/QN20.MAP@75202	魔将軍・・・\nすなわちゲンユウサイのことじゃが、その名は、歴史書の中にも\nしばしば出てきよる。%b%H%m1%V100［%m0賢者%m1］%V0%m0\n	마장군…\n즉 겐유사이를 말하는데 그 이름은 역사서에도\n종종 나온다네.%b%H%m1%V100［%m0현자%m1］%V0%m0\n
2651	map	1	72	/QN20.MAP@75328	たとえば・・・\nそう、こういうのじゃな。%b%H%m1%V100［%m0賢者%m1］%V0%m0\n	예를 들면…\n그래, 이런 거지.%b%H%m1%V100［%m0현자%m1］%V0%m0\n
2652	map	1	66	/QN20.MAP@75401	『東方の地を治めし王、\nゲンユウサイを名乗りて\nこの地に流れくる』%b	『동방 땅을 다스린 왕,\n겐유사이라 칭하며\n이 땅에 흘러오다』%b
2653	map	1	47	/QN20.MAP@75499	いまのこの国の状況と同じことが、\n過去にも！？%b	지금 이 나라의 상황과 같은 일이\n과거에도!?%b
2654	map	1	51	/QN20.MAP@75579	こんなのもあるぞ。%b%H%m1%V100［%m0賢者%m1］%V0%m0\n	이런 것도 있다네.%b%H%m1%V100［%m0현자%m1］%V0%m0\n
2655	map	1	126	/QN20.MAP@75631	『ゲンユウサイたらん者、\n三剣とりて一振りをなし、\nしろがねのしゃれこうべに\n証をきざまんとす』%b%H%m1%V100［%m0賢者%m1］%V0%m0\n	『겐유사이 될 자,\n세 검 들어 한 자루 삼고\n은빛 해골에\n증표를 새기려 하노라』%b%H%m1%V100［%m0현자%m1］%V0%m0\n
2656	map	1	53	/QN20.MAP@75758	これは東方の言い伝えじゃな。\n知っておるか、若いの？%b	이건 동방의 전승이네.\n알고 있나, 젊은이?%b
2657	map	1	24	/QN20.MAP@75843	・・・い、いや・・・。%b	…아, 아니….%b
2658	map	1	45	/QN20.MAP@75900	・・・ふむ。%b%H%m1%V100［%m0賢者%m1］%V0%m0\n	…흠.%b%H%m1%V100［%m0현자%m1］%V0%m0\n
2659	map	1	151	/QN20.MAP@75946	これらの内容から察するに、\nゲンユウサイというのは\n東方の地を手に入れた者に与えられる称号のようなものだということじゃ。%b%H%m1%V100［%m0賢者%m1］%V0%m0\n	이 내용들로 미루어 보면\n겐유사이란\n동방의 땅을 손에 넣은 자에게 주어지는 칭호 같은 것이라는 걸세.%b%H%m1%V100［%m0현자%m1］%V0%m0\n
2660	map	1	76	/QN20.MAP@76098	おそらく、\nこの度のゲンユウサイさわぎも、\nそれに、かこつけたものじゃろう。%b	아마\n이번 겐유사이 소동도\n그걸 핑계 삼은 것이겠지.%b
2661	map	1	87	/QN20.MAP@76206	ちょっと待って！\nその・・・過去に現れた\nゲンユウサイっていうのは、\n一体どうなったの？%b	잠깐만요!\n그…과거에 나타난\n겐유사이라는 건\n대체 어떻게 됐어요?%b
2662	map	1	54	/QN20.MAP@76326	うむ。\nよい質問じゃ。%b%H%m1%V100［%m0賢者%m1］%V0%m0\n	음.\n좋은 질문일세.%b%H%m1%V100［%m0현자%m1］%V0%m0\n
2663	map	1	128	/QN20.MAP@76381	むろん、それぞれの時代で\n状況は変わっておるのじゃが、\n奇妙に１ヵ所だけ\n共通しておる部分がある。%b%H%m1%V100［%m0賢者%m1］%V0%m0\n	물론 시대마다\n상황은 다르지만\n묘하게 한 군데만\n공통된 부분이 있네.%b%H%m1%V100［%m0현자%m1］%V0%m0\n
2664	map	1	75	/QN20.MAP@76510	いずれも、\nゲンユウサイは\n１２人の勇士に討たれて\nその最期をとげたとある。%b	어느 것이든\n겐유사이는\n12명의 용사에게 토벌되어\n최후를 맞았다고 하지.%b
2665	map	1	22	/QN20.MAP@76617	じゅ、１２人だぁ！？%b	시, 12명이라고!?%b
2666	map	1	55	/QN20.MAP@76671	それだけの人数でないと、\nヤツには勝てないってのか！？%b	그만한 인원이 아니면\n놈을 이길 수 없다는 거야!?%b
2667	map	1	89	/QN20.MAP@76759	この１２という数字が\n何を意味しておるかは\nわからんがの。%b%H%m1%V100［%m0賢者%m1］%V0%m0\n	이 12라는 숫자가\n무엇을 뜻하는지는\n모르겠지만.%b%H%m1%V100［%m0현자%m1］%V0%m0\n
2668	map	1	59	/QN20.MAP@76849	奇妙な一致をみせておる以上、\nムシするのもどうかと思うが？%b	묘한 일치를 보이는 이상\n무시하기도 좀 그렇지 않나?%b
2669	map	1	59	/QN20.MAP@76940	その話が本当だとすると、\nいま、オレたちが７人だから・・・%b	그 말이 사실이라면\n지금 우리가 7명이니까…%b
2670	map	1	35	/QN20.MAP@77031	あと５人、\n仲間が必要ってことか？%b	앞으로 5명\n동료가 필요하다고?%b
2671	map	1	51	/QN20.MAP@77098	でも、もう１人見つかったよ？\nあと４人、あと４人！%b	그래도 한 명 더 찾았잖아?\n앞으로 4명, 4명!%b
2672	map	1	61	/QN20.MAP@77182	すまんのう、おじょうちゃん。%b%H%m1%V100［%m0賢者%m1］%V0%m0\n	미안하구먼, 아가씨.%b%H%m1%V100［%m0현자%m1］%V0%m0\n
2673	map	1	87	/QN20.MAP@77244	わしはこの通り、\n斬ったはったには\n向いておらんのでな。%b%H%m1%V100［%m0賢者%m1］%V0%m0\n	나는 보다시피\n칼부림에는\n맞지 않아서 말이지.%b%H%m1%V100［%m0현자%m1］%V0%m0\n
2674	map	1	26	/QN20.MAP@77332	他をあたってくれんかの。%b	다른 데를 알아봐 주겠나.%b
2675	map	1	16	/QN20.MAP@77390	そんな・・・！%b	그럴 수가…!%b
2676	map	1	61	/QN20.MAP@77439	そう情けない声を出すでない。%b%H%m1%V100［%m0賢者%m1］%V0%m0\n	그렇게 한심한 소리 말게.%b%H%m1%V100［%m0현자%m1］%V0%m0\n
2677	map	1	118	/QN20.MAP@77501	よいか？\nこの１２人というのは、\nお前さんらが互いに命をあずけあい\nともに戦う仲間じゃ。%b%H%m1%V100［%m0賢者%m1］%V0%m0\n	알겠나?\n이 12명이란 건\n자네들이 서로 목숨을 맡기고\n함께 싸울 동료일세.%b%H%m1%V100［%m0현자%m1］%V0%m0\n
2678	map	1	51	/QN20.MAP@77620	それほどの者を見つけるには、\nまた長い旅となろう。%b	그런 자를 찾으려면\n또 긴 여행이 되겠지.%b
2679	map	1	43	/QN20.MAP@77703	それでも行くしかない、\nということですね？%b	그래도 갈 수밖에\n없다는 말씀이군요?%b
2680	map	1	94	/QP00.MAP@114656	いま使ったカギじゃなかったのか。\nこれはどうやら、すべてのカギを\n試してみるしかなさそうだな。%b	방금 쓴 열쇠가 아니었나.\n아무래도 모든 열쇠를\n시험해 볼 수밖에 없겠군.%b
2681	map	1	57	/QP00.MAP@114782	ちっ、このカギじゃダメか！\n他のも試してみるしかないな。%b	칫, 이 열쇠로는 안 되나!\n다른 것도 시험해 볼 수밖에.%b
2682	map	1	101	/QP00.MAP@114871	このカギじゃなかったみたいね。\n他にまだ使ってないカギは・・・\nえええっ！\nまだ、こんなにあるのぉ！？%b	이 열쇠가 아니었나 봐.\n아직 안 쓴 열쇠는…\n에에엣!\n아직 이렇게나 있어!?%b
2683	map	1	96	/QP00.MAP@115004	なんと！　このカギではないのか！？ぼっちゃま、申しわけございませぬ。次こそは、かならず・・・！%b	이럴 수가! 이 열쇠가 아니란 말인가!? 도련님, 죄송합니다. 다음엔 반드시…!%b
2684	map	1	57	/QP00.MAP@115132	このカギではないようだ。\n別のを試してみるしかあるまい。%b	이 열쇠가 아닌 모양이다.\n다른 걸 시험해 볼 수밖에.%b
2685	map	1	101	/QP00.MAP@115221	あっれー、おかしいなぁ・・・。\nコレじゃないのかなぁ・・・。\nま、いーや。\n他のカギも試してみよっと。%b	어라～, 이상하네….\n이게 아닌가….\n뭐, 됐어.\n다른 열쇠도 시험해 봐야지.%b
2686	map	1	115	/QP00.MAP@115354	ちっ、このカギじゃないのか！\nカギは他にもあるようだが・・・\nまさか、これを全部試せって\nいうんじゃねぇだろーな！？%b	칫, 이 열쇠가 아닌가!\n열쇠는 더 있는 것 같은데…\n설마 이걸 전부 시험하라는\n건 아니겠지!?%b
2687	map	1	91	/QP00.MAP@115501	このカギもダメか。\n早くしないと、このままじゃ\nなぶり殺しにあってしまう！\n次こそは・・・！%b	이 열쇠도 안 되나.\n빨리 안 하면 이대로\n몰매 맞아 죽을 거야!\n다음엔 꼭…!%b
2688	map	1	121	/QP00.MAP@115624	このカギもダメか！\n敵に背を向けて逃げることになるが、いまはこの扉だけが命をつなぐ術だ。なんとかして開けなければ・・・！%b	이 열쇠도 안 되나!\n적에게 등을 보이고 도망치게 되지만 지금은 이 문만이 살길이다. 어떻게든 열어야 해…!%b
2689	map	1	111	/QP00.MAP@115777	このカギじゃなかったのね。\nもうっ！　いつまでもこうしている\nワケにはいかないのよ！\n今度こそ、かならず・・・！%b	이 열쇠가 아니었구나.\n정말! 언제까지고 이러고 있을\n수는 없어!\n이번에야말로 꼭…!%b
2690	map	1	90	/QP00.MAP@115920	このカギでは開かぬのか！？\nえ～い、あやつがそこまで迫ってきておるのだ。\n急がねば・・・！%b	이 열쇠로는 안 열리는가!?\n에잇, 그놈이 코앞까지 다가왔다.\n서둘러야…!%b
2691	map	1	68	/QP00.MAP@116042	・・・・・・・・・。\nまずいな、\nこれ以上、もちこたえられるのか！？%b	………\n위험하군,\n더는 버틸 수 있을까!?%b
2692	map	1	57	/QP00.MAP@116142	ううー、開かないよぉー。\n%s6、\n早くここから出たいよぉ。%b	우우～, 안 열려～.\n%s6,\n빨리 나가고 싶어～.%b
2693	map	1	92	/QP00.MAP@116231	このカギじゃねぇ！\nくっそー、とっととずらかんねぇと、マジでやばいぜ！\n次あたりが限界だな。%b	이 열쇠가 아니야!\n젠장, 얼른 튀지 않으면 진짜 위험해!\n다음쯤이 한계야.%b
2694	map	1	43	/QP00.MAP@116355	このカギでどうかな？\n・・・・・・・・・。%b	이 열쇠로는 어떨까?\n………%b
2695	map	1	45	/QP00.MAP@116430	やった！　開いたぞ！\n急いで出口へ向かおう！%b	됐다! 열렸어!\n서둘러 출구로 가자!%b
2696	map	1	41	/QP00.MAP@116507	このカギでどうだ？\n・・・・・・・・・。%b	이 열쇠로는 어때?\n………%b
2697	map	1	89	/QP00.MAP@116580	やったぜ、扉が開いた！\nどうやら、この先が城の外と\nつながってるようだな。\n急いで脱出だ！%b	됐다, 문이 열렸어!\n아무래도 이 앞이 성 밖과\n이어져 있는 것 같아.\n서둘러 탈출이다!%b
2698	map	1	22	/QP00.MAP@116701	このカギでなら・・・%b	이 열쇠라면…%b
2699	map	1	57	/QP00.MAP@116755	やっと扉が開いたようね。\nもうすぐ出口にたどり着けるわ！%b	드디어 문이 열렸네.\n이제 곧 출구에 닿을 거야!%b
2700	map	1	114	/QP00.MAP@116844	ああ、このカギまでちがっていたら、ぼっちゃまに何と言っておわびして\nよいものか。\nどうか開いてくだされ・・・・・・%b	아아, 이 열쇠마저 틀리면 도련님께 뭐라고 사죄해야\n좋을지.\n부디 열려 주시오……%b
2701	map	1	111	/QP00.MAP@116990	おお、なんと！\nぼっちゃま、扉が開きましたぞ！\nこのじいが、ついにやりました。\nあとは、出口へ向かうのみですな。%b	오오, 이럴 수가!\n도련님, 문이 열렸습니다!\n이 할아범이 드디어 해냈습니다.\n이제 출구로 향할 뿐이군요.%b
2702	map	1	32	/QP00.MAP@117133	このカギで開けばよいが・・・。%b	이 열쇠로 열리면 좋겠는데….%b
2703	map	1	70	/QP00.MAP@117197	どうやら、\nいまのカギで正解だったようだ。\nあとは、出口を目指すのみ！%b	아무래도\n방금 열쇠가 맞았나 보다.\n이제 출구를 향할 뿐!%b
2704	map	1	93	/QP00.MAP@117299	え～と、まだ使ってないカギって\nどれかなぁ？\nもうっ、わかんないから、\nテキトーに使っちゃえ！%b	음～, 아직 안 쓴 열쇠가\n어느 거였더라?\n아이참, 모르겠으니까\n대충 써 버리자!%b
2705	map	1	94	/QP00.MAP@117424	うそっ！　開いちゃったのぉ！？\nわーいわーい、やったよー！\nもうちょっとで外へ出られそうだね。%b	거짓말! 열려 버렸어!?\n와～이 와～이, 해냈다～!\n조금만 더 가면 밖에 나갈 것 같아.%b
2706	map	1	111	/QP00.MAP@117550	よーし、こうなったら残りのカギを\n全部ためしてやるぜ！\nとりゃとりゃとりゃとりゃ、\nとりゃとりゃとりゃとりゃ、%b%h	좋아, 이렇게 된 이상 남은 열쇠를\n전부 시험해 주마!\n이얍이얍이얍이얍,\n이얍이얍이얍이얍,%b%h
2707	map	1	103	/QP00.MAP@117693	とりゃとりゃとりゃとりゃ、\nとりゃとりゃとりゃとりゃ、\nとりゃとりゃとりゃとりゃ、\n・・・ぜぇぜぇ・・・%b	이얍이얍이얍이얍,\n이얍이얍이얍이얍,\n이얍이얍이얍이얍,\n…헉헉…%b
2708	map	1	117	/QP00.MAP@117828	・・・おお！？　開いた・・・？\n・・・・・・よ、よっしゃあ！\nオレ様の予定どおりだぜ！\nこのまま出口へ向かうとするか！%b	…오오!? 열렸다…?\n……조, 좋았어!\n이 몸의 예정대로야!\n이대로 출구로 가 볼까!%b
2709	map	1	35	/QP00.MAP@118043	やった～！\nほら、%s1、\n開いたよ！%b	해냈다～!\n봐, %s1,\n열렸어!%b
2710	map	1	18	/QP00.MAP@118110	・・・やれやれ。%b	…이런 이런.%b
2711	map	1	39	/QP00.MAP@118160	ところで大将、\nこれからどうするんだ？%b	그런데 대장,\n이제 어떻게 할 거야?%b
2712	map	1	60	/QP00.MAP@118231	ゲンユウサイのヤロー、\nぶちのめしに行くんなら\nつきあうぜ。%b	겐유사이 녀석을\n때려눕히러 간다면\n같이 가 주지.%b
2713	map	1	88	/QP00.MAP@118323	ばっ・・・バカなことを言うなっ！\nゲンユウサイ様に対して\nそのようなマネができるものか！%b	바…바보 같은 소리 마!\n겐유사이 님께\n그런 짓을 할 수 있을 것 같냐!%b
2714	map	1	63	/QP00.MAP@118443	なんでよー？\nあいつ、ヒドイやつだよ？\n%s1に大ケガさせてさー。%b	왜～?\n그 녀석, 나쁜 놈이잖아?\n%s1를 크게 다치게 하고.%b
2715	map	1	33	/QP00.MAP@118538	ぜったい、\n仕返ししてやるんだ！%b	절대로\n복수해 줄 거야!%b
2716	map	1	93	/QP00.MAP@118603	ほらほら、\nさっき、ロクセリオって人に\nいろいろお薬とかもらったから、\nハデにあばれられるよ！%b	봐 봐,\n아까 로크세리오라는 사람한테\n약이랑 이것저것 받았으니까\n화끈하게 날뛸 수 있어!%b
2717	map	1	55	/QP00.MAP@118728	ちょ、ちょっと待って！\nいま、ロクセリオとかって・・・%b	자, 잠깐만!\n방금 로크세리오라고…%b
2718	map	1	62	/QP00.MAP@118815	言ったよ。\nこの『鍵束』だって、\nそのおじさんがくれたんだよ。%b	그랬어.\n이 『열쇠 꾸러미』도\n그 아저씨가 줬어.%b
2719	map	1	73	/QP00.MAP@118909	おお！\nそれはまさしく、\n城の宰相、ロクセリオどのに\nまちがいありませぬ！%b	오오!\n그건 틀림없이\n성의 재상 로크세리오 님이\n분명합니다!%b
2720	map	1	57	/QP00.MAP@119014	ご自分の身もあやういと言うのに、\nよくぞそこまで・・・。%b	자기 몸도 위태로운데\n그렇게까지….%b
2721	map	1	24	/QP00.MAP@119103	宰相ロクセリオ・・・。%b	
2722	map	1	66	/QP00.MAP@119159	すまない！\nいまのボクたちじゃ、\nお前を助け出してやれない・・・。%b	
2723	map	1	76	/QP00.MAP@119257	・・・それよりも、\nいったんここを退いて、\nその後どうするかを考えましょう！%b	
2724	map	1	53	/QP00.MAP@119365	ほら、%s1！\nあなたも、\nいつまでも、いじけてないで！%b	
2725	map	1	39	/QP00.MAP@119450	悪いのはみんな、\nゲンユウサイなのよ？%b	
2726	map	1	55	/QP00.MAP@119521	味方ともども攻撃するなんて、\n不条理だと思わないの！？%b	
2727	map	1	58	/QP00.MAP@119608	よそ者のお前たちに、\n何がわかるっ！？\nオレは・・・・・・%b	
2728	map	1	54	/QP00.MAP@119698	でも、ここにいたら\nボクたちみんな、\n殺されちゃうよ！%b	
2729	map	1	58	/QP00.MAP@119784	・・・ということらしいぜ。\nそれならそれで、\n急がんとな。%b	
2730	map	1	56	/QP00.MAP@119874	上の階で\nちっとばかり、\nハデにやらかしちまったからな。%b	
2731	map	1	28	/QP00.MAP@119962	じきに兵士が来るだろうよ。%b	
2732	map	1	80	/QP00.MAP@120022	お前らはどうして、\n勝手なことばかりやらかして\nオレを困らせてくれるんだ・・・。%b	
2733	map	1	55	/QP00.MAP@120134	・・・わかったわかった、\nオレもつきあえばいいんだろ！%b	
2734	map	1	65	/QP00.MAP@120221	もう、\nゲンユウサイ様の\nおたずね者にでもなんでも\nなってやらぁ！%b	
2735	map	1	12	/QP00.MAP@120318	キマリね。%b	
2736	map	1	64	/QP00.MAP@120362	じゃあ、ここから近い\n資材搬入用の通路へ\n向かえばいいのかしら？%b	
2737	map	1	71	/QP00.MAP@120458	ですが%s2どの、\nそういった通路の入口には、\nカギがかかっておりますぞ。%b	
2738	map	1	86	/QP00.MAP@120561	危険ではありますが、\nやはり、この北にある階段を使って\n上の階に出るしかありませんな。%b	
2739	map	1	34	/QP00.MAP@120679	じいの言うとおりかもしれないな。%b	
2740	map	1	41	/QP00.MAP@120745	よし。\nみんなで、のぼり階段を目指そう。%b	
2741	map	1	60	/QP00.MAP@120823	ゲンユウサイ様。\nわれわれは引きつづき、\n警戒にあたります。%b	
2742	map	1	66	/QP00.MAP@120972	%s5、\nどういうことだ！？\nゲンユウサイは\n何のことを言っている！？%b	
2743	map	1	33	/QP00.MAP@121070	・・・いずれ、\n話すときがくる。%b	
2744	map	1	48	/QP00.MAP@121135	いまは、\nこの状況をどうにかすることを\n考えろ。%b	
2745	map	1	19	/QP00.MAP@121215	%s5・・・・・・。%b	
2746	map	1	26	/QP00.MAP@121271	な、なんだキサマらは！？%b	
2747	map	1	18	/QP00.MAP@121334	く、くせもの！！%b	
2748	map	1	40	/QP00.MAP@121384	%s6！\n%s7！\nお前ら、どうして・・・！？%b	
2749	map	1	32	/QP00.MAP@121456	どうしてって言い草はないだろ。%b	
2750	map	1	88	/QP00.MAP@121520	ドジでマヌケな大将を、\nわざわざ助けに来てやったんだ。\n礼ぐらい言ってほしいところだな。%b	
2751	map	1	61	/QP00.MAP@121640	%s1、\n早く出よ、こんなトコ。\nいま、カギを開けるから・・・。%b	
2752	map	1	26	/QP00.MAP@121787	・・・う・・・うにゃあ？%b	
2753	map	1	40	/QP00.MAP@121845	何やってんだ、%s6？\nとっとと開けろよ。%b	
2754	map	1	99	/QP00.MAP@121917	だ、だってこの『鍵束』、\nいっぱいカギがついてるんだもん。\nどれが牢屋のカギなのか、\nわかんないよ！%b	
2755	map	1	41	/QP00.MAP@122048	・・・んーと・・・\n・・・あ、これかな？%b	
2756	map	1	37	/QP00.MAP@122130	くっくっくっ、\nまた会えたな、小僧。%b	
2757	map	1	41	/QP00.MAP@122199	ゲンユウサイ！\nよくも母上の城を・・・！%b	
2758	map	1	31	/QP00.MAP@122281	母上だと？\n笑わせてくれるわ。%b	
2759	map	1	77	/QP00.MAP@122353	何度も言わせるな。\nキサマの母とやらは、\nみずからわしに\n協力を申し出たのだ。%b	
2760	map	1	37	/QP00.MAP@122462	そんなの、\nでまかせに決まってるわ！%b	
2761	map	1	49	/QP00.MAP@122531	あの女王様が、\nそんなことをなさるハズないもの！%b	
2762	map	1	80	/QP00.MAP@122612	・・・城のほかの者はどうされた？\nおぬしのことだ、\n有無を言わせず、みな殺しか？%b	
2763	map	1	43	/QP00.MAP@122733	くっくっくっ、\nわしとて、慈悲の心はある。%b	
2764	map	1	72	/QP00.MAP@122817	ずいぶんとおしゃべりな\n宰相がおったな、\n名をロクセリオとか言う・・・。%b	
2765	map	1	41	/QP00.MAP@122921	ロクセリオが！？\nあいつはぶじなんだな！%b	
2766	map	1	34	/QP00.MAP@123003	ものわかりのよい男だったのでな。%b	
2767	map	1	60	/QP00.MAP@123078	たずねるまでもなく、\nあらいざらい、\nしゃべってくれおった。%b	
2768	map	1	56	/QP00.MAP@123179	そこにおる%s1よりも、\nはるかに使えるヤツかもしれんな。%b	
2769	map	1	24	/QP00.MAP@123267	ゲンユウサイ様・・・！%b	
2770	map	1	47	/QP00.MAP@123332	生き残るすべをもたぬ者は、\n我が軍にはいらぬ。%b	
2771	map	1	60	/QP00.MAP@123420	弱者は弱者同士、\nともに手をとりあって\n死にゆくがよかろう。%b	
2772	map	1	80	/QP00.MAP@123584	キサマ・・・・・・\n%s5か！？\n先の戦いを見て、\nもしやとは思っておったが・・・。%b	
2773	map	1	13	/QP00.MAP@123744	%s5・・・？%b	
2774	map	1	68	/QP00.MAP@123798	落ちたものだ。\nそのような弱体のやからに\n手をかしておるとは・・・。%b	
2775	map	1	16	/QP00.MAP@123898	・・・だまれ！%b	
2776	map	1	70	/QP00.MAP@123955	くっくっくっ、\nしょせん、キサマも\nわしの手の上でおどるしかないのだ。%b	
2777	map	1	37	/QP00.MAP@124066	しばし、そこで\n頭を冷やすがよいわ。%b	
2778	map	1	26	/QP00.MAP@124135	・・・読まれていたか。%b%h	
2779	map	1	73	/QP00.MAP@124193	ほめてやるべきだろうが、\nこちらとてウラをかかれてばかりでは済まさぬぞ。%b	
2780	map	1	81	/QP00.MAP@124298	（・・・いま通りすぎてきたあの扉、　外へつながる通路の扉だと\n　言っていたな）%b%h	
2781	map	1	34	/QP00.MAP@124411	（ならば、それを使わぬ手はない）%b	
2782	map	1	84	/QP00.MAP@124477	（問題はカギをどうするかだが、\n　牢屋を開けたときの鍵束で\n　なんとかなるだろう）%b%h	
2783	map	1	53	/QP00.MAP@124593	（こいつを足どめしつつ、\n　扉を開けるのか・・・）%b%h	
2784	map	1	63	/QP00.MAP@124678	（幸い、扉にはこちらの方が近い。\n　なんとかなるだろう・・・）%b	
2785	map	1	86	/QP00.MAP@124773	えーん、見つかっちゃったよぉ！\nだから、こっちへは来ない方が\nいいって言ったのにぃ！%b%h	
2786	map	1	30	/QP00.MAP@124891	（・・・ウソだけど・・・）%b%h	
2787	map	1	80	/QP00.MAP@124953	（・・・しようがないなぁ。\n　やっぱ、さっきの扉に入れば\n　よかったんだよ！）%b%h	
2788	map	1	72	/QP00.MAP@125065	（・・・って、\n　カギがかかってんだったっけ？\n　ああんっ、もうっ！）%b%h	
2789	map	1	92	/QP00.MAP@125169	（・・・・・・あれ？\n　カギだったら、いっぱいあるよ。\n　さっき、おじさんにもらったもん）%b%h	
2790	map	1	68	/QP00.MAP@125293	（この鍵束、\n　こんなにたくさん\n　カギがぶら下がってるんだもん）%b%h	
2791	map	1	60	/QP00.MAP@125393	（ぴったりのカギが\n　あるはずだよね。\n　ためしてみよっと）%b	
2792	map	1	44	/QP00.MAP@125485	ちっ、\nヤッカイなのが\n出てきやがったぜ。%b%h	
2793	map	1	66	/QP00.MAP@125561	オレたちゃ、\nさっさとこの城から出るんだ。\nジャマしねぇでくれ。%b%h	
2794	map	1	65	/QP00.MAP@125659	（・・・って言ったところで、\n　すんなり行かせてくれないよな）%b%h	
2795	map	1	49	/QP00.MAP@125756	（なんとか、\n　こいつのウラをかかないと・・・）%b	
2796	map	1	78	/QP00.MAP@125837	（・・・そう言えば、\n　いま通りすぎてきた扉が\n　外へ通じてるんだったよな）%b%h	
2797	map	1	74	/QP00.MAP@125947	（・・・もっとも、\n　カギが開いてればの話だが）\n　ん？　待てよ・・・）%b%h	
2798	map	1	94	/QP00.MAP@126053	（カギなら%s6が\n　持ってるじゃねえか。\n　牢屋を開けるときに\n　ジャラジャラさせてたからな）%b%h	
2799	map	1	47	/QP00.MAP@126179	（・・・あとは、\n　こいつをどうするかだな）%b%h	
2800	map	1	74	/QP00.MAP@126258	（カギを開ける間、\n　おとなしくしててくれるワケ\n　ねーだろーしな・・・）%b	
2801	map	1	53	/QP00.MAP@126369	お前たちの考えそうなコトなど、\nすべてお見通しだ。%b%h	
2802	map	1	45	/QP00.MAP@126459	この城からは、\n生きて出られぬと知るがよい。%b	
2803	map	1	41	/QP00.MAP@126536	くっ・・・！\nまた先回りされたのか！？%b%h	
2804	map	1	66	/QP00.MAP@126609	・・・ダメだ、\nこれ以上は進めそうにない。\nどうすれば・・・！？%b%h	
2805	map	1	97	/QP00.MAP@126707	（いま通りすぎてきた扉から\n　外へ出るにも、\n　カギがかかっているのでは\n　仕方がないし・・・）%b%h	
2806	map	1	65	/QP00.MAP@126836	（待てよ、\n　ボクたちを牢から出すのに\n　%s6さんが使った鍵束）%b%h	
2807	map	1	53	/QP00.MAP@126933	（もしかすると、\n　その中にカギがあるかも・・・）%b%h	
2808	map	1	84	/QP00.MAP@127018	（うまく敵を足どめしておいて、\n　扉にあうカギを見つけることが\n　できれば・・・！）%b	
2809	map	1	60	/QP00.MAP@127134	・・・どうする、%S1！？\nいまのオレがかなう相手じゃねぇ。%b%h	
2810	map	1	63	/QP00.MAP@127226	この場は逃げを打つしか・・・\nかと言って、どこへ逃げる！？）%b%h	
2811	map	1	117	/QP00.MAP@127321	（いま通りすぎてきた扉が\n　外へつながってるんだったよな。\n　でもカギがかかってちゃ・・・\n　・・・・・・カギ！？）%b%h	
2812	map	1	92	/QP00.MAP@127470	（そうだ！\n　%s6が持ってた鍵束だ。\n　もしかしたら、その中に\n　扉を開けるカギがあるかも）%b%h	
2813	map	1	91	/QP00.MAP@127594	（問題は師匠を\n　足どめしておけるかどうかだな。\n　そのすきに\n　扉を開けさえすれば・・・）%b	
2814	map	1	113	/QP00.MAP@127717	なんてこと！\n私たちの動きが読まれてるなんて！%b%hこれじゃあ、\n１階にあがるのはムリそうね。\nどうすれば・・・？%b%h	
2815	map	1	110	/QP00.MAP@127862	（ここはやっぱり、\n　資材搬入用の扉を使うしか・・・。　でも、カギがかかってるんじゃ、\n　しようがないわね）%b%h	
2816	map	1	102	/QP00.MAP@128004	（・・・そう言えば、\n　%s6さんが牢屋を開けるのに\n　使った鍵束・・・\n　あの中に合うカギがあるかも）%b%h	
2817	map	1	63	/QP00.MAP@128138	（少し後もどりすれば、扉がある！\n　やってみるしかないわ！）%b%h	
2818	map	1	80	/QP00.MAP@128233	（・・・問題は、\n　この人をどうするかよね。\n　すんなり通してくれそうもないし）%b	
2819	map	1	45	/QP00.MAP@128345	なんと！\nまたもや先回りされてしまうとは！%b%h	
2820	map	1	51	/QP00.MAP@128422	こやつに道をふさがれていては、\n進めんではないか。%b	
2821	map	1	78	/QP00.MAP@128505	（少しもどれば\n　資材搬入用の扉があるが\n　カギがかかっておってはな・・・。%b%h	
2822	map	1	93	/QP00.MAP@128615	（・・・む！\n　わしらは、カギを開けて\n　牢から出てきたのではないか！\n　そのカギは・・・）%b%h	
2823	map	1	88	/QP00.MAP@128740	（%s6どのが使った鍵束！\n　おお！\n　その中にあの扉を開けるカギが\n　あるやもしれん！）%b%h	
2824	map	1	36	/QP00.MAP@128860	（早速、引き返して試してみねば！）%b	
2825	map	1	18	/QP00.MAP@128928	ダメか・・・。%b%h	
2826	map	1	51	/QP00.MAP@128978	あの鍵束の中にも、\nこの扉に合うものはなさそうだ。%b	
2827	map	1	26	/QP00.MAP@129061	やっぱダメみたいだな。%b%h	
2828	map	1	66	/QP00.MAP@129119	おとなしく、\n西にある扉から脱出することを\n考えた方がよさそうだ。%b	
2829	map	1	66	/QP00.MAP@129217	うーん・・・\nあの鍵束を使えば開くと\n思ったんだけどなぁ・・・。%b%h	
2830	map	1	67	/QP00.MAP@129315	やっぱり、\n西にある資材搬入用の扉から出るしか方法がないみたいね。%b	
2831	map	1	56	/QP00.MAP@129414	なんと！\nあの鍵束にも、\nこの扉に合うものがないとは！%b%h	
2832	map	1	68	/QP00.MAP@129502	やはりここは、\n西にある資材搬入用の扉から\n出るしかないようですな。%b	
2833	map	1	47	/QP00.MAP@129602	すべての扉に\n鍵束を試している場合ではない。%b%h	
2834	map	1	28	/QP00.MAP@129681	開けるべきは西にある扉だ。%b	
2835	map	1	43	/QP00.MAP@129741	えっとぉ、\nこのカギがダメなら次は・・・%b%h	
2836	map	1	60	/QP00.MAP@129816	・・・って、\nこの扉が開いても\nしようがないんだったよね。%b%h	
2837	map	1	47	/QP00.MAP@129908	開けなきゃなんないのは\nもっと西にある扉だよ。%b	
2838	map	1	80	/QP00.MAP@129987	あの鍵束になら、\n合うカギがあるかもしれんが、\n今はそれどころじゃねぇからな。%b%h	
2839	map	1	31	/QP00.MAP@130099	開けるんなら、\n西にある扉だ。%b	
2840	map	1	18	/QP00.MAP@130162	よしっ、出口だ！%b	
2841	map	1	39	/QP00.MAP@130212	やったぜ！\nここから外に出られそうだ。%b	
2842	map	1	49	/QP00.MAP@130283	・・・はぁはぁ・・・\nこれで外に出られる・・・。%b	
2843	map	1	41	/QP00.MAP@130364	おお！\nこれで外に出ることができますぞ！%b	
2844	map	1	30	/QP00.MAP@130437	ようやく外に出られそうだな。%b	
2845	map	1	41	/QP00.MAP@130499	わーいわーい！\nこれで外に出られるよー！%b	
2846	map	1	63	/QP00.MAP@130572	へっ、今回の勝負は\nおあずけってことにしといてやるぜ。あばよ！%b	
2847	map	1	26	/QP00.MAP@130672	キサマら、いつの間に！%b%h	
2848	map	1	24	/QP00.MAP@130735	待て、待たぬか・・・！%b	
2849	map	1	36	/QP0B.MAP@111310	彼を放っておくワケにはいかないよ！%b	
2850	map	1	28	/QP0B.MAP@111378	ったく、しようがねぇな。%b%h	
2851	map	1	53	/QP0B.MAP@111438	あいつを連れてくるまで、\nこっから帰れそうにねぇぜ。%b	
2852	map	1	68	/QP0B.MAP@111523	まだ、ナイトバードは\n中にいるんでしょ？\n引き返すなんてできないわ。%b	
2853	map	1	35	/QP0B.MAP@111623	なんと！\n足が勝手に出口の方へ！%b%h	
2854	map	1	51	/QP0B.MAP@111690	ぼっちゃま、おゆるしを！\nじいが悪うございました。%b	
2855	map	2	26	/QP0B.MAP@111773	こっちは方向ちがいだな。%b	
2856	map	1	27	/QP0B.MAP@111831	わ～い！\n出口だ出口だ！%b%h	
2857	map	1	45	/QP0B.MAP@111890	・・・って、\nまだ帰っちゃいけないんだっけ。%b	
2858	map	1	48	/QP0B.MAP@111967	ちっ、\nオレひとり、\n帰るワケにもいかねぇか。%b%h	
2859	map	1	39	/QP0B.MAP@112047	しようがねぇ、\nヤツをさがすとするか。%b	
2860	map	1	41	/QP0B.MAP@112118	おっとと。\n引き返してどうするんだ！？%b%h	
2861	map	1	26	/QP0B.MAP@112191	行くのは、反対方向だな。%b	
2862	map	1	89	/QP0B.MAP@112250	・・・うーん、\nここを行くと、\n外にもどれちゃうんですねぇ。\nそうですか、外にねぇ・・・%b%h	
2863	map	1	86	/QP0B.MAP@112372	・・・勝手に帰ると、\nみなさんにおこられそうなので、\n私もまじめにさがすとしましょう。%b	
2864	map	1	64	/QP0B.MAP@112491	・・・っとと。\nいま来たばっかなのに、\n帰ってどうするんだい。%b%h	
2865	map	1	41	/QP0B.MAP@112588	用があるのは、\nこっちの方向じゃないよ。%b	
2866	map	4	41	/QP0B.MAP@112662	・・・・・・？\n（↑まよっているらしい）%b	
2867	map	1	65	/QP0B.MAP@112735	彼はおそらく１階にいるハズだ。\n階段があるのはこっちじゃないよ。%b	
2868	map	1	52	/QP0B.MAP@112832	おっとと。\n階段は東の方にあるって\n言ってたっけな。%b	
2869	map	1	49	/QP0B.MAP@112916	１階にあがるんでしょ？\n階段はこっちじゃないわ。%b	
2870	map	1	37	/QP0B.MAP@112997	なんと！\n城の中で迷子になるとは！%b%h	
2871	map	1	43	/QP0B.MAP@113066	上へのぼる階段は、\nもっと東の方でしたな。%b	
2872	map	1	70	/QP0B.MAP@113199	えーと・・・\n階段をのぼるんだったよね。\nだったら、こっちじゃないや。%b	
2873	map	1	57	/QP0B.MAP@113301	おっと。\n階段は東の方だって、\n%s0のヤツが言ってたよな。%b	
2874	map	1	101	/QP0B.MAP@113390	おっとっと。\nこっちじゃなかったっけ。%b%hえーと、たしか・・・\n東の方に行けば\n階段があるんだったな。%b	
2875	map	1	80	/QP0B.MAP@113524	みなさんといっしょに\n階段へ向かった方がいいでしょう。\nこっちは方向ちがいです。%b	
2876	map	1	41	/QP0B.MAP@113637	階段は・・・\nこっちじゃないみたいだね。%b	
2877	map	1	60	/QP0B.MAP@113784	・・・ん？\n気のせいかな、\n上の方がさわがしいような・・・。%b	
2878	map	1	55	/QP0B.MAP@113876	なんか、上の方がさわがしいな。\nまさか、あいつ・・・！%b	
2879	map	1	56	/QP0B.MAP@113963	・・・・・・？\n上の方がさわがしいわね。\nまさか・・・！%b	
2880	map	1	58	/QP0B.MAP@114051	・・・む。\n上の階で何やら起きている様子。\n気をつけねば。%b	
2881	map	1	39	/QP0B.MAP@114141	上がさわがしいな。\n何かやらかしたな。%b	
2882	map	1	55	/QP0B.MAP@114212	なんか、上の方がさわがしいよ。\nわ～い！\n%s6も行く～！%b	
2883	map	1	59	/QP0B.MAP@114299	なんか、上の方がさわがしいな。\nさてはあいつ、ドジったな。%b	
2884	map	1	39	/QP0B.MAP@114390	上の階がさわがしいな。\nまさか・・・！%b	
2885	map	1	51	/QP0B.MAP@114462	・・・うーん、\n上の方がさわがしいようですねぇ。%b%h	
2886	map	1	45	/QP0B.MAP@114546	これはひょっとすると、\nひょっとしますねぇ。%b	
2887	map	1	64	/QP0B.MAP@114624	なんか、\n上の方がさわがしくないかい？\nまさか、あいつが・・・！%b	
2888	map	1	37	/QP0B.MAP@114897	まったく、\nムチャをしてくれるぜ。%b%h	
2889	map	1	32	/QP0B.MAP@114966	・・・で、あいつはどこだ！？%b%h	
2890	map	1	70	/QP0B.MAP@115030	ここら辺はヤケに静かだぜ。\nもう、\n上の階にあがったんじゃねぇのか！？%b	
2891	map	1	64	/QP0B.MAP@115132	それなら、このすぐ東に階段がある。早く見つけだして止めないと！%b	
2892	map	1	51	/QP0C.MAP@112061	・・・ゴホッゴホッ・・・\nほかのみんなは・・・？%b%h	
2893	map	1	36	/QP0C.MAP@112144	みんなは、ぶじ出られたんだろうか？%b	
2894	map	1	43	/QP0C.MAP@112212	この扉の向こうに\n階段があるんだろうな？%b%h	
2895	map	1	45	/QP0C.MAP@112287	ちくしょう、\n早くしないと毒が全身に・・・！%b	
2896	map	1	59	/QP0C.MAP@112364	・・・はぁっ・・・はぁっ、\nもうっ、階段はすぐそこなのに！%b	
2897	map	1	57	/QP0C.MAP@112455	・・・ぼ、ぼっちゃま、\nぼっちゃまは、ごぶじで・・・！？%b	
2898	map	1	16	/QP0C.MAP@112544	階段はどこだ？%b	
2899	map	1	39	/QP0C.MAP@112592	え～ん！\nこんなトコ、早く出たいよー！%b	
2900	map	1	33	/QP0C.MAP@112663	ちっ、\n階段はどこにあるんだ！？%b	
2901	map	1	59	/QP0C.MAP@112728	ほっほっ、ほっ・・・\nこの空気はわしにはちとキツイのう。%b%h	
2902	map	1	43	/QP0C.MAP@112819	は、早いとこ、\n外に出たいもんじゃ・・・。%b	
2903	map	1	45	/QP0C.MAP@112894	うぐぅっ・・・\nこのキリはこたえるな・・・%b%h	
2904	map	1	30	/QP0C.MAP@112971	階段は・・・まだかよ・・・。%b	
2905	map	1	28	/QP0C.MAP@113034	・・・げほっげほっ・・・%b%h	
2906	map	1	43	/QP0C.MAP@113095	ちきしょう、\nこんな所で死んでたまっかよ！%b	
2907	map	1	28	/QP0C.MAP@113171	・・・はぁはぁはぁ・・・%b%h	
2908	map	1	37	/QP0C.MAP@113232	階段は・・・\n階段は、まだなのかい？%b	
2909	map	1	51	/QP0C.MAP@113302	・・・・・・・・・。\n（↑かなりバテているらしい）%b	
2910	map	1	16	/QP0C.MAP@113422	し、しまった！%b	
2911	map	1	23	/QP0C.MAP@113470	ちっ。\n待ちぶせかよ！%b	
2912	map	1	73	/QP0C.MAP@113530	おーほほほほっ、\nその方らのあさはかなたくらみなど、すべてよんでおるわ。%b	
2913	map	1	37	/QP0C.MAP@113635	アヤヒメ！\nお前、生きていたのか！？%b	
2914	map	1	45	/QP0C.MAP@113709	ほほほほほっ、\n何をおどろく必要があろう？%b%h	
2915	map	1	54	/QP0C.MAP@113791	わらわがあのていどのかすりキズで、死ぬと思うたか。%b%h	
2916	map	1	53	/QP0C.MAP@113882	その方らには、\nたっぷりとお返しをしてやらねばの。%b%h	
2917	map	1	42	/QP0C.MAP@113972	死の恐怖をその身で味わうがよいわ。そら！%b	
2918	map	1	48	/QP0C.MAP@114046	うっ！\nな、なんだ、\nこのキリのようなものは！？%b	
2919	map	1	39	/QP0C.MAP@114126	こ、これは・・・っ！\n毒のキリだっ！%b%h	
2920	map	1	60	/QP0C.MAP@114197	みんな、気をつけろ！\nうっかりすいこむと、\n命とりになるぞ！%b	
2921	map	1	69	/QP0C.MAP@114289	け、けど・・・\nゴホッゴホッ！\nこんなの、\nいつまでもたえられないよ！%b	
2922	map	1	41	/QP0C.MAP@114390	ああ、\nとっとと上にあがるしかねぇな。%b%h	
2923	map	1	51	/QP0C.MAP@114463	この階を出さえすれば、\nだいじょうぶにちがいない。%b	
2924	map	1	43	/QP0C.MAP@114546	それにしても・・・\nゴホッゴホッゴホッ！%b%h	
2925	map	1	36	/QP0C.MAP@114621	自分たちの仲間をおいていくなんて！%b	
2926	map	1	28	/QP0C.MAP@114689	それがあいつのやり方だ。%b%h	
2927	map	1	76	/QP0C.MAP@114749	オレたちも\n他人の心配をしてるヒマはないぜ。\n早いとこ、階段を見つけるんだ！%b	
2928	map	1	29	/QP1B.MAP@108748	すまない。\n後はまかせたぜ。%b	
2929	map	1	66	/QP1B.MAP@108809	追っ手が来るとまずい。\nなんとかして、\n敵の兵を退けておかないと！%b	
2930	map	1	84	/QP1B.MAP@108907	いま、下におりるのはまずいな。\nここにいる敵だけでも、\nおさえこんでおくべきだろう。%b	
2931	map	1	26	/QP1B.MAP@109023	ダメよ、まだ帰れないわ！%b	
2932	map	1	57	/QP1B.MAP@109081	せめて、ここにいる敵だけでも\nたおしておかないと・・・。%b	
2933	map	1	64	/QP1B.MAP@109170	どうやら、\n後ろから来る敵が\nすなおに帰らせてはくれんようじゃ。%b	
2934	map	1	49	/QP1B.MAP@109266	まだ決着はついてないな。\n下に下りる必要はない。%b	
2935	map	1	21	/QP1B.MAP@109347	わ～い！\n帰ろ帰ろ！%b	
2936	map	1	45	/QP1B.MAP@109400	・・・って、\nまだ帰っちゃいけないんだっけ？%b	
2937	map	1	39	/QP1B.MAP@109477	おっとっと、\nまだ敵がいるみたいだぜ。%b	
2938	map	1	37	/QP1B.MAP@109548	ついでだ、\nもう少しあばれていくか！%b	
2939	map	1	57	/QP1B.MAP@109617	引き返してどうするんだ！？\nまだ決着はついてねぇんだぜ。%b	
2940	map	1	58	/QP1B.MAP@109707	・・・うーん、\n勝手に下りちゃうのは\nまずいでしょうねぇ。%b	
2941	map	1	28	/QP1B.MAP@109798	もう少しここにいましょう。%b	
2942	map	1	68	/QP1B.MAP@109859	・・・っとと。\nまだ引き返すのは早いよ。\nやるコトやっとかないとね。%b	
2943	map	1	24	/QP1B.MAP@110042	た、たすかった・・・？%b	
2944	map	1	31	/QP1B.MAP@110098	よし、\nここはひとまず退こう。%b	
2945	map	1	59	/QP1B.MAP@110161	もう敵は出てこないみたいね。\nいまのうちに城を出ましょう！%b	
2946	map	1	41	/QP1B.MAP@110252	そろそろ、\n引きあげた方がよろしかろう。%b	
2947	map	1	41	/QP1B.MAP@110325	ナイトバードどの、\nついて来てくだされ。%b	
2948	map	1	47	/QP1B.MAP@110398	もう、いいだろう。\nあいつを連れて城を出るぞ。%b	
2949	map	1	21	/QP1B.MAP@110477	あれ？\nもう終わり？%b	
2950	map	1	35	/QP1B.MAP@110530	なぁんだ、つまんない。\n帰ろ帰ろ。%b	
2951	map	1	49	/QP1B.MAP@110597	もういいかげん、\n引き上げてもいいんじゃねぇか？%b	
2952	map	1	30	/QP1B.MAP@110678	あいつも待ってるだろうしよ。%b	
2953	map	1	22	/QP1B.MAP@110740	そろそろ後退するか。%b	
2954	map	1	37	/QP1B.MAP@110794	これ以上、\n敵が出てくると困るしな。%b	
2955	map	1	53	/QP1B.MAP@110864	・・・うーん、どうやら\nいまが引き時のようですねぇ。%b	
2956	map	1	30	/QP1B.MAP@110950	さっさと城を出ちゃいますか。%b	
2957	map	1	43	/QP1B.MAP@111013	もう、いいんじゃないかい？\n引きあげるよ！%b	
2958	map	1	57	/QP1B.MAP@111229	ちっ、オレとしたことが、\nとんだドジをふんじまったぜ！%b%h	
2959	map	1	41	/QP1B.MAP@111327	ここはいったん、\n退くしかないか・・・！%b	
2960	map	1	31	/QP1B.MAP@111401	ん？\nなんだ、キサマらは！？%b%h	
2961	map	1	113	/QP1B.MAP@111465	さては、キサマらも賊の仲間だなっ！\nちょうど良い、\nまとめて引っとらえてくれる！%b%h%H%m1%V100［%m0兵士%m1］%V0%m0\n	
2962	map	1	41	/QP1B.MAP@111579	この城内から、\nぶじに出られると思うな！%b	
2963	map	1	76	/QP1B.MAP@111652	・・・おい、\nどうやら、ナイトバードのヤツは\nさらにこの奥にいるみたいだぜ。%b	
2964	map	1	18	/QP1B.MAP@111760	そうみたいだね。%b	
2965	map	1	57	/QP1B.MAP@111810	急いで彼と合流して、\n安全な場所まで逃がしてあげなきゃ。%b	
2966	map	1	85	/QP1B.MAP@111899	ついでに、\n逃げ道をつくるためにも\n辺りの敵はみんな、\nたたき伏せておいた方がいいな。%b	
2967	map	1	12	/QP1B.MAP@112016	行こうぜ。%b	
2968	map	1	51	/QP1C.MAP@109485	じょうだんじゃない！\nもう、あんな所はまっぴらだ。%b	
2969	map	1	64	/QP1C.MAP@109568	おっと。\n毒のキリの中へ戻るとこだったぜ。\nあぶねぇ、あぶねぇ。%b	
2970	map	1	57	/QP1C.MAP@109664	下りてどうすんのよ！？\nさっき逃げて来たばかりじゃない！%b	
2971	map	1	49	/QP1C.MAP@109753	いかんいかん！\n下へもどっては大変なことになる。%b	
2972	map	1	39	/QP1C.MAP@109834	下へ下りる必要はないな。\n引き返そう。%b	
2973	map	1	37	/QP1C.MAP@109905	うぇ～、\nもうもどりたくないよぉ～。%b	
2974	map	1	52	/QP1C.MAP@109974	おっとっと。\nもう行きたかないぜ、\nあんなトコへは。%b	
2975	map	1	54	/QP1C.MAP@110058	ほっほっほっ、\n進むべき道は、\nこちらではなかったの。%b	
2976	map	1	47	/QP1C.MAP@110144	こっちじゃねぇ。\n上へ行く階段をさがすんだろ？%b	
2977	map	1	54	/QP1C.MAP@110224	おい・・・\nまたもどるってのかぁ？\nオレは行かねぇぜ。%b	
2978	map	1	41	/QP1C.MAP@110311	あんな所へは、\n２度ともどりたくないね。%b	
2979	map	1	41	/QP1C.MAP@110385	ウーーーッ！\n（↑いやがっているらしい）%b	
2980	map	1	57	/QP1C.MAP@110463	・・・ゴホッゴホッゴホッ！\nふぅ、た、たすかった・・・。%b	
2981	map	1	37	/QP1C.MAP@110552	・・・ったく、\nムチャしてくれるぜ！%b	
2982	map	1	32	/QP1C.MAP@110621	あぶないところだったわ・・・。%b	
2983	map	1	52	/QP1C.MAP@110685	なんと！\n城の中で\nこのような手口を使うとは・・・！%b	
2984	map	1	43	/QP1C.MAP@110769	一息ついている場合ではない。\n先を急ぐぞ。%b	
2985	map	1	31	/QP1C.MAP@110844	ふぇ～ん、\n苦しかったよぉ～！%b	
2986	map	1	39	/QP1C.MAP@110907	あいかわらず、\nやってくれるぜ・・・。%b	
2987	map	1	49	/QP1C.MAP@110978	ほっほっほっ、\nなんとか生きておるようじゃのう。%b	
2988	map	1	66	/QP1C.MAP@111059	くっそー、アヤヒメのヤツ！\n自分だけ、\nどっか行っちまいやがって！%b	
2989	map	1	48	/QP1C.MAP@111158	けっ、\nオレはこんなコトで\nくたばりはしないぜ！%b	
2990	map	1	37	/QP1C.MAP@111239	早く\nゲンユウサイの所に行かなきゃ！%b	
2991	map	1	41	/QP1C.MAP@111309	ウホッウホッ！\n（↑おこっているらしい）%b	
2992	map	1	67	/QP1C.MAP@111440	どうやら、ゲンユウサイを倒すまで\nここから出ることはムリなようだ。%b	
2993	map	1	46	/QP1C.MAP@111539	くっ、\nオレたちをここから\n出さないつもりか！%b	
2994	map	1	45	/QP1C.MAP@111617	どのみち、\nこのまま帰るつもりはないけどね。%b	
2995	map	1	48	/QP1C.MAP@111694	なんと、\nかような所にまで\n細工をしているとは！%b	
2996	map	1	49	/QP1C.MAP@111774	ここから外に出るのは、\nヤツを倒してからでいい。%b	
2997	map	1	39	/QP1C.MAP@111855	なぁんだ、開かないのか・・・\nちぇっ。%b	
2998	map	1	37	/QP1C.MAP@111926	へっ、\nそんなコトだろうと思ったよ。%b	
2999	map	1	35	/QP1C.MAP@111995	ほっほっほっ、\nしかたがないのう。%b	
3000	map	1	28	/QP1C.MAP@112062	ちっ、いいかげんにしろよ！%b	
3001	map	1	39	/QP1C.MAP@112123	ま、\n外に出るのは後回しってことだな。%b	
3002	map	1	45	/QP1C.MAP@112195	カンタンには\n外に出してくれそうにないねぇ。%b	
3003	map	1	4	/QP1C.MAP@159410	tぇ｢	
3004	map	2	59	/QP2C.MAP@122715	・・・こっ、このわしが・・・\n・・・やぶれるとはっ・・・！%b	
3005	map	1	53	/QP2C.MAP@122815	・・・ジュウザよ・・・\n・・・わかっておろうな・・・%b	
3006	map	1	41	/QP2C.MAP@122909	・・・後は・・・\n・・・ぐぁぁぁぁぁっ！%b	
3007	map	2	28	/QP2C.MAP@122987	・・・ゲンユウサイ様・・・%b	
3008	map	1	26	/QP2C.MAP@123052	後のことは、おまかせを。%b	
3009	map	1	61	/QP2C.MAP@123215	・・・もうしわけございません、\n・・・ゲンユウサイ様・・・。%b	
3010	map	1	43	/QP2C.MAP@123313	・・・さきに・・・\n・・・まいります・・・%b	
3011	map	1	35	/QP2C.MAP@123397	・・・ふん、\n・・・まぁ、よい。%b%h	
3012	map	1	37	/QP2C.MAP@123473	せいぜい、\n準備を進めておくのだな。%b	
3013	map	1	51	/QP2C.MAP@123551	・・・・・・さて、\nつづきをはじめようではないか。%b	
3014	map	1	49	/QP2C.MAP@123643	キサマらの真の目的は、\nこのわしの命であろうが。%b	
3015	map	1	18	/QP2C.MAP@123729	ぐわぁぁぁっ！！%b	
3016	map	1	39	/QP2C.MAP@123828	とうとう、\nここまで来たわよ・・・！%b%h	
3017	map	1	37	/QP2C.MAP@123899	この城は、\nあけわたしてもらうわよ！%b	
3018	map	1	35	/QP2C.MAP@123968	いよいよ\nここまでまいりましたぞ。%b	
3019	map	1	37	/QP2C.MAP@124035	弓を持つ手に、\nふるえがはしるわい。%b	
3020	map	1	34	/QP2C.MAP@124104	・・・とっとと始めさせてもらう。%b	
3021	map	1	59	/QP2C.MAP@124170	フ～ンだ！\nほめてもらってもうれしくないもん、当然だもん！%b	
3022	map	1	60	/QP2C.MAP@124261	そうやって、\nデカイ口たたいてられんのも、\nいまのうちだぜ。%b	
3023	map	1	79	/QP2C.MAP@124353	ほっほっほっ、\nとうとう、\nここまで付き合わされるハメに\nなってしまったわい。%b%h	
3024	map	1	39	/QP2C.MAP@124464	これも、\n運命というやつかのう・・・。%b	
3025	map	1	26	/QP2C.MAP@124535	お前がゲンユウサイか。%b%h	
3026	map	1	47	/QP2C.MAP@124593	祖国にかわって、\nオレがさばきを加えてやるぜ！%b	
3027	map	1	56	/QP2C.MAP@124673	・・・ったく、\n真っ向から\nやり合うことになるとはな。%b%h	
3028	map	1	72	/QP2C.MAP@124762	だが、いい機会だ。\nお前さんの力のすべて、\nそっくり盗ませてもらうぜっ。%b	
3029	map	1	45	/QP2C.MAP@124867	どうやら、\nあいつはいないようだね・・・。%b%h	
3030	map	1	43	/QP2C.MAP@124945	まぁいい、\n後でゆっくり問いつめてやるさ。%b	
3031	map	2	16	/QP2C.MAP@125109	・・・来たか。%b	
3032	map	2	70	/QP2C.MAP@125166	何度くりかえそうと同じこと！\nおとなしく\n身を引いておればよいものを！%b	
3033	map	2	50	/QP2C.MAP@125273	どうやら、\n逃げ出したわけでは\nなかったようだな。%b	
3034	map	2	35	/QP2C.MAP@125360	まだ勝負はついておらぬ。\nゆくぞ！%b	
3035	map	1	16	/QP2C.MAP@125769	来たか・・・。%b	
3036	map	1	22	/QP2C.MAP@125826	くっくっくっ・・・%b%h	
3037	map	1	46	/QP2C.MAP@125889	まずは、\nここまで来れたことを\nほめてやろう。%b	
3038	map	1	16	/QP2C.MAP@125967	師匠っ・・・！%b	
3039	map	1	22	/QP2C.MAP@126015	ゲンユウサイ・・・！%b	
3040	map	1	41	/QP2C.MAP@126078	おろかな・・・。\nまわりを見るがよい。%b%h	
3041	map	1	62	/QP2C.MAP@126160	これだけの兵を退け、\nジュウザとこのわしを\n討つとほざくか！%b%h	
3042	map	1	64	/QP2C.MAP@126263	笑止！\nキサマらの未熟さを、\nとくとその身に味あわせてくれる！%b%h	
3043	map	1	20	/QP2C.MAP@126368	ものども、かかれ！%b	
3044	map	1	53	/QP2D.MAP@121041	そのとおりです、王子。\nまだ決着はついておりません！%b	
3045	map	1	62	/QP2D.MAP@121126	お前は、宰相ロクセリオ！\nぶじだったんだな、\nよかった・・・。%b	
3046	map	1	95	/QP2D.MAP@121220	牢にとじこめられたときや、\n%s11を助けにきたときなど、\nいろいろと世話になったね。\n礼を言うよ。%b	
3047	map	1	38	/QP2D.MAP@121354	と、とんでもございません、\n%s0王子！%b	
3048	map	1	76	/QP2D.MAP@121431	わ、私も機会あらば、\nつねに逃げだすことを\n第一に考えていたのですが・・・。%b	
3049	map	1	82	/QP2D.MAP@121546	それもかなわず、\nしかたなくゲンユウサイの命令に\nしたがっていたまででございます。%b	
3050	map	1	112	/QP2D.MAP@121667	つらい日々でしたが、\n%s0王子がゲンユウサイ軍と\n戦っていらっしゃることを聞いて、\nなにかのお役に立てればと・・・%b	
3051	map	1	99	/QP2D.MAP@121811	あー・・・そのー、なんだ、\nつもる話もあるだろうが\nちょいとその前に、\n聞かせてもらいたいんだがよ。%b	
3052	map	1	89	/QP2D.MAP@121942	あんた・・・\nロクセリオとか言ったっけな。\nずっとゲンユウサイといっしょに\nいたんだよな？%b	
3053	map	1	95	/QP2D.MAP@122063	ゲンユウサイのねらいはなんだ！？\nそれに、\n『まだ決着がついていない』\nとは、一体どういう・・・%b	
3054	map	1	46	/QP2D.MAP@122197	おお、%s1どの、\nよくぞ聞いてくださいました！%b	
3055	map	1	86	/QP2D.MAP@122282	そのとおりなのです。\n先ほど、あなた方に倒されたのは、\nゲンユウサイのぬけガラ・・・。%b	
3056	map	1	61	/QP2D.MAP@122407	本体とも言うべき精神体は、\nもはやこの世界には存在しません。%b	
3057	map	1	51	/QP2D.MAP@122500	この世界にはって・・・\nじゃあ、いったいどこに！？%b	
3058	map	1	80	/QP2D.MAP@122590	『カカルクラン思想』\nとよばれる伝承が、禁書の中に\n見受けられることがあります。%b	
3059	map	1	111	/QP2D.MAP@122709	カカルクランとは、\nこの世界と並行して存在しつつ、\nなおかつ、けっしてたがいに\nまじりあうことのない世界・・・。%b	
3060	map	1	118	/QP2D.MAP@122859	これに目をつけたゲンユウサイは、\n二つの世界を手中に収めることにより完全なるこの世の支配を\nもくろんだのでございます。%b	
3061	map	1	16	/QP2D.MAP@123009	完全なる・・・%b	
3062	map	1	22	/QP2D.MAP@123057	この世の支配・・・。%b	
3063	map	1	80	/QP2D.MAP@123118	そして、ゲンユウサイが\nまず、この国へ攻め入ったのも\nぐうぜんではございません。%b	
3064	map	1	113	/QP2D.MAP@123237	各地にある水晶を\nご覧になったことと思いますが、\nあれがカカルクランへの扉を開く\nカギとなっていたのでございます。%b	
3065	map	1	111	/QP2D.MAP@123389	ただ、湖の底にある水晶だけは\n女王様によって封印がほどこされ、\nゲンユウサイの思いどおりには\nなりませんでした。%b	
3066	map	1	84	/QP2D.MAP@123539	そこであやつは東方の秘術を用い、\nただ１人、封印をとくことのできる\n女王様を・・・。%b	
3067	map	1	21	/QP2D.MAP@123655	待て！\nじゃあ・・・%b	
3068	map	1	28	/QP2D.MAP@123708	じゃあ、母上はすでに・・・%b	
3069	map	1	62	/QP2D.MAP@123775	はい・・・・・・。\n私も、\nはらわたのさける思いでした・・・。%b	
3070	map	1	20	/QP2D.MAP@123869	そ、そんな・・・！%b	
3071	map	1	22	/QP2D.MAP@123921	やった・・・・・・%b%h	
3072	map	1	45	/QP2D.MAP@123975	ゲンユウサイをたおした・・・！\nついに・・・%b	
3073	map	1	41	/QP2D.MAP@124052	ホントかよ・・・、\nなんか信じらんねぇ。%b	
3074	map	1	25	/QP2D.MAP@124125	どういうことだ、%s1！？%b	
3075	map	1	52	/QP2D.MAP@124182	なんかよ、\nなんて言うか・・・\nあっけなさすぎるぜ。%b	
3076	map	1	158	/QP2D.MAP@124235	%H%m1［%m0ゲンユウサイ%m1］%m0\n・・・くっくっくっ、%b%h%H%m1［%m0ゲンユウサイ%m1］%m0\nもうおそい。\nいかなる手を用いようと、\nわしの野望をはばむことはできん。%b	
3077	map	1	14	/QP2D.MAP@124425	この声は！？%b	
3078	map	1	18	/QP2D.MAP@124471	ゲンユウサイ！？%b	
3079	map	1	68	/QP2D.MAP@124521	ゲンユウサイ！！\nボクたちは、\nどこまでだってお前を追っていくぞ！%b%h	
3080	map	1	47	/QP2D.MAP@124621	そしてかならず、\nこの世界を守りぬいてみせる！%b	
3081	map	1	150	/QP2D.MAP@124669	%H%m1［%m0ゲンユウサイ%m1］%m0\n・・・くっくっくっ、\nおもしろい。%b%H%m1［%m0ゲンユウサイ%m1］%m0\nキサマらの力で何ができるか、\nとくと見せてもらおう。%b	
3082	map	1	38	/QP2D.MAP@124851	待て！\nゲンユウサイ！\nお前は・・・%b%h	
3083	map	1	26	/QP2D.MAP@124921	お前は、いったい・・・！%b	
3084	map	1	51	/QW00.MAP@134289	何をグズグズしておる！\nザコ相手に手こずりおって。%b	
3085	map	1	46	/QW00.MAP@134381	よい！\nワシがこの手で\n引導をわたしてくれる！%b	
3086	map	1	37	/QW00.MAP@134459	ゲンユウサイ様！？\nな、なにを・・・%b	
3087	map	1	54	/QW00.MAP@134537	くくく、動くなよ。\nねらいがハズれるやも\nしれんでな。%b	
3088	map	1	29	/QW00.MAP@134623	ゲンユウサイ！\nさせるかっ！%b	
3089	map	1	16	/QW00.MAP@134693	逃げ失せたか。%b	
3090	map	2	35	/QW00.MAP@134710	%H%m1%V100［%m0コゲンタ%m1］%V0%m0\n	
3091	map	1	61	/QW00.MAP@134746	あとの処理はおまかせを。%b%H%m1%V100［%m0ジゲンタ%m1］%V0%m0\n	
3092	map	1	74	/QW00.MAP@134808	さっそく、\n追っ手をさしむけましょう。%b%H%m1%V100［%m0サゲンタ%m1］%V0%m0\n	
3093	map	1	39	/QW00.MAP@134883	なに、\nこの森から出させはしませんよ。%b	
3094	map	1	29	/QW00.MAP@135021	なにっ！？\nどういうことだ！%b	
3095	map	1	64	/QW00.MAP@135091	キサマの母とやらは、\nみずから進んで\nわしに協力を申し出たのだ。%b	
3096	map	1	68	/QW00.MAP@135196	わしの悲願達成のために、\n国土と民草のすべてを\nさし出すと言ってな。%b	
3097	map	1	54	/QW00.MAP@135296	ウソだ！\n母上が・・・\n母上がそんなことを言うものか！%b	
3098	map	1	44	/QW00.MAP@135382	ゲンユウサイ、\n剣をとれ！\n１対１の勝負だ！%b	
3099	map	1	77	/QW00.MAP@135467	あいにくと、\nいまは急いでおるのでな。\nキサマらの相手はこやつらに\nまかせる。%b	
3100	map	1	72	/QW00.MAP@135581	おまかせください、\nゲンユウサイ様！%b%H%m1%V100［%m0忍者戦士%m1］%V0%m0\n	
3101	map	1	43	/QW00.MAP@135654	ヤツらを１歩も近づけさせは\nいたしません！%b	
3102	map	1	59	/QW00.MAP@135729	ヤツらの首、\nこの%s1めが\n必ずしとめてご覧にいれましょう。%b	
3103	map	1	55	/QW00.MAP@135821	%s1！\nあいつらみんな、\nやっつけちゃえばいいんでしょ？%b	
3104	map	1	24	/QW00.MAP@135908	%s6、\nがんばるからね！%b	
3105	map	1	39	/QW00.MAP@135965	名をあげるチャンスじゃねぇか、\n大将。%b	
3106	map	1	53	/QW00.MAP@136036	せいぜいアイツの前で\nいいカッコ、見せておくこった。%b	
3107	map	1	39	/QW00.MAP@136121	相手が４人だからといって\n気をぬくな！%b	
3108	map	1	106	/QW00.MAP@136192	ゲンユウサイ様をお守りするのが\nオレたちの目的だ。\n%s7の言葉じゃないが、\nぶざまなかっこうは見せられんぞ！%b	
3109	map	1	43	/QW00.MAP@136330	くっ・・・！\n思っていたより、数が多いな。%b	
3110	map	1	71	/QW00.MAP@136405	だけど、\nねらいはあくまでも\nゲンユウサイの首だけだ！\nいくぞ、みんな！%b	
3111	map	1	45	/QW00.MAP@136527	キサマらか。\nこのわしにたてつくやからは！？%b	
3112	map	1	74	/QW00.MAP@136605	そうだ！\nおぼえているか、ゲンユウサイ！？%b%H%m1%V100［%m0王子%m1］%V0%m0\n	
3113	map	1	89	/QW00.MAP@136680	１年前、\nお前の卑劣なワナによって、\nこのクィーンズランド女王国を\n追われた王子のことを！%b	
3114	map	1	39	/QW00.MAP@136801	城をのっとったばかりか、\n母上に・・・%b	
3115	map	1	78	/QW00.MAP@136872	いや、この国の女王にまで\nおかしな術を用いて、\n思いのままにあやつろうとした！%b	
3116	map	1	57	/QW00.MAP@136982	許さないぞ、ゲンユウサイ！\nここでかならず、お前を倒す！%b	
3117	map	1	52	/QW00.MAP@137072	%s0の言うとおりよ！%b%H%m1%V100［%m0僧侶%m1］%V0%m0\n	
3118	map	1	85	/QW00.MAP@137125	お前は、\n美しいこの大地ばかりか、\n女王様のおやさしいお心までも\n汚してしまったのよ！%b	
3119	map	1	18	/QW00.MAP@137242	ゲンユウサイ！！%b	
3120	map	1	33	/QW00.MAP@137292	おのれの深き所業を\n悔いなさい！%b	
3121	map	1	57	/QW00.MAP@137360	ぼっちゃま！\n%s2どの！%b%H%m1%V100［%m0老騎士%m1］%V0%m0\n	
3122	map	1	49	/QW00.MAP@137418	相手は東方の魔人、\nものの道理など通じませぬぞ！%b	
3123	map	1	22	/QW00.MAP@137499	ここが正念場ですな。%b	
3124	map	1	77	/QW00.MAP@137553	このじい、\nぼっちゃまへの\n最後のご奉公となろうとも、\n悔いはいたしませぬぞ！%b	
3125	map	1	58	/QW00.MAP@137669	みな、\n気をぬくな。%b%H%m1%V100［%m0獣面の戦士%m1］%V0%m0\n	
3126	map	1	47	/QW00.MAP@137728	数は少ないが、\n一騎当千の手練がそろっている。%b	
3127	map	1	49	/QW00.MAP@137807	ここで終わりにしたいものだな、\nゲンユウサイよ。%b	
3128	map	1	58	/QW00.MAP@137897	くっくっくっ、\nみな、\nなかなかに言ってくれるではないか。%b	
3129	map	1	49	/QW00.MAP@137996	だが、事実とは少しばかり\nちがっておるようだな。%b	
3130	map	1	3	/QW00.MAP@285801	ﾀげ	
3131	map	1	62	/QW10.MAP@112936	くっくっくっ。\nこのあたりにアミをはっておいて\n正解だったな。%b	
3132	map	1	35	/QW10.MAP@112999	%H%m1%V100［%m0ジゲンタ%m1］%V0%m0\n	
3133	map	1	51	/QW10.MAP@113035	わざわざ、そのアミに飛び込んできて\nくれるとはな。%b	
3134	map	1	35	/QW10.MAP@113087	%H%m1%V100［%m0サゲンタ%m1］%V0%m0\n	
3135	map	1	102	/QW10.MAP@113123	ともあれ、ゲンユウサイ様のご命令だ。\n城までついてきてもらおうか。%b%H%m1%V100［%m0サゲンタ%m1］%V0%m0\n	
3136	map	1	73	/QW10.MAP@113226	・・・もっともその前に、少しばかり\nいたい目をみてもらうことになるがな。%b	
3137	map	1	33	/QW10.MAP@113336	よし。\nもう少しで森をぬけるぞ。%b	
3138	map	1	43	/QW10.MAP@113461	ふぅ。\nどうやら、このまま逃げきれそうね。%b	
3139	map	1	62	/QW10.MAP@113536	ぼっちゃま、\nもうしばらく進めば、\n街道と合流するハズですぞ。%b	
3140	map	1	57	/QW10.MAP@113630	このまま、なにごともなく\n街道へ出られればいいが・・・。%b	
3141	map	1	27	/QW10.MAP@113688	%H%m1［%m0コゲンタ%m1］%m0\n	
3142	map	1	86	/QW10.MAP@113716	ぬぅぅっ・・・\n我々のカンペキな包囲網がやぶられるとは！%b%h%H%m1［%m0コゲンタ%m1］%m0\n	
3143	map	1	36	/QW10.MAP@113803	だが、このまま逃げきれると思うな！%b	
3144	map	1	68	/QW10.MAP@113882	わからん。\nこう森が深くては・・・。%b%H%m1%V100［%m0兵士%m1］%V0%m0\n	
3145	map	1	41	/QW10.MAP@113951	くそっ、\nヤツら、どこへ逃げやがった！？%b	
3146	map	2	10	/QW10.MAP@114024	来たか。%b	
3147	map	1	60	/QW10.MAP@114066	まずいな・・・\nこのままだと、\n道を完全にふさがれてしまう。%b	
3148	map	1	55	/QW10.MAP@114158	早く、この森をぬけよう。\n強行突破になるが仕方がない。%b	
3149	map	1	33	/QW10.MAP@114245	待て！\nオレはまだなんとも・・・%b	
3150	map	1	45	/QW10.MAP@114310	いいから、だまって私たちに\nついてきなさい！%b	
3151	map	1	47	/QW10.MAP@114387	ぼっちゃま！\n西から、兵が迫ってきております。%b	
3152	map	1	34	/QW10.MAP@114466	はさみうちにあうと、危険ですぞ。%b	
3153	map	1	12	/QW10.MAP@114532	わかった。%b	
3154	map	1	70	/QW10.MAP@114576	いいか、みんな。\n敵の兵に追いつかれないよう、\n一気に北へ向かうんだ！%b	
3155	map	1	20	/QW10.MAP@114678	・・・んん・・・%b%h	
3156	map	1	22	/QW10.MAP@114730	・・・ここは・・・？%b	
3157	map	1	32	/QW10.MAP@114784	どうやら気がついたようだね。%b%h	
3158	map	1	35	/QW10.MAP@114899	状況が分かるかい？\n自分のことは？%b	
3159	map	1	16	/QW10.MAP@114966	オレは・・・%b%h	
3160	map	1	19	/QW10.MAP@115014	オレは%s1・・・%b%h	
3161	map	1	62	/QW10.MAP@115065	ゲンユウサイ様にたてつくヤツらを\n%V-4迎えうつため・・・%V0%b%h	
3162	map	1	26	/QW10.MAP@115159	・・・お、お、お前ら！%b%h	
3163	map	1	57	/QW10.MAP@115217	どうしてオレがこんな所に！\nゲンユウサイ様はっ・・・！？%b	
3164	map	1	49	/QW10.MAP@115306	落ち着きなさいよ。\n状況を説明するから聞いて。%b%h	
3165	map	1	55	/QW10.MAP@115387	私たち４人とあなたは、\nゲンユウサイの術で倒れたの。%b%h	
3166	map	1	69	/QW10.MAP@115474	でも、こっちにいる%s5が\n私たちを安全な所まで\n運んできてくれたのよ。%b	
3167	map	1	55	/QW10.MAP@115575	オレたちの目的はヤツ一人だ。\n余計な血は流したくない。%b	
3168	map	1	21	/QW10.MAP@115662	%s5の言う通りだ。%b%h	
3169	map	1	47	/QW10.MAP@115715	それより、\nこれからのコトなんだけど・・・。%b%h	
3170	map	1	49	/QW10.MAP@115794	とりあえずこの場で\nジッとしているのはまずい。%b%h	
3171	map	1	84	/QW10.MAP@115875	ボクたちが逃げたことに気付いて、\nすでに追っ手が迫ってきているかも\n知れないしね。%b%h	
3172	map	1	49	/QW10.MAP@115991	・・・それで、\nキミもいっしょに来てほしいんだ。%b	
3173	map	1	16	/QW10.MAP@116072	オレがぁ！？%b%h	
3174	map	1	37	/QW10.MAP@116120	オレは敵だぞ！\nどうしてオレが・・・%b	
3175	map	1	47	/QW10.MAP@116189	あなた、\nまだ状況が分かってないんじゃない？%b%h	
3176	map	1	82	/QW10.MAP@116268	ゲンユウサイは\n味方のあなたまで攻撃したのよ？\nそんなヤツの所に戻る必要がある？%b%h	
3177	map	1	53	/QW10.MAP@116382	それにあなたは一応、\n私たちのホリョなんだからね。%b%h	
3178	map	1	43	/QW10.MAP@116467	・・・それとも、\n私たちとここで一戦やる？%b	
3179	map	1	27	/QW10.MAP@116542	・・・%s6がいれば・・・%b%h	
3180	map	1	40	/QW10.MAP@116601	そうだ、\n%s6はどうした？\nそれに%s7は？%b	
3181	map	1	9	/QW10.MAP@116673	%s6？%b%h	
3182	map	1	47	/QW10.MAP@116714	ああ、あなたの横にくっついてた\nデーモンね。%b%h	
3183	map	1	31	/QW10.MAP@116793	さぁ・・・\n私は見てないけど。%b	
3184	map	1	48	/QW10.MAP@116856	デーモンじゃねぇ！\n%s6と%s7は\n大切な仲間だ。%b%h	
3185	map	1	28	/QW10.MAP@116936	・・なぁ、誰か知らないか？%b	
3186	map	1	28	/QW10.MAP@116997	おーい、そっちはどうだ！？%b	
3187	map	1	18	/QW10.MAP@117067	・・・ん・・・%b%h	
3188	map	1	18	/QW10.MAP@117117	・・・んん・・・%b	
3189	map	1	37	/QW10.MAP@117167	おい、大丈夫か？\nしっかりするんだ。%b	
3190	map	1	32	/QW10.MAP@117236	ダメよ、%s0。\nまだ動かしちゃ。%b	
3191	map	1	35	/QW20.MAP@107197	そやつらを\n牢に放りこんでおけ。%b%h	
3192	map	1	22	/QW20.MAP@107269	・・・引き上げるぞ。%b	
3193	map	1	41	/QW20.MAP@107292	%H%m1%V100［%m0忍者%m1］%V0%m0\nはっ！！%b	
3194	map	2	12	/QW20.MAP@107380	来たか。%b%h	
3195	map	2	62	/QW20.MAP@107429	我が名はジュウザ。\nゲンユウサイ軍の\n幹部をつとめる者の一人。%b	
3196	map	1	14	/QW20.MAP@107523	幹部・・・？%b	
3197	map	1	61	/QW20.MAP@107574	お前たちを捕えよとの命令が、\nゲンユウサイ様より出ておる。%b%h	
3198	map	1	19	/QW20.MAP@107672	リーダーはお前か？\n	
3199	map	1	26	/QW20.MAP@107723	・・・だったらどうする？%b	
3200	map	1	32	/QW20.MAP@107786	死んでもらうまでのこと・・・%b%h	
3201	map	1	63	/QW20.MAP@107855	・・・と言いたいところだが、\n生かしたまま補えよとの仰せだ。%b%h	
3202	map	1	34	/QW20.MAP@107955	力ずくでも城まで同行してもらう。%b	
3203	map	1	18	/QW20.MAP@108068	ジュウザ様っ！！%b	
3204	map	1	28	/QW20.MAP@108123	%s1よ、\n失望させられたぞ。%b	
3205	map	1	28	/QW20.MAP@108183	違います、これは・・・っ！%b	
3206	map	1	55	/QW20.MAP@108248	真相がどうあれ、\nお前たちの捕獲命令が出ているのだ。%b%h	
3207	map	1	59	/QW20.MAP@108340	%s1よ、\nお前も戦士なら、\n私に勝って身の証を立ててみせよ。%b	
3208	map	1	14	/QW20.MAP@108436	知り合いか？%b	
3209	map	1	16	/QW20.MAP@108482	・・・師匠だ。%b	
3210	map	1	19	/QW20.MAP@108530	・・・・・・%s1！%b	
3211	map	1	51	/QW20.MAP@108581	死にたくなかったら、\nお前も死んだ気になって戦え！%b	
3212	map	1	10	/QW20.MAP@108669	いくぞ！%b	
3213	map	1	40	/QW20.MAP@108864	いま、お前たちの捕獲命令が出ておる。%b%h	
3214	map	1	84	/QW20.MAP@108941	抵抗するもしないも自由だが、\n苦しい思いをする前に降参するのが\n利口だと言えるな。%b%h	
3215	map	1	10	/QW20.MAP@109062	行くぞ！%b	
3216	map	1	373	/RB00.MAP@152075	t%v100ふるさとコルベ\n \n「森がアブナイ！？」\n数日前、村の南西に広がる森に出かけた家族が、\n行方不明になるという事件が発生しました。\n現在、捜索隊による調査が進められておりますが、\nまだ連絡は入っておりません。%b%a謎の巨人探索ツアー参加者募集：\n太古の遺跡を守るという巨人を\nあなたも見てみませんか？\n古代のロマンあふれるひとときをあなたに。\n \n　　くわしくは、コルベツアーまで。%b	
3217	map	1	346	/RB00.MAP@152452	%v100ふるさとコルベ\n \n「ゲンユウサイの陰謀！？」\n数日前、南西の森でおきた行方不明で\n新たにゲンユウサイ軍との関係が\n取り沙汰されております。\n詳しいことが判明しだいお知らせします。%b%a謎の巨人探索ツアー参加者募集：\n太古の遺跡を守るという巨人を\nあなたも見てみませんか？\n古代のロマンあふれるひとときをあなたに。\n \n　　くわしくは、コルベツアーまで。%b	
3218	map	1	391	/RB00.MAP@152800	%v100ふるさとコルベ\n \n「ゲンユウサイの陰謀！？」\n南西の森でおきた行方不明事件は、\n依然として真相が判明いたしておりません。\n詳しいことが判明しだいお知らせします。%b%a「忘却の森」探索ツアー参加者募集：\n「忘却の森」にたびたび現れるという\n不思議な幻をあなたも見に行きませんか？\n命の危険はありません。\n強力なボディガードが\nあなたを神秘の世界にご案内します。\n \n　　くわしくは、コルベツアーまで。%b	
3219	map	1	409	/RB00.MAP@153192	%v100ふるさとコルベ\n \n「ゲンユウサイ敗れる！？」\nついに、ゲンユウサイの一党が先日、クイーンズランドの王子一行によって倒されました。\nこれで行方不明者が出なくなることと思われます。%b%a「忘却の森」探索ツアー参加者募集：\n「忘却の森」にたびたび現れるという\n不思議な幻をあなたも見に行きませんか？\n命の危険はありません。強力ボディガード付きで\nあなたを神秘の世界にご案内します。\n \n　　くわしくは、コルベツアーまで。%b	
3220	map	1	378	/RB00.MAP@153604	%v100ふるさとコルベ\n \n「通称決定！　“幽玄の森”」\n行方不明者が後をたたない『幽玄の森』ですが、\n先日またもや１人の男性が行方不明となりました。\nその男性はマントをはおり、\n魔導士のカッコウをしていたということです。%b%a探索ツアー休止のお知らせ：\n現在、新種のモンスターが出現し、\n外出の危険性が増しているため、残念ながら\n全てのツアーを休止させていただいております。\n \nコルベツアー%b	
3221	map	1	43	/RB00.MAP@154059	 ん、何んだい。この私の話を聞きたいのかい。	
3222	map	1	32	/RB00.MAP@154104	まだ、聞きたいことがあるのかい？	
3223	map	1	164	/RB00.MAP@154228	むかし、\n東方からゲンユウサイと名乗る魔将軍が現れて、\nリグロードを制圧しようとした時、\n１２人の勇者が現れて魔人を倒したそうだよ。\n今回も現われてくれないものかね。%b	
3224	map	1	115	/RB00.MAP@154396	伝説通り、\n魔将軍ゲンユウサイは１２人の勇者によって\n倒されたそうじゃないか。\nほんと、伝説もあなどれないもんだね。%b	
3225	map	1	203	/RB00.MAP@154512	十数年前におこった、「魔導戦役」で\nリグロード制圧を志した大魔導士の師弟が\n最期に立てこもったのが、\nこの村の南の方にあるムルティブの塔だそうだよ。%b%aおかげで、\n今でも化物が徘徊する\n危険な場所なんだよ。%b	
3226	map	1	246	/RB00.MAP@154716	「魔導戦役」で倒されたはずの大魔導士が\n生きているんじゃないかってウワサが出ているよ。\nほら、ゲンユウサイの幹部の中に\nラミューレってのがいたそうじゃないか。%b%aその名前が、大魔導士の弟子と同じだというのは、\n偶然にしてはできすぎだと思わないかい。%b	
3227	map	1	183	/RB00.MAP@154964	南の森の名前は「忘却の森」というんだけど。\nこの森で、あのゲンユウサイと\nクイーンズランドの宰相を見たって話を聞いたよ。%b%a本当かどうかは知らないけど、\nあんまり信じられない話だわね。%b	
3228	map	1	194	/RB00.MAP@155148	人から聞いた話だけどね、\n「忘却の森」にそれは大きくて\n不思議な水晶があるんだそうだよ。\nそして、その水晶に\n異世界の光景が映る事があって、\nその世界には奇怪なモンスター達が\n住んでいるんだってさ。%b	
3229	map	1	108	/RB00.MAP@155344	「忘却の森」にいるモンスターの様子が、\nおかしいみたいだわね。\nゲンユウサイが倒されたことと関係あるのかね？%b	
3230	map	1	108	/RB00.MAP@155456	「忘却の森」に水晶の幻で見たような\nモンスター達が現れたらしいじゃないか。\nいったい何が起こっているのかね？%b	
3231	map	1	100	/RB00.MAP@155568	最近、国境を越える時に、\n山賊なんかが襲ってくるらしいよ。\nあんたたちも十分に気を付けた方がいいよ。%b	
3232	map	1	51	/RB00.MAP@155727	(いらっしゃいませぇ。\nどういったご要件でしょうか？\n	
3233	map	1	36	/RB00.MAP@156475	ﾄいらっしゃい。\n何か聞きたそうだね。	
3234	map	1	8	/RB00.MAP@156608	サモサ島	
3235	map	1	210	/RB00.MAP@156664	この話は知っているかい？%b%aこの村の南の方に\nムルティブの塔ってのがあるんだけど、\nなんでも伝説の魔導士てのが\n住み始めたらしいんだよ。%b%aあんな化物のでる塔によく住めたもんだよ。\nやっぱり変わりものなのかねぇ。%b	
3236	map	1	70	/RB00.MAP@156876	おや！\nもしかして伝説の魔導士さんじゃないかい？\nすごいお仲間だねぇ。%b	
3237	map	1	105	/RB00.MAP@156948	おや！\n伝説の魔導士さんに巨人さんまでいるのかい。\nすごいねぇ、\nゲンユウサイにも勝てるんじゃないのかい。%b	
3238	map	1	98	/RB00.MAP@157056	おや？\nそこにいるのは雲海の賢者さんと、\nお見受けするけど、とするとこれはもう最強のメンバーだね。%b	
3239	map	1	337	/RB00.MAP@157156	いつのころか分からないほど\n昔からある遺跡らしいけどね。\n恐ろしいモンスターが住みついてて\n危険なんだそうだ。%b%a入った人によると、\nかなり下に向って続いてるらしいんだけど、\nモンスターに勝てそうになかったから\nあきらめたそうだ。%b%aそれにね、\nこの遺跡の周囲で\nよく巨人を目にしたっていうウワサが立ってるね。\n何か関係があるのかも知れないね。%b	
3240	map	1	119	/RB00.MAP@157496	北東の方向にサモサって名前の島があるんだ。\n魔境と呼ばれていて、\nあの島に入って生きて帰ってきたものは\nいないらしいね。%b	
3241	map	1	158	/RB00.MAP@157616	西にあるクイーンズランド国のことかい。\n何か大変なことになっているらしいね。\nゲンユウサイがこの国にも\n何かして来るんじゃないかと、\nみんな心配しているんだよ。%b	
3242	map	1	115	/RB00.MAP@157776	ゲンユウサイが倒れた後も、\nクイーンズランドは大変らしいね。\nウワサでは、\nゲンユウサイの呪いじゃないかって話だよ。%b	
3243	map	1	140	/RB00.MAP@157892	南西にあるミディ国のことかい。\n海賊があばれまわっていて、\n大きな被害が出てるらしいね。\nまあ、死んだ人がいないのが、\n唯一の救いだと思うよ。%b	
3244	map	1	135	/RB00.MAP@158036	南西にあるミディ国のことだね。\n最近、海賊はおとなしくなって、\n町の防衛まで手伝ってるそうじゃないか。\nどういう気の変わりようだろうね。%b	
3245	map	1	33	/RB00.MAP@158227	Xよう、らっしゃい。\n何にするね？\n	
3246	map	1	35	/RB00.MAP@158787	ｬへい、らっしゃい。\nどんな用だね？\n	
3247	map	1	20	/RI00.MAP@148696	やれやれ・・・。%b%h	
3248	map	1	56	/RI00.MAP@148748	とんだ宝さがしに\nつきあわされるハメに\nなっちまったぜ。%b	
3249	map	1	66	/RI00.MAP@148836	%s10さんの話だと、\nとても大切な\n魔法のアイテムみたいだからね。%b%h	
3250	map	1	53	/RI00.MAP@148934	かなり奥の方までさがさなきゃ\nダメなんじゃないかな。%b	
3251	map	1	57	/RI00.MAP@149020	ウッホウッホウッホホホーッ！\n（↑よろこんでいるらしい）%b	
3252	map	1	89	/RI00.MAP@149109	・・・わ、わかった、\nもどってこれて\nうれしいのはわかったから、\nもう少ししずかに・・・%b%h	
3253	map	1	98	/RI00.MAP@149230	・・・ったく、\nもうアイツの言ってた\n魔法のアイテムは見つけたってのになんで来ちまったんだろうな。%b	
3254	map	1	43	/RI00.MAP@149360	他に行くべきところが\nありそうなもんだぜ。%b	
3255	map	1	62	/RI10.MAP@133617	ゲンユウサイの５幹部、\nつまりは、\nアヤヒメの仲間ってワケか！%b	
3256	map	1	77	/RI10.MAP@133711	いくらあの巨人だって、\nそんなの相手じゃ\nみすみす\n死にに行くようなもんだぜ。%b	
3257	map	1	35	/RI10.MAP@133820	なんとしても、\nやめさせなきゃな！%b	
3258	map	1	80	/RI10.MAP@133888	どうやらあちらのお方も、\n宝の番人であるあの巨人に\n手をやいているようですねぇ。%b	
3259	map	1	77	/RI10.MAP@134001	・・・しかし・・・\n番人がじかに\nオーブをもってたりしたら\nどうするんですか！%b	
3260	map	1	54	/RI10.MAP@134111	『ガルマンオーブ』に\nキズでもつけられては\n困ります！%b	
3261	map	1	97	/RI10.MAP@134198	・・・ここはひとつ、\n彼を助けるフリをよそおって、\n仲良くなっておいた方が\nいいかも知れませんね。%b	
3262	map	1	53	/RI10.MAP@134328	ゲンユウサイの部下ふぜいが\nでしゃばってんじゃねぇ！%b	
3263	map	1	43	/RI10.MAP@134414	こりゃあ、\n巨人の方に加勢するしかねぇな。%b	
3264	map	1	53	/RI10.MAP@134490	オレが行くからにゃあ、\n何が会っても殺させやしねぇ！%b	
3265	map	1	32	/RI10.MAP@134576	ゲンユウサイの手の者・・・！？%b	
3266	map	1	39	/RI10.MAP@134641	・・・なんだ。\nあの男じゃないのかい。%b	
3267	map	1	68	/RI10.MAP@134713	だけど、このまま放っておくと\nあっちの巨人が\n殺されちまいそうだね。%b	
3268	map	1	26	/RI10.MAP@134814	いっちょ、やってやるか！%b	
3269	map	1	64	/RI10.MAP@134872	ゲンユウサイの手下！？\nもうひとりの巨人は・・・\nだれだろう！？%b	
3270	map	1	52	/RI10.MAP@134968	ともかく、\n急げば彼を見殺しにしなくて\nすむはずだ！%b	
3271	map	1	62	/RI10.MAP@135052	あれは・・・！\nゲンユウサイの５幹部の１人、\n怪僧ラーギニ！？%b	
3272	map	1	26	/RI10.MAP@135146	ヤツがどうしてここに！？%b	
3273	map	1	58	/RI10.MAP@135204	なんにしろ、\nこのままじゃあ\n相手のヤツが殺されてしまう！%b	
3274	map	1	42	/RI10.MAP@135294	それだけは、\nなんとしても\n食い止めねば！%b	
3275	map	1	24	/RI10.MAP@135368	５幹部の１人ですって？%b	
3276	map	1	56	/RI10.MAP@135424	いけない！\nこのままじゃ、\n相手の巨人が殺されちゃうわ！%b	
3277	map	1	28	/RI10.MAP@135512	急げばなんとかなるはずよ！%b	
3278	map	1	58	/RI10.MAP@135572	なんと！\nかような所に\nゲンユウサイの手の者がおるとは！？%b	
3279	map	1	73	/RI10.MAP@135662	どなたかは存じませぬが、\nこのわしが\nなんとしてでも\nお救いいたしますぞ！%b	
3280	map	1	30	/RI10.MAP@135767	ヤツはゲンユウサイの部下か。%b	
3281	map	1	66	/RI10.MAP@135829	急がねば、\nあの巨人の命、あぶないな。\n・・・さて、間に合うか！？%b	
3282	map	1	22	/RI10.MAP@135927	ねーねー、みんなー！%b	
3283	map	1	68	/RI10.MAP@135981	ほら、下で戦ってる人！\nあれ、ゲンユウサイと\n仲よしだったヤツだよ！%b	
3284	map	1	50	/RI10.MAP@136081	このままじゃ\nあの大っきな人、\n殺されちゃうよー！%b	
3285	map	1	55	/RI10.MAP@136163	よぉーっし！\n%s6、はりきって\n助けに行っちゃうもんね！%b	
3286	map	1	28	/RI10.MAP@136250	あいつ・・・ラーギニか！？%b	
3287	map	1	62	/RI10.MAP@136310	まちがいない、\nゲンユウサイの５幹部の１人、\n怪僧ラーギニだ！%b	
3288	map	1	48	/RI10.MAP@136404	このままじゃ、\n相手のヤローが\n殺られちまうな。%b	
3289	map	1	37	/RI10.MAP@136484	しようがねぇ、\n助けに行ってやるか。%b	
3290	map	1	24	/RI10.MAP@136554	ウホッウホッウホホッ！%b	
3291	map	1	52	/RI10.MAP@136615	えーい、\nさっきから好き勝手に\nわめきちらしおって！%b	
3292	map	1	33	/RI10.MAP@136704	命がおしくば、\nわしの話を聞け！%b	
3293	map	1	85	/RI10.MAP@136774	・・・よいか、\nわしはゲンユウサイ様に\nお仕えする５幹部の１人、\n怪僧ラーギニである！%b	
3294	map	1	62	/RI10.MAP@136896	主の命によりて、\nこの奥にねむるという宝を\nもらい受けに来た。%b	
3295	map	1	41	/RI10.MAP@136995	すなおにわたせばよし、\nさもなくば・・・%b	
3296	map	1	74	/RI10.MAP@137069	ウホッウホッウホホッ！\nウホッウホッウホホッ！\nウホッウホッウホホホホッ！%b	
3297	map	1	39	/RI10.MAP@137180	うぬぅぅぅ、\nラチがあかんではないか！%b	
3298	map	1	107	/RI10.MAP@137256	そもそも、このようなやからに\nゲンユウサイ様の気高いお考えを\n説いて聞かせるというのが\nムリな話であったか。%b	
3299	map	1	70	/RI10.MAP@137400	やい、そこな巨人！\nこのわしにたてついたこと、\n後悔させてくれようぞ！%b	
3300	map	3	43	/RI10.MAP@137513	ウッホウッホ！\n（↑よろこんでいるらしい）%b	
3301	map	1	47	/RI10.MAP@137625	ゲンユウサイの幹部を放って、\n先には行けない！%b	
3302	map	1	47	/RI10.MAP@137704	ラーギニのヤツを\nほっとくワケにもいかねぇな。%b	
3303	map	1	41	/RI10.MAP@137783	ダメよ！\n先にあいつをどうにかしないと。%b	
3304	map	1	58	/RI10.MAP@137856	むぅ・・・。\nこの状況で\nどこへ行こうとしておったのか。%b%h	
3305	map	1	37	/RI10.MAP@137946	戦いはまだ、\n終わっておらなんだな。%b	
3306	map	1	62	/RI10.MAP@138015	まずヤツをたおすことだ。\n先へ進むのは、\nそれからでよかろう。%b	
3307	map	1	40	/RI10.MAP@138109	ねーねー、\n%s6、先に行ってもいい！？%b%h	
3308	map	1	30	/RI10.MAP@138243	・・・・・・やっぱ、ダメか。%b	
3309	map	1	45	/RI10.MAP@138305	オレひとり先に行っても\nしようがねぇしな。%b%h	
3310	map	1	28	/RI10.MAP@138382	もうちょい、待ってみるか。%b	
3311	map	1	55	/RI10.MAP@138442	まだ戦いは終わっていないのに、\nどこ行こうってんだ！？%b	
3312	map	1	56	/RI10.MAP@138530	うーん・・・\n私は早く\nこの奥へ行きたいんですがねぇ。%b%h	
3313	map	1	57	/RI10.MAP@138619	ひとりで行くというのも、\nうしろめたいような気が・・・。%b	
3314	map	1	64	/RI10.MAP@138709	ボケ魔導士がほしがってるモノって、売りゃいくらになるのかな？%b%h	
3315	map	1	67	/RI10.MAP@138806	なんならオレひとり先に行って、\nさっさとトンズラこく手も・・・。%b%h	
3316	map	1	53	/RI10.MAP@138906	・・・・・・・・・むぅぅ。\nここは、考えどころだな。%b	
3317	map	1	63	/RI10.MAP@138992	あいつをなんとかするまで、\n先へ進むのは、おあずけのようだね。%b	
3318	map	1	54	/RI1B.MAP@133259	これから、\n彼のことは%s13、\nって呼ぶことにしよう。%b%h	
3319	map	1	56	/RI1B.MAP@133345	それじゃあ、\nもう少し奥まで\nこの遺跡を調べてみようか。%b	
3320	map	1	37	/RI1B.MAP@133519	・・・ふぅ。\nしぶといヤツだったな。%b	
3321	map	1	47	/RI1B.MAP@133588	ゲンユウサイの幹部・・・か。\n大きなカベだね。%b	
3322	map	1	20	/RI1B.MAP@133668	あのー、みなさん。%b	
3323	map	1	65	/RI1B.MAP@133721	一息ついてらっしゃるところ、\nまことに申しワケないんですが・・・%b	
3324	map	1	53	/RI1B.MAP@133819	私のさがしモノが、\nまだ見つかってないんですけども。%b	
3325	map	1	113	/RI1B.MAP@133905	どうやらそちらの巨人の方が\n宝の番をなさってるようですけど、\nじかにお持ちになってるようでも\nありませんし・・・。%b	
3326	map	1	22	/RI1B.MAP@134050	そ、そうでしたね。%b%h	
3327	map	1	51	/RI1B.MAP@134104	うっかり、ホントの目的を\nわすれるところでした。%b%h	
3328	map	1	43	/RI1B.MAP@134187	じゃ、じゃあみんな、\nもっと奥の方を・・・%b	
3329	map	1	43	/RI1B.MAP@134392	・・・・・・・・・。\nなんだ、いまのは！？%b	
3330	map	1	32	/RI1B.MAP@134467	『なんだ』って、何が・・・？%b%h	
3331	map	1	51	/RI1B.MAP@134531	彼とはさっきまで、\nいっしょに戦ってたじゃないか。%b	
3332	map	1	18	/RI1B.MAP@134614	そうじゃねぇ！%b%h	
3333	map	1	64	/RI1B.MAP@134664	なんで、こいつが\nオレたちといっしょにいるのかって\n聞いてんだ！%b	
3334	map	1	22	/RI1B.MAP@134760	さぁ・・・・・・。%b%h	
3335	map	1	26	/RI1B.MAP@134814	どうして、ついて来るの？%b	
3336	map	1	53	/RI1B.MAP@134954	・・・いっしょに行きたい\nってコトなんじゃないかな？%b	
3337	map	1	24	/RI1B.MAP@135039	ウソくせぇな・・・。%b%h	
3338	map	1	40	/RI1B.MAP@135095	じゃあ、%s0、\n逆の言い方をしてみろよ。%b	
3339	map	1	24	/RI1B.MAP@135167	逆って、えーと・・・%b%h	
3340	map	1	43	/RI1B.MAP@135223	やっぱり、\nついて来ないでほしいんだけど？%b	
3341	map	2	51	/RI1B.MAP@135299	・・・・・・・・・。\n（↑がっかりしているらしい）%b	
3342	map	1	56	/RI1B.MAP@135382	ほらね！\nやっぱり、ボクらといっしょに\n行きたいんだよ！%b	
3343	map	1	35	/RI1B.MAP@135470	もう、オレ知らね。\n好きにしろ。%b%h	
3344	map	1	55	/RI1B.MAP@135537	しっかし、こんな調子で\n仲間集めになるのかねぇ・・・。%b	
3345	map	1	41	/RI1B.MAP@135662	ガルマンオーブってのを\n見つけたんだろ？%b	
3346	map	1	54	/RI1B.MAP@135736	だったら、\nもうこれ以上しらべても\nしようがねぇだろ？%b	
3347	map	1	41	/RI1B.MAP@135823	なんでまた、\nこんな所に用があるんだい？%b	
3348	map	1	35	/RI1B.MAP@135897	やることは\nみんなやっちまったよ。%b	
3349	map	1	49	/RI1B.MAP@135964	ほっほっほっ、\nこのような所に用はないじゃろう。%b	
3350	map	1	53	/RI1B.MAP@136046	・・・・・・・・・。\n（↑奥へは行きたくないらしい）%b	
3351	map	1	44	/RI1B.MAP@136131	もう、\nこれ以上しらべても\nしかたがないよ。%b	
3352	map	1	60	/RI1B.MAP@136207	わざわざ\nそんな奥の方まで行く必要は\nもうないんじゃないか？%b	
3353	map	1	62	/RI1B.MAP@136299	これ以上\nこの遺跡をしらべても\nしかたがないんじゃないかしら？%b	
3354	map	1	46	/RI1B.MAP@136393	これ以上\n奥に進んでも\nしかたがありませんな。%b	
3355	map	1	66	/RI1B.MAP@136471	目的は果たした。\nこのような所で\n時間をつぶしている場合ではない。%b	
3356	map	1	46	/RI1B.MAP@136569	もう宝さがしは\n終わったんだよね？\n帰ろ帰ろ。%b	
3357	map	1	43	/RI1B.MAP@136647	もう奥へ行く必要なんて\nないんじゃねぇか？%b	
3358	map	1	58	/RI1B.MAP@136722	これ以上しらべてたって\nしかたがないだろう。\n引き返そう。%b	
3359	map	1	50	/RI1B.MAP@136813	あのー・・・\n私の用件は\nもう終わっていますから。%b	
3360	map	1	41	/RI1B.MAP@136896	今度はあなた方の\n目的を果たす番ですよ。%b	
3361	map	1	59	/RI20.MAP@86768	このあたりの宝箱に、\nさがしものがあるといいんだけどな。%b%h	
3362	map	1	30	/RI20.MAP@86859	とりあえず全部開けてみよう。%b	
3363	map	1	20	/RI20.MAP@86921	ガルマンオーブ？%b%h	
3364	map	1	58	/RI20.MAP@86973	もしかして、これが\n%s10さんの言ってた\nさがしモノかな？%b%h	
3365	map	1	49	/RI20.MAP@87063	だとしたら、\nこれで用件はすんだことになるな。%b%h	
3366	map	1	43	/RI20.MAP@87144	よし、みんなを集めて\n早々にここを出よう！%b	
3367	map	1	70	/RI20.MAP@87219	これだけ宝箱がありゃ、\n魔法のアイテムの１つぐらい\n入ってるだろう。%b%h	
3368	map	1	35	/RI20.MAP@87321	どれ、\n景気よく全部開けてみるか。%b	
3369	map	1	57	/RI20.MAP@87388	ガルマンオーブだってぇ？\nこれが%s10が言ってたモノか？%b%h	
3370	map	1	62	/RI20.MAP@87477	だったら、\nもうここに用はねぇな。\nさっさと外に出るとするか。%b	
3371	map	1	30	/RI20.MAP@87571	いっぱい宝箱があるわねぇ。%b%h	
3372	map	1	52	/RI20.MAP@87633	この中に、\n%s10さんのさがしものは\nあるのかしら？%b%h	
3373	map	1	36	/RI20.MAP@87717	３つとも開けちゃっていいのかしら？%b	
3374	map	1	26	/RI20.MAP@87785	ガルマンオーブ・・・？%b%h	
3375	map	1	58	/RI20.MAP@87843	%s10さんが言ってた\nさがしモノって、\nこれのことかしら？%b%h	
3376	map	1	43	/RI20.MAP@87933	じゃあ、\nもう外に出ちゃってもいいわよね。%b	
3377	map	1	27	/RI20.MAP@88008	なんと！\n宝箱が３つも！%b%h	
3378	map	1	82	/RI20.MAP@88067	こういった場合、\nえてして中心に重要なモノが\n入っていることが多いのじゃが・・・%b%h	
3379	map	1	49	/RI20.MAP@88181	べつにはじから開けていっても\nかまわんじゃろう。%b	
3380	map	1	55	/RI20.MAP@88262	ガルマンオーブとは、\nはて聞きなれん品じゃが・・・。%b%h	
3381	map	1	52	/RI20.MAP@88349	これが、\n%s10どののさがしていた\nアイテムじゃな。%b%h	
3382	map	1	66	/RI20.MAP@88433	しかし、こんなモノが\nいったい何の役に立つと\nいうのであろうか。%b%h	
3383	map	1	41	/RI20.MAP@88531	外に出たときにでも、\nたずねてみねばな。%b	
3384	map	1	58	/RI20.MAP@88604	宝箱が３つか・・・。\nどれ、\n中をあらためさせてもらおう。%b	
3385	map	1	76	/RI20.MAP@88694	ガルマンオーブ・・・か。\nどうやら、これを手に入れておけば\nいいようだな。%b%h	
3386	map	1	54	/RI20.MAP@88802	くわしいコトは、\n外に出てからでも\nヤツに聞けばいい。%b	
3387	map	1	72	/RI20.MAP@88888	うっわーい！！\nねーねー、みんな見てー！\n宝箱がいーっぱいあるよぉ！！%b%h	
3388	map	1	59	/RI20.MAP@88992	これみんな、開けちゃっていいの？\nわーいわーいわーい！！%b%h	
3389	map	1	16	/RI20.MAP@89083	そぉーれっ！！%b	
3390	map	1	77	/RI20.MAP@89131	ガルマンオーブだってぇ！\nうわーい！\nなんか、\nスッゴイの見つけちゃったよ！%b%h	
3391	map	1	64	/RI20.MAP@89240	ねーねー、\nコレでいいんでしょー！？\nだれか、ほめてほめてー！%b%h	
3392	map	1	37	/RI20.MAP@89336	じゃあ、\nもう帰っちゃっていいよね？%b	
3393	map	1	57	/RI20.MAP@89405	このあたりの宝箱に、\nさがしものがあるといいが・・・。%b%h	
3394	map	1	30	/RI20.MAP@89494	とりあえず全部開けてみるか。%b	
3395	map	1	57	/RI20.MAP@89556	ガルマンオーブ・・・これか？\n%s10がさがしてたヤツは。%b%h	
3396	map	1	41	/RI20.MAP@89645	やれやれ、\nこれでやっと外に出られるぜ。%b	
3397	map	1	30	/RI20.MAP@89718	お？　宝箱が３つもあるな。%b%h	
3398	map	1	30	/RI20.MAP@89780	どれどれ、全部開けてみるか。%b	
3399	map	1	32	/RI20.MAP@89842	ガルマンオーブって、なんだ？%b%h	
3400	map	1	47	/RI20.MAP@89906	これかな、\n魔導士がほしがってたアイテムは？%b%h	
3401	map	1	47	/RI20.MAP@89985	いったん外に出て、\nくわしい話を聞くとするか。%b	
3402	map	1	30	/RI20.MAP@90065	おお！　この宝箱は・・・！%b%h	
3403	map	1	45	/RI20.MAP@90128	ああ・・・\nいま、まさしく夢がかなうとき。%b%h	
3404	map	1	39	/RI20.MAP@90206	ひといきに\n開けてご覧にいれましょう！%b	
3405	map	1	72	/RI20.MAP@90278	ガルマンオーブ！！\nこれですよ、これ！\n私がさがしもとめていたモノは！%b%h	
3406	map	1	64	/RI20.MAP@90383	よかったよかった。\nそれでは、\nさっそく外に出るとしましょうか。%b	
3407	map	1	51	/RI20.MAP@90480	おおおおおおおっ！\nた、た、た、たからばこっ！！%b%h	
3408	map	1	60	/RI20.MAP@90564	し、しかも３つもっ！！\nくぅぅぅーっ、\nゾクゾクするぜっ！%b%h	
3409	map	1	50	/RI20.MAP@90657	いまこそ、\nオレのかくされた秘技を\n見せるとき！%b%h	
3410	map	1	78	/RI20.MAP@90740	これこそが、名づけて\n『超必殺技ここにある宝箱\n　みんな開けちゃうよ攻撃』だ！%b	
3411	map	1	64	/RI20.MAP@90851	ガルマンオーブだぁ？\nこれがクソ魔導士が言ってた\nアイテムか？%b%h	
3412	map	1	54	/RI20.MAP@90948	・・・ふん、\nたいした金めのモノでも\nなさそうだな。%b%h	
3413	map	1	47	/RI20.MAP@91035	ちっ、これじゃ売っても\nゼニにはならねぇな。%b%h	
3414	map	1	56	/RI20.MAP@91115	しようがねぇ。\n外に出たら、\nあいつにわたしてやるか。%b%h	
3415	map	1	66	/RI20.MAP@91204	・・・し、しかし、\nいまの超必殺技の多用は\n命をちぢめかねんな。%b%h	
3416	map	1	45	/RI20.MAP@91303	これからは、\nこの技は使わないようにするか。%b	
3417	map	1	62	/RI20.MAP@91381	・・・くっくっくっ。\nおたからが３つ・・・\n３つもある・・・%b%h	
3418	map	1	56	/RI20.MAP@91476	・・・くっくっくっ。\nさぁ、\nみんなみんな、カクゴおし！%b	
3419	map	1	57	/RI20.MAP@91565	ガルマンオーブ？\nこれをもって帰ればいいんだね、\nきっと。\n	
3420	map	1	56	/RI20.MAP@91655	・・・まったく、\nこんなモン、\n何に使うってんだろうね。%b	
3421	map	1	51	/RI20.MAP@91744	ウッホウッホウッホッ！\n（↑よろこんでいるらしい）%b	
3422	map	1	65	/RI20.MAP@91828	ウッホウッホウッホホホホホッ！\n（↑さらによろこんでいるらしい）%b	
3423	map	1	43	/RI20.MAP@91935	オレぁ、\nちょっとここで一休みしてるぜ。%b%h	
3424	map	1	43	/RI20.MAP@92010	ま、気が向いたら\nまたさがしてやっからな。%b	
3425	map	1	51	/RI20.MAP@92085	まだ、だれも\nさがしモノを見つけた様子はないな。%b%h	
3426	map	1	74	/RI20.MAP@92168	まさか、だまってこっそり\n持ちさろうなんてヤツは\nいないと思うが・・・。%b%h	
3427	map	1	45	/RI20.MAP@92274	もどってオレも\n東の奥の方とか調べてみるか。%b	
3428	map	1	28	/RI20.MAP@92352	・・・・・・・・・はぁ。%b%h	
3429	map	1	58	/RI20.MAP@92413	おっとっと、\n私がのんびりしている場合では\nありませんね。%b	
3430	map	1	45	/RI20.MAP@92504	だーーーーーーーっ！\nめんどくせーーーっ！%b%h	
3431	map	1	55	/RI20.MAP@92582	金めのモンなら、\nオレのハナがきくんだがなぁ・・・。%b%h	
3432	map	1	43	/RI20.MAP@92670	もうちょっくら、\nこの辺ウロついてみるか。%b	
3433	map	1	30	/RI20.MAP@92746	上・・・かねぇ、やっぱり？%b%h	
3434	map	1	72	/RI20.MAP@92809	でも、\nみんなこの辺をさがしてんだから、\nもうちょい付き合ってみるかね。%b	
3435	map	1	43	/RI20.MAP@92995	まだ、\nさがしものは見つかってないんだ。%b%h	
3436	map	1	22	/RI20.MAP@93070	ボクもさがさなきゃ。%b	
3437	map	1	41	/RI20.MAP@93124	やっぱり、\n別の所にあるんじゃ・・・？%b%h	
3438	map	1	47	/RI20.MAP@93197	でもまぁ、もちっとだけ\nこの辺を調べてみるか。%b	
3439	map	1	68	/RI20.MAP@93276	まだ、%s10さんがさがしてる\n魔法のアイテムは\n見つかってないのよ。%b%h	
3440	map	1	53	/RI20.MAP@93440	%s10どののさがしものが、\nまだ見つかっておらんな。%b%h	
3441	map	1	32	/RI20.MAP@93525	わしも、いっしょにさがさねば。%b	
3442	map	1	49	/RI20.MAP@93589	まだ目的ははたしておらん。\n最後までやりとげろ。%b	
3443	map	1	45	/RI20.MAP@93670	ねーねー、\nちがう所にあるんじゃないのぉ？%b%h	
3444	map	1	43	/RI20.MAP@93747	・・・ちぇっ、\nだぁれも聞いてくんないや。%b	
3445	map	1	66	/RI20.MAP@93885	ここまでに、\n%s10さんのさがしている\n魔法のアイテムはなかった。%b%h	
3446	map	1	39	/RI20.MAP@93983	あるとしたら、\nこの辺だと思うんだ。%b%h	
3447	map	1	51	/RI20.MAP@94054	みんなで手分けしてさがせば、\n見つけられるハズだ。%b	
3448	map	1	62	/RI20.MAP@94138	おねがいします・・・\n私の研究にとって、\n大切なものなんです。%b	
3449	map	1	74	/RSM9.MAP@164755	ウッホウッホウッホホホーッ！\n（↑あいかわらず\n　　よろこんでいるらしい）%b	
3450	map	1	34	/RSM9.MAP@164861	やっほー！\nやっほー！\nやっほー！%b	
3451	map	1	54	/RSM9.MAP@165035	ほっほっほっ、\nよいよい、\nみな、それぞれの人生じゃ。%b	
3452	map	1	73	/RSM9.MAP@165121	ではわしも、\nお前さんらを\nクィーンズランドにとどけたら\n帰るとするかの。%b	
3453	map	1	46	/RSM9.MAP@165318	ねぇねぇ、見て！\n%s13、\nまだ手をふってるよ。%b	
3454	map	1	25	/RSM9.MAP@165396	やっほー！\n元気でねー！%b	
3455	map	1	57	/RSM9.MAP@165454	ウッホウッホウッホーッ！\n（↑まだよろこんでいるらしい）%b	
3456	map	1	66	/RSM9.MAP@165543	あはは、\nここにもどってこれたのが\nよっぽど、うれしかったんだね。%b	
3457	map	1	39	/RSM9.MAP@165641	・・・あいつ、\nあれでよかったのかな。%b	
3458	map	1	35	/RSM9.MAP@165712	・・・・・・え？\n・・・どうして？%b	
3459	map	1	69	/RSM9.MAP@165779	考えてもみろ。\n何の目的もなく、\nこんな所で\n住みついていたと思うか？%b	
3460	map	1	81	/RSM9.MAP@165880	・・・あいつはこれからも\nああやって\nありもしない何かを守って\nくらしていくんだ。%b	
3461	map	1	37	/RSM9.MAP@165993	この穴の中で、\nたった１人で・・・。%b	
3462	map	1	18	/RSM9.MAP@166062	・・・・・・あ！%b	
3463	map	1	66	/RSM9.MAP@166112	じゃあ、もしかして、\n%s13はここで、\nあの『ガルマンオーブ』を！？%b	
3464	map	1	60	/RSM9.MAP@166210	なんじゃ、\n『ガルマンオーブ』は\nここにねむっておったのか。%b	
3465	map	1	10	/RSM9.MAP@166302	えっ！？%b	
3466	map	1	66	/RSM9.MAP@166344	ゲンユウサイの幹部の中に、\nラミューレというのが\nおったじゃろう。%b	
3467	map	1	46	/RSM9.MAP@166442	あやつとわしは、\nむかしからの\nくされ縁でな。%b	
3468	map	1	59	/RSM9.MAP@166520	ほんの十数年ばかり前にも\n一戦まじえたばかりだったんじゃ。%b	
3469	map	1	83	/RSM9.MAP@166611	そのとき、\n首尾よく、あやつの能力を\nオーブに封じたまでは\nよかったんじゃが・・・。%b	
3470	map	1	62	/RSM9.MAP@166726	面目ないことに、\n肝心な所でオーブともども\n始末しそこねてな。%b	
3471	map	1	62	/RSM9.MAP@166820	てっきり、\nあやつが持っておるとばかり\n思っておったが・・・。%b	
3472	map	1	56	/RSM9.MAP@166914	%s13は、\nそれをずっと\n守りつづけていてくれたんですね。%b	
3473	map	1	67	/RSM9.MAP@167002	そうとも知らないで\nボクたちは\n敵の手つだいを\nしてたなんて・・・。%b	
3474	map	1	35	/RSM9.MAP@167101	お前さんが\nくやむこともなかろう。%b	
3475	map	1	52	/RSM9.MAP@167168	結果的には、\nあやつをしとめることが\nできたんじゃ。%b	
3476	map	1	77	/RSM9.MAP@167252	・・・もっとも、\nあれは『カオス』の力が\nあだになったと\n言えなくもないがな。%b	
3477	map	1	41	/RSM9.MAP@167361	・・・え？\n・・・それは、どういう・・・%b	
3478	map	1	116	/RSSM.MAP@168153	%V100　　　　　　ロッサム　北西の国境\n%V0%V100［東］　　　コルベの村\n%V0%V100［西］　　　クィーンズランド女王国%b%V0	
3479	map	1	116	/RSSM.MAP@168270	%V100　　　　　　ロッサム　南西の国境\n%V0%V100［東］　　　ムルティブの塔　忘却の森\n%V0%V100［西］　　　ミディ国%b%V0	
3480	map	1	161	/RSSM.MAP@168387	%V100　　　　　　ロッサム　コルベの村\n%V0%V100［東］　　　コルベの村\n%V0%V100［西］　　　クィーンズランド女王国\n%V0%V100［南］　　　ムルティブの塔　忘却の森%b%V0	
3481	map	1	164	/RSSM.MAP@168549	%V100　　　　　　ロッサム　忘却の森\n%V0%V100［北］　　　コルベの村\n%V0%V100［東］　　　忘却の森\n%V0%V100［西］　　　ムルティブの塔\n%V0%V100［南］　　　ミディ国%b%V0	
3482	map	1	10	/RSSM.MAP@168832	コルベの村	
3483	map	1	64	/RSSM.MAP@168898	この塔だな、\n伝説の魔導士が住んでるって\nウワサになってるのは。%b	
3484	map	1	51	/RSSM.MAP@168994	そんなにすごいヤツなのか？\nその伝説の魔導士って。%b	
3485	map	1	34	/RSSM.MAP@169077	ボクはよく知らないけど・・・。%b%h	
3486	map	1	32	/RSSM.MAP@169143	%s2が\nそう言うんだから・・・。%b	
3487	map	1	28	/RSSM.MAP@169207	会ってみればわかるわよ。%b%h	
3488	map	1	20	/RSSM.MAP@169267	さぁ、行きましょ。%b	
3489	map	1	45	/RSSM.MAP@169319	なんだろう、この塔・・・。\nブキミだなぁ。%b%h	
3490	map	1	55	/RSSM.MAP@169396	でも、いまのボクたちには\n関係のないところだし・・・。%b	
3491	map	1	12	/RSSM.MAP@169483	待って！%b%h	
3492	map	1	70	/RSSM.MAP@169527	このロッサム国にある塔で、\nもしあのウワサが\n本当だとしたら・・・。%b%h	
3493	map	1	34	/RSSM.MAP@169629	前に聞いたことがあるのよ、私。%b%h	
3494	map	1	90	/RSSM.MAP@169695	古い書物なんかに名前が出てくる\n『伝説の魔導士』って人が、\nここに移り住んでるらしいって。%b	
3495	map	1	41	/RSSM.MAP@169817	なんだ、\nその『伝説の魔導士』って！？%b%h	
3496	map	1	45	/RSSM.MAP@169890	・・・それ、\nものすごくあやしくないか！？%b%h	
3497	map	1	47	/RSSM.MAP@169967	だいたい、なんで\n伝説の人間が生きてんだよ！？%b	
3498	map	1	31	/RSSM.MAP@170046	知らないわよ、\nそんなコト。%b%h	
3499	map	1	68	/RSSM.MAP@170109	だけど一説じゃ、\nその魔導士は\n人の生死に関する魔法をきわめ・・・%b%h	
3500	map	1	60	/RSSM.MAP@170209	あまつさえ、\n不死の肉体を手に入れたとも\n言われているわ。%b%h	
3501	map	1	47	/RSSM.MAP@170301	なんにしろ、\n会ってみてソンはないと思うわ。%b%h	
3502	map	1	39	/RSSM.MAP@170380	うまくすれば、\n力になってくれるかも。%b	
3503	map	1	22	/RSSM.MAP@170451	・・・どうだかな。%b%h	
3504	map	1	30	/RSSM.MAP@170505	ま、とりあえず入ってみるか。%b	
3505	map	1	14	/RSSM.MAP@170536	ムルティブの塔	
3506	map	1	52	/RSSM.MAP@170870	ふぅん。\nこんなところに\n古代遺跡の入口があるんだ。%b	
3507	map	1	20	/RSSM.MAP@170954	お前・・・・・・%b%h	
3508	map	1	41	/RSSM.MAP@171006	他の国のこととか、\n何も知らないんだな。%b	
3509	map	1	20	/RSSM.MAP@171079	う、うん・・・。%b%h	
3510	map	1	66	/RSSM.MAP@171131	あんまり外を出歩かないようにって、母上から言われてたから・・・。%b	
3511	map	1	81	/RSSM.MAP@171229	ま、こんな遺跡のこと知ってたって、いまのオレたちにゃ\n何の役にも立たないけどよ。%b	
3512	map	1	24	/RSSM.MAP@171366	そうです、ここです。%b%h	
3513	map	1	53	/RSSM.MAP@171423	私がさがしてるモノは、\nこの中にあるハズなんです。%b%h	
3514	map	1	45	/RSSM.MAP@171509	みなさん、どうか\nご協力をおねがいしますよ。%b	
3515	map	1	60	/RSSM.MAP@171586	わわっ、%s10さん！\nいきなり\n身を乗りださないでください。%b%h	
3516	map	1	35	/RSSM.MAP@171678	わかってます、\nわかってますから。%b	
3517	map	1	52	/RSSM.MAP@171745	もう、\nこんな所に入る必要は\nないんだがなぁ・・・。%b	
3518	map	1	43	/RSSM.MAP@171829	ま、いいか。\nちょいとのぞいてくるだけだ。%b	
3519	map	1	18	/RSSM.MAP@171914	わかりました。%b%h	
3520	map	1	49	/RSSM.MAP@171964	ボクたちもいっしょに、\nその遺跡に行きましょう。%b	
3521	map	1	18	/RSSM.MAP@172046	よかった・・・。%b	
3522	map	1	45	/RSSM.MAP@172097	ことわられたら、\nどうしようかと思いました。%b	
3523	map	1	85	/RSSM.MAP@172175	・・・そうそう、\nその遺跡の場所なんですが、\nこのすぐ北にあって\nわりと近いんですよ。%b	
3524	map	1	65	/RSSM.MAP@172293	あ、でも、\nだからって\nいますぐ行ってくれなくても\nいいんですよ。%b	
3525	map	1	53	/RSSM.MAP@172391	これからの行動はすべて、\nあなた方におまかせします。%b	
3526	map	1	20	/RSSM.MAP@172475	・・・・・・おや？%b	
3527	map	1	33	/RSSM.MAP@172526	私の住まいに\n何かご用でしたか？%b	
3528	map	1	39	/RSSM.MAP@172643	じゃあ、\nあなたが伝説の魔導士・・・！%b	
3529	map	1	45	/RSSM.MAP@172713	伝説の魔導士だなんて、\nそんなたいそうな。%b%h	
3530	map	1	35	/RSSM.MAP@172789	べつに、\n私は何もしてませんから。%b	
3531	map	1	42	/RSSM.MAP@172857	そうですね、\n%s10とでも\n呼んでください。%b	
3532	map	1	29	/RSSM.MAP@172931	ええと、\nじゃあ%s10さん。%b%h	
3533	map	1	72	/RSSM.MAP@172992	じつはボクたち、\nゲンユウサイをたおすために\n戦っているんですけど・・・%b	
3534	map	1	25	/RSSM.MAP@173097	ほう！\nそれはそれは。%b%h	
3535	map	1	41	/RSSM.MAP@173155	まだおわかいのに、\nごりっぱなコトです。%b	
3536	map	1	18	/RSSM.MAP@173228	え、えと・・・%b%h	
3537	map	1	91	/RSSM.MAP@173278	それでですね、\nここに住んでおられる方が\n高名な魔導士さんだと聞いて\nたずねて来たのです。%b%h	
3538	map	1	46	/RSSM.MAP@173401	どうかボクたちに力をかしていただけませんか？%b	
3539	map	1	22	/RSSM.MAP@173480	力を・・・ですか？%b%h	
3540	map	1	55	/RSSM.MAP@173535	それはけっこうですが、\n私をやとうのは高くつきますよ。%b	
3541	map	1	16	/RSSM.MAP@173622	てめぇ・・・！%b	
3542	map	1	68	/RSSM.MAP@173671	ま、待ってください、\n何もお金をとろうって言うんじゃ\nありません。%b%h	
3543	map	1	54	/RSSM.MAP@173772	ただ少し、\n私の研究に\n付き合っていただきたいのです。%b	
3544	map	1	20	/RSSM.MAP@173858	研究・・・ですか？%b	
3545	map	1	50	/RSSM.MAP@173911	はい。\n実はこの近くに\n古い遺跡がありましてね。%b%h	
3546	map	1	74	/RSSM.MAP@173994	その中に眠っているという\n魔法のアイテムを\nどうしても手に入れたいのです。%b	
3547	map	1	53	/RSSM.MAP@174100	それに私どもが力をおかしすれば\nよろしいのですな。%b%h	
3548	map	1	24	/RSSM.MAP@174185	ですが、魔導士どの。%b%h	
3549	map	1	84	/RSSM.MAP@174241	あなたほどのお力をもってすれば\nそのようなコトなど、\nたやすいのではありませぬかな？%b	
3550	map	1	78	/RSSM.MAP@174358	ははは・・・。\nどうも、あなた方は私のことを\nかいかぶってらっしゃるようだ。%b%h	
3551	map	1	28	/RSSM.MAP@174469	私はただの魔導士ですよ。%b%h	
3552	map	1	41	/RSSM.MAP@174530	・・・それより、\nあなた方のごへんじは？%b	
3553	map	1	47	/RSSM.MAP@177579	%s1・・・、\n本当にこっちで、\n合ってるのかい？%b	
3554	map	1	56	/RSSM.MAP@177658	ああ、\nたしかに、\nあの女海賊がこっちへ来るのを見た。%b%h	
3555	map	1	41	/RSSM.MAP@177746	・・・ったく、\nムチャな操船しやがって。%b	
3556	map	1	84	/RSSM.MAP@177819	おかげでオレたちは\nとちゅうで海に落っことされ、\nこの島までおよぐハメになったんだ。%b	
3557	map	1	60	/RSSM.MAP@177935	このまま\nあの女海賊もつかまえないで\n町に帰れるかってんだ！%b	
3558	map	1	83	/RSSM.MAP@178027	ホントは、\nあの女海賊さんの船に\n乗せてもらうしか、\n帰る方法がないだけなんだけど。%b	
3559	map	1	52	/RSSM.MAP@178196	じゃ、じゃあ、\n北のジャングルを\nさがしてみようか！%b	
3560	map	1	52	/RSSM.MAP@178280	どうやら、\n最初のところに\nもどってきたみたいだね。%b	
3561	map	1	50	/RSSM.MAP@178364	少し休んだら、\nまた、\n北の森をさがしてみないと。%b	
3562	map	1	44	/RSSM.MAP@178447	もう少し、\nこの島のことを\n調べてみるかい？%b	
3563	map	1	64	/RSSM.MAP@178523	船へもどるときも、\nここから南へ\nちょいと下るだけでいいんだな。%b	
3564	map	1	67	/RSSM.MAP@178660	まちがいねぇ。\nたしかに、\nあの女海賊は\nこの奥へ入って行ったんだ。%b	
3565	map	1	56	/RSSM.MAP@178759	じゃあ、\nみんなで力を合わせて\nさがしてみるしかないね。%b	
3566	map	1	61	/RSSM.MAP@178847	だから、\nあの女海賊は\nこの先にいるハズだって\n言ってるだろ！%b	
3567	map	1	62	/RSSM.MAP@178940	どうやら、\nかなり奥の方まで\nさがしてみなきゃダメみたいだね。%b	
3568	map	1	33	/RSSM.MAP@179034	こっちは、\n海ぞいに出るだけだ。%b	
3569	map	1	88	/RSSM.MAP@179099	女海賊さんをさがすなら、\n%s1の言うとおり\n北にあるジャングルを\n調べてみるべきだと思う。%b	
3570	map	1	20	/RSSM.MAP@179188	港町にもどりますか？	
3571	map	1	35	/RSSM.MAP@179268	こっちは、\n海ぞいに出るだけだな。%b	
3572	map	1	66	/RSSM.MAP@179335	大陸へもどるなら、\nこの辺りで\nホワイトウィングを呼ぶしかないぜ。%b	
3573	map	1	45	/RSSM.MAP@179434	みなさん、\nどうもありがとうございました。%b%h	
3574	map	1	68	/RSSM.MAP@179512	おかげさまで、\n目的の魔法のアイテムを\n手に入れることができました。%b	
3575	map	1	26	/RSSM.MAP@179612	それはよかったですね。%b%h	
3576	map	1	45	/RSSM.MAP@179670	でも、それは\nいったい何に使うものなんです？%b	
3577	map	1	74	/RSSM.MAP@179748	いやぁ・・・\n私の研究に必要なだけで、\n特に何に使うというわけでは・・・。%b	
3578	map	1	49	/RSSM.MAP@179908	それはそうと、\nボクたちは約束を果たしましたが？%b	
3579	map	1	29	/RSSM.MAP@179990	ええ、\n今度は私の番ですね。%b	
3580	map	1	89	/RSSM.MAP@180052	私の使える魔法なんて\nたかが知れていますが、\nみなさんのお役に立てることも\nあるでしょう。%b	
3581	map	1	16	/RSSM.MAP@180173	そんな・・・。%b	
3582	map	1	56	/RSSM.MAP@180221	私たちこそ、\n学ばせていただくことが\nたくさんあります。%b	
3583	map	1	79	/RSSM.MAP@180309	%s10さんは、\nすごい方だと思います、\nだって、\nそんなにたくさんの魔法を・・・。%b	
3584	map	1	63	/RSSM.MAP@180420	あの・・・\n%s10さんは\nどなたのもとで\n魔法を学ばれたのですか？%b	
3585	map	1	20	/RSSM.MAP@180516	それは・・・・・・%b	
3586	map	1	60	/RSSM.MAP@180569	ははは、\nまぁ、そんなこと\nどうだっていいじゃありませんか。%b	
3587	map	1	41	/RSSM.MAP@180662	それよりも\n次の目的地を決めてください。%b	
3588	map	1	43	/RSSM.MAP@181087	ここはロッサム国だ。\nさて、どうするかな。%b	
3589	map	1	44	/RT00.MAP@70830	また、\n%s1の苦手なオバケの塔に入るのか。%b%h	
3590	map	1	45	/RT00.MAP@70906	%s10さんは、\nよく、こんな所に住んでるなぁ。%b	
3591	map	1	56	/RT00.MAP@70984	うーん・・・\n言われてみると、\nたしかにそうですねぇ。%b%h	
3592	map	1	68	/RT00.MAP@71073	こいつらがまた、\n私の言うことを\nちっとも聞いてくれないんですよ。%b%h	
3593	map	1	31	/RT00.MAP@71174	困ったものです、\nはっはっは。%b	
3594	map	1	66	/RT00.MAP@71237	ばっ・・・ばかやろうっ！\nオ、オレはオバケなんか\nこわくねーぞ！%b%h	
3595	map	1	24	/RT00.MAP@71335	ほ・・・本当だからな！%b	
3596	map	1	18	/RT00.MAP@71523	すいませーん！%b%h	
3597	map	1	39	/RT00.MAP@71573	どなたか、\nいらっしゃいませんかー！？%b	
3598	map	1	60	/RT00.MAP@71644	よせよ、はずかしい。\n人なんて\n住んでないに決まってるさ。%b%h	
3599	map	1	81	/RT00.MAP@71736	それにこんな所だ、\n仮に住んでたとしても、\nどうせ、\nロクでもないヤツだろうよ。%b%h	
3600	map	1	53	/RT00.MAP@71849	どーでもいいけどよ。\nなんか、うすら寒いとこだな。%b%h	
3601	map	1	47	/RT00.MAP@71934	まるで、オバケでも出てきそうな\nフンイキだぜ。%b	
3602	map	1	46	/RT00.MAP@72013	・・・%s1って・・・\n・・・オバケ、こわいの？%b	
3603	map	1	24	/RT00.MAP@72091	ばっ、ばっかやろう！%b%h	
3604	map	1	49	/RT00.MAP@72147	オレが、オバケなんか\nこわがるワケねーだろっ！%b%h	
3605	map	1	117	/RT00.MAP@72228	オ、オレはただ、\n相手がオバケのようなヤツらなら、\n通常の攻撃が通用しないってことを\n確認しておくためにだなぁ・・・%b%h	
3606	map	1	22	/RT00.MAP@72377	ホ、ホントだぞっ！！%b	
3607	map	1	42	/RT00.MAP@72431	・・・うん。\nたしかに%s1の言う通りだ。%b%h	
3608	map	1	68	/RT00.MAP@72505	万が一のことも考えて、\n装備のチェックだけは\nしておいた方がいいね。%b	
3609	map	1	26	/RT00.MAP@72605	・・・お、おうともよ。%b%h	
3610	map	1	64	/RT00.MAP@72663	オバケなんざ、\nこのオレ様にまかしときな。\nわっはっはっはっは！%b	
3611	map	1	58	/RT00.MAP@72807	・・・ったく、\nだれだ！？\nこんなトコへ連れてきたのは！？%b	
3612	map	1	42	/RT00.MAP@72897	いまごろ、\n調べたって\n何もねぇだろうに。%b	
3613	map	1	4	/RT30.MAP@29693	つ ｢	
3614	map	1	39	/RT30.MAP@124641	え？\nちょっ、それってどーゆー・・・%b%h	
3615	map	1	24	/RT30.MAP@124713	う・・・うわぁぁぁっ！%b	
3616	map	1	39	/RT30.MAP@124769	ほっほっほっ、\nこれは楽チンじゃのう。%b	
3617	map	1	65	/RT30.MAP@124891	　\nぴんぽんぱんぽ～ん\nぶつっ%b%h%H%m1%V100［%m0男の声%m1］%V0%m0\n	
3618	map	1	114	/RT30.MAP@124957	このたびは、\n当マジックサークルをご利用いただきまことにありがとうございます。%b%h%H%m1%V100［%m0男の声%m1］%V0%m0\n	
3619	map	1	114	/RT30.MAP@125072	間もなく、\nシステムが発動いたします。\nおわすれもののないよう、\nご注意ください。%b%H%m1%V100［%m0男の声%m1］%V0%m0\n	
3620	map	1	75	/RT30.MAP@125187	では、\nまたのご訪問をお待ちしております。%b%h　\nぴんぽんぱんぽ～ん\nぶつっ%b	
3621	map	1	22	/RT30.MAP@125294	なんだ、いまのは？%b%h	
3622	map	1	33	/RT30.MAP@125348	・・・・・・？\nう・・・うわっ！%b	
3623	map	1	30	/RT30.MAP@125413	なんだってんだ、いったい？%b%h	
3624	map	1	25	/RT30.MAP@125475	え・・・？\nおうわぁっ！%b	
3625	map	1	60	/RT30.MAP@125532	ちょ・・・\nちょっと待ってよ！\nいったい・・・きゃぁぁぁっ！%b	
3626	map	1	50	/RT30.MAP@125624	なんと！\nいまの声は、\nいったいどこから・・・？%b%h	
3627	map	1	18	/RT30.MAP@125706	・・・むぉっ！？%b	
3628	map	1	37	/RT30.MAP@125804	え、なに！？\nいま、なんて言ったの？%b	
3629	map	1	43	/RT30.MAP@125873	なんだなんだ、\nこんどは何する気だぁ！？%b%h	
3630	map	1	30	/RT30.MAP@125948	う・・・どわぁぁぁぁぁぁっ！%b	
3631	map	1	53	/RT30.MAP@126010	おわすれもの、って・・・\nおい、ちょっと待てくれ！%b%h	
3632	map	1	28	/RT30.MAP@126095	待てって・・・だぁぁぁっ！%b	
3633	map	1	35	/RT30.MAP@126156	はい、\nよろしくおねがいしますよ。%b	
3634	map	1	39	/RT30.MAP@126224	あん？\nなんだってんだ、いったい！？%b%h	
3635	map	1	35	/RT30.MAP@126296	・・・・・・ん？\nなんか体が・・・%b	
3636	map	1	32	/RT30.MAP@126419	このシカケ、まだ動いてたのか。%b	
3637	map	1	22	/RT30.MAP@126483	・・・またコレかよ。%b	
3638	map	1	47	/RT30.MAP@126593	いいかげん、\nこのメッセージにもあきてきたわ。%b	
3639	map	1	50	/RT30.MAP@126672	なんと！\nいまだに\nこのしかけが動いておるとは！%b%h	
3640	map	1	62	/RT30.MAP@126754	さすが魔導士、\nいらんトコの手入れは、\nいきとどいておるのう。%b	
3641	map	1	33	/RT30.MAP@126896	わーい！\nまた、しゃべったぁ！%b%h	
3642	map	1	52	/RT30.MAP@126961	ねーねー、\nいったい、\nだれがしゃべってんのかなぁ？%b	
3643	map	1	39	/RT30.MAP@127045	あぁ、そうかいそうかい。\nけっ・・・。%b	
3644	map	1	54	/RT30.MAP@127116	ほっほっほっ、\n近ごろの魔導士は、\nしゃれておるのう。%b	
3645	map	1	62	/RT30.MAP@127202	わぁったわぁった。\nいったい、\n何回聞かせりゃ気がすむんだ！？%b	
3646	map	1	72	/RT30.MAP@127297	うーん・・・\nそろそろメッセージを変えてみるのも\nいいかもしれませんね。%b	
3647	map	1	50	/RT30.MAP@127402	うるせぇ！\nオレだって、\n来たくて来てんじゃねぇ！%b	
3648	map	1	49	/RT30.MAP@127485	また、この声かい？\nなんか、ブキミだねぇ・・・。%b	
3649	map	1	28	/RT30.MAP@127642	な、なんだ、いまのは！？%b%h	
3650	map	1	66	/RT30.MAP@127702	とりあえず、\nここにはだれもいない\nってコトはわかったけど・・・。%b	
3651	map	1	46	/RT30.MAP@127800	な、なんだぁ！？\nバカにしてんのか、\nくそっ！%b	
3652	map	1	59	/RT30.MAP@127878	な、なに、いまの・・・！？\nどこから聞こえてきたのかしら？%b	
3653	map	1	72	/RT30.MAP@127969	な、なんと！\n人の気配をさっして、\nひとりでにしゃべり出すシカケとは！%b%h	
3654	map	1	45	/RT30.MAP@128073	さすが魔導士、\nいらんトコにこっておるのう。%b	
3655	map	1	37	/RT30.MAP@128150	・・・・・・。\nふん、バカバカしい。%b	
3656	map	1	18	/RT30.MAP@128219	いまのなに！？%b%h	
3657	map	1	39	/RT30.MAP@128269	ねーねー、\nどっから聞こえてきたの？%b%h	
3658	map	1	39	/RT30.MAP@128340	だれが、しゃべったの？\nねーってばぁ！%b	
3659	map	1	58	/RT30.MAP@128411	けっ、アホくさ。\nこれだから、\n魔導士ってヤツはよ・・・。%b	
3660	map	1	68	/RT30.MAP@128501	なんだそりゃあ！？\nせっかく上って来たってぇのに、\nそれはねぇだろ？%b	
3661	map	1	20	/RT30.MAP@128602	バカにしやがって！%b	
3662	map	1	49	/RT30.MAP@128655	・・・だから、魔導士なんて\nアテにできねぇんだ！%b	
3663	map	1	45	/RT30.MAP@128737	ちょっとちょっと！\nなんだい、いまのは！？%b%h	
3664	map	1	41	/RT30.MAP@128815	いったい、\nどういうシカケになってんだ？%b	
3665	map	1	62	/RT30.MAP@128871	ぴんぽんぱんぽ～ん\nぶつっ%b%h%H%m1%V100［%m0男の声%m1］%V0%m0\n	
3666	map	1	65	/RT30.MAP@128934	ただいまルスにしております。%b%h%H%m1%V100［%m0男の声%m1］%V0%m0\n	
3667	map	1	94	/RT30.MAP@129000	当分もどらないと思いますので、\nどうぞお引きとりください。%b%h%H%m1%V100［%m0男の声%m1］%V0%m0\n	
3668	map	1	121	/RT30.MAP@129095	なお、お帰りのさいは、\nこの部屋の\nマジックサークルをご利用いただくとたいへん便利です。%b%H%m1%V100［%m0男の声%m1］%V0%m0\n	
3669	map	1	52	/RT30.MAP@129217	それでは、\nまたのご訪問をお待ちしております。%b%h　\n	
3670	map	1	27	/RT30.MAP@129270	ぴんぽんぱんぽ～ん\nぶつっ%b	
3671	map	1	43	/RW00.MAP@185128	で、でけぇ・・・。\nなんだ、この水晶は！？%b	
3672	map	1	60	/RW00.MAP@185203	しかも、\n中になにかの影みたいなものが\nうかびあがってるぜ！%b	
3673	map	1	41	/RW00.MAP@185296	うーん・・・\nまぁ、こんなモンですかね。%b	
3674	map	1	64	/RW00.MAP@185429	と、するとだ・・・、\n・・・・・・・・が、\n・・・・・・・・で、%b	
3675	map	1	50	/RW00.MAP@185526	おおっ！\nこいつをバラして売りゃあ\n大金もちだぜ！%b	
3676	map	1	72	/RW00.MAP@185609	な、なんだい、これは！？\nあの島で見たのと、\nまるっきり同じじゃないか！%b	
3677	map	1	62	/RW00.MAP@185714	・・・でも、\nなんだか受ける印象がちがうのは\nどうしてだろう？%b	
3678	map	1	24	/RW00.MAP@185890	こ、これは一体・・・？%b	
3679	map	1	51	/RW00.MAP@185946	さっき感じたふしぎな気分は、\nこれのせいなのか！？%b	
3680	map	1	22	/RW00.MAP@186029	こ、こいつぁ・・・。%b	
3681	map	1	44	/RW00.MAP@186083	%s0が言ってたのは\nこの水晶のことなのか！？%b	
3682	map	1	43	/RW00.MAP@186159	な、なんなの！？\nこの大きな水晶は・・・。%b	
3683	map	1	56	/RW00.MAP@186234	あら？\nよく見ると、\n中に何かうつっているような・・・？%b	
3684	map	1	56	/RW00.MAP@186322	なんと！？\nこれほど大きな水晶が\n立っておるとは・・・。%b	
3685	map	1	54	/RW00.MAP@186410	この水晶は、\nゲンユウサイと\n関りのあるものなのか！？%b	
3686	map	1	37	/RW00.MAP@186496	わーい、なにこれー！？\nきっれーい！%b	
3687	map	1	43	/RW00.MAP@186565	コレ・・・\nもって帰っちゃってもいいかな？%b	
3688	map	1	28	/RW00.MAP@186640	んだぁ、こりゃあ・・・！？%b	
3689	map	1	79	/RW00.MAP@186700	ったく、%s0のヤツ、\nこんなモノ見せるために、\nオレたちを引っぱって来たのか！？%b	
3690	map	1	45	/RW00.MAP@186811	ほっほっほっ、\n実にあやしげな水晶じゃわい。%b	
3691	map	1	45	/RW00.MAP@186888	この水晶も、\n母上と関りがあるのだろうか！？%b	
3692	map	1	68	/RW00.MAP@186965	いまはまだよくわからんが、\nこの水晶も\n何かたいせつなものらしいな。%b	
3693	map	1	53	/RW00.MAP@187065	水晶の中に見える影・・・\nあれがカカルクランなの！？%b	
3694	map	1	80	/RW00.MAP@187150	ロクセリオどののおかげで、\nこの水晶のことも\n少しはわかりかけてきたようですな。%b	
3695	map	1	45	/RW00.MAP@187262	水晶の中に、\nもう１つの世界が見える・・・。%b	
3696	map	1	59	/RW00.MAP@187339	%s6はねぇ、\nはじめから、この水晶のヒミツを\n知ってたのよ。%b	
3697	map	1	52	/RW00.MAP@187430	・・・なぁーんちゃってぇ！\nう・そ！\nうそだよーん！%b	
3698	map	1	76	/RW00.MAP@187514	この水晶が、その・・・\nカカルクランとかってゆーのと\nかかわりがあんのか！？%b	
3699	map	1	79	/RW00.MAP@187622	ほっほっほっ、\nこの水晶をとおして、\nかすかにじゃが\nカカルクランが見えるわい。%b	
3700	map	1	47	/RW00.MAP@187733	ちくしょう・・・！\nこんなもののために・・・！%b	
3701	map	1	43	/RW00.MAP@187813	金にもならねぇんなら、\nキョーミはねぇよ。%b	
3702	map	1	43	/RW00.MAP@187889	いつ見ても、\n気味の悪い水晶だねぇ・・・。%b	
3703	map	1	24	/RW00.MAP@188108	なんだろう、この森。%b%h	
3704	map	1	37	/RW00.MAP@188164	なぜか、\nふしぎな気分にさせられる。%b	
3705	map	1	45	/RW00.MAP@188233	そうかぁ？\nオレにはよくわからんが・・・。%b%h	
3706	map	1	43	/RW00.MAP@188310	とにかく、\nその辺を歩きまわってみようぜ。%b	
3707	map	1	89	/RW0B.MAP@188675	オレたちもな、\n幽玄の森の妖精が\nロッサム国の忘却の森へ\n行けって言うから来ただけなんだ。%b	
3708	map	1	81	/RW0B.MAP@188977	いやなに、\nあの妖精がな、\nこのロッサム国の忘却の森へ\n行くように急かすものでな。%b	
3709	map	1	74	/RW0B.MAP@189479	オレたちはその妖精に言われて、\nこのロッサム国の忘却の森まで\n来たんだぜ。%b	
3710	map	1	49	/RW0B.MAP@189812	それよりも、ここは\nロッサム国の忘却の森なのよ。%b	
3711	map	1	95	/RW0B.MAP@190135	幽玄の森で会った妖精の\n言葉に導かれるままに、\nロッサム国の忘却の森へ\n来てみたんじゃが・・・。%b	
3712	map	1	83	/RW0B.MAP@190623	オレたちは\n幽玄の森の妖精に、\nロッサム国の忘却の森に\n行くようにと言われただけだ。%b	
3713	map	1	71	/RW0B.MAP@191002	えへへっ、\nどうしてこんな\nロッサム国の忘却の森なんかに\nいるのかって？%b	
3714	map	1	52	/RW0B.MAP@192364	ここは・・・\n見たところ\n忘却の森のようだが・・・。%b	
3715	map	1	10	/TEST.MAP@98748	やは！！%b	
3716	map	1	10	/TEST.MAP@98759	あうあう%b	
3717	map	1	8	/TEST.MAP@98770	かー！%b	
3718	map	1	34	/TEST.MAP@98779	はっはっはっ、いやいや、まったく%b	
3719	map	1	20	/TEST.MAP@98814	これはダミーです！%b	
3720	map	1	46	/TEST.MAP@98835	だから、だからはタカラじゃなくてだからなの。%b	
3721	map	1	20	/TEST.MAP@98882	ヘクター命（泉談）%b	
3722	map	1	28	/TEST.MAP@98903	まだシナリオがないの・・・%b	
3723	map	1	34	/TEST.MAP@98932	なに！？　シナリオがないだぁ？？%b	
3724	map	1	63	/TEST.MAP@98967	ミックにシナリオを請求してください。運がよければ出てきます(_)%b	
3725	map	1	37	/YD00.MAP@72281	くそっ、\nちっともラチがあかねぇ！%b%h	
3726	map	1	62	/YD00.MAP@72350	・・・ったく、\nどこまでつづいてやがんだ、\nこのどうくつ！？%b%h	
3727	map	1	56	/YD00.MAP@72444	・・・そういや、\n%s11はここには\n来てないみたいだな。%b%h	
3728	map	1	24	/YD00.MAP@72532	どっちへ行ったんだろ？%b	
3729	map	1	41	/YD00.MAP@72589	・・・ふぅ。\n手のこんだしかけだねぇ。%b%h	
3730	map	1	74	/YD00.MAP@72663	まだ先があるようだから、\nここで引き返すワケにも\nいかないしねぇ・・・。%b%h	
3731	map	1	70	/YD00.MAP@72770	なぁんかこう、\nズルズル流されてるだけって\n気がしないでもないけど。%b%h	
3732	map	1	49	/YD00.MAP@72873	そういや、%s11は\nどうしてるんだろうねぇ・・・？%b	
3733	map	1	72	/YD00.MAP@73034	どうなってるんだ、\nこのどうくつは！？\nまだ先があるようだけど・・・。%b%h	
3734	map	1	103	/YD00.MAP@73138	なんて言うか・・・\nまるで、ただ奥へ奥へと\n引きずりこまれていくだけのような\n気味の悪い感覚だ・・・。%b%h	
3735	map	1	50	/YD00.MAP@73273	こんな時に、\n%s11や%s10さんが\nいてくれたら・・・%b	
3736	map	1	35	/YD00.MAP@73355	ふぅ・・・\nまだ先があるようだな。%b	
3737	map	1	74	/YD00.MAP@73422	・・・オレたちは、\n先へ進むしかないのか！？\n%s11とわかれたままで・・・。%b	
3738	map	1	31	/YD00.MAP@73528	もうっ、\nどうなってんのよ？%b%h	
3739	map	1	49	/YD00.MAP@73591	なんなのよ、ここ？\nうす気味悪いわねぇ・・・。%b%h	
3740	map	1	39	/YD00.MAP@73672	そう言えば、\n%s11はどうしてるのかな？%b	
3741	map	1	41	/YD00.MAP@73743	なんと！\nまだ奥につづいているとは！？%b%h	
3742	map	1	53	/YD00.MAP@73816	このどうくつは、\n一体どこに通じておるのであろうか。%b	
3743	map	1	68	/YD00.MAP@73901	・・・それに、\n%s10どの、%s11どのは\nいかがなさっておるのやら・・・%b	
3744	map	1	28	/YD00.MAP@74001	妙だな、この感覚・・・。%b%h	
3745	map	1	39	/YD00.MAP@74061	いったい、\nこの先には何があるのだ！？%b	
3746	map	1	39	/YD00.MAP@74132	ねーねー、\nまだ道がつづいてるよー。%b%h	
3747	map	1	20	/YD00.MAP@74203	先に行くからねー！%b	
3748	map	1	39	/YD00.MAP@74255	なんなんだかなぁ、\nこのどうくつは。%b%h	
3749	map	1	59	/YD00.MAP@74326	入ってみたはいいが、\nいったいどこまでつづいてんだぁ！？%b%h	
3750	map	1	31	/YD00.MAP@74417	ふぁ～あ、\nタイクツだぜ・・・%b	
3751	map	1	51	/YD00.MAP@74480	ほっほっほっ、\nまだ先があるようじゃのう・・・。%b%h	
3752	map	1	29	/YD00.MAP@74563	どれ、\nもう一ふんばりかの。%b	
3753	map	1	37	/YD00.MAP@74634	一部の床が\nもり上がったみたいだな。%b	
3754	map	1	39	/YD00.MAP@74703	一部の地面が\nもり上がったみたいだぜ。%b	
3755	map	1	35	/YD00.MAP@74774	一部の床が\nもり上がったみたいね。%b	
3756	map	1	46	/YD00.MAP@74841	なんと！\n一部の床が\nもり上がったようですぞ。%b	
3757	map	1	31	/YD00.MAP@74919	一部の床が\n上昇したようだな。%b	
3758	map	1	57	/YD00.MAP@74982	わぁっ、コレおもしろぉい！\n地面がもり上がっちゃったよ！%b	
3759	map	1	36	/YD00.MAP@75071	地面をもり上げるしかけのようだな。%b	
3760	map	1	64	/YD00.MAP@75139	ほっほっほっ、\nこりゃ楽しいわい。\n床がせり上がるしかけとはな。%b	
3761	map	1	28	/YD00.MAP@75235	一部の床がもり上がったぞ！%b	
3762	map	1	43	/YD00.MAP@75296	地面をもり上げるしかけが\n動いたようだね。%b	
3763	map	1	33	/YD00.MAP@75453	一部の床が\n下がったみたいだな。%b	
3764	map	1	37	/YD00.MAP@75518	一部の地面が\n低くなったみたいだぜ。%b	
3765	map	1	31	/YD00.MAP@75587	一部の床が\n下がったみたいね。%b	
3766	map	1	44	/YD00.MAP@75650	なんと！\n一部の床が\n下がっていきましたぞ。%b	
3767	map	1	30	/YD00.MAP@75726	一部の床が下降したようだな。%b	
3768	map	1	55	/YD00.MAP@75788	わぁっ、コレおもしろぉい！\n地面が低くなっちゃったよ！%b	
3769	map	1	34	/YD00.MAP@75875	地面を低くするしかけのようだな。%b	
3770	map	1	64	/YD00.MAP@75941	ほっほっほっ、\nこりゃ楽しいわい。\n床がしずみこむしかけとはな。%b	
3771	map	1	32	/YD00.MAP@76037	一部の床が下がってしまったぞ！%b	
3772	map	1	41	/YD00.MAP@76102	地面を低くするしかけが\n動いたようだね。%b	
3773	map	2	33	/YD00.MAP@76257	ん？\n何も反応がないみたいだな。%b	
3774	map	1	37	/YD00.MAP@76387	あら？\n何も反応がなかったみたいね。%b	
3775	map	1	46	/YD00.MAP@76456	なんと！\n何もおこらんとは、\nどういうコトだ！%b	
3776	map	1	20	/YD00.MAP@76534	・・・反応なしか。%b	
3777	map	1	47	/YD00.MAP@76586	なにコレ、つまんなぁい！\n何もおきないよぉ！？%b	
3778	map	1	28	/YD00.MAP@76665	・・・なんの反応もねぇな。%b	
3779	map	1	54	/YD00.MAP@76725	ほっほっほっ、\n何も反応がないとは\n困りモンじゃのう。%b	
3780	map	1	37	/YD00.MAP@76811	何も反応しないな・・・\nなぜだろう？%b	
3781	map	1	35	/YD00.MAP@76881	ん？\n何もおきなかったみたいだね。%b	
3782	map	4	30	/YD00.MAP@77001	スイッチ（↓）を動かしますか？	
3783	map	6	6	/YD00.MAP@77032	動かす	
3784	map	6	10	/YD00.MAP@77039	動かさない	
3785	map	2	30	/YD00.MAP@77099	スイッチ（↑）を動かしますか？	
3786	map	1	24	/YD00.MAP@77421	なんだぁ、ここは！？%b%h	
3787	map	1	49	/YD00.MAP@77477	これは・・・\nオレでもちょっと登れそうにねぇな。%b	
3788	map	1	43	/YD00.MAP@77558	どうやら\nトラップになってるみたいだね。%b%h	
3789	map	1	47	/YD00.MAP@77633	まわりには、\nスイッチのようなものもあるし。%b%h	
3790	map	1	41	/YD00.MAP@77712	とにかく、\n歩ける所から調べてみようよ。%b	
3791	map	1	25	/YG00.MAP@115841	よし。\n行くぞ、みんな！%b	
3792	map	1	8	/YG00.MAP@115898	ええ！%b	
3793	map	1	64	/YG00.MAP@115938	ぼっちゃま、\nじいは、どこまでも\nぼっちゃまについて行きますぞ！%b	
3794	map	1	24	/YG00.MAP@116088	がんばろうね、みんな！%b	
3795	map	1	20	/YG00.MAP@116144	さっさと行こうぜ。%b	
3796	map	1	70	/YG00.MAP@116196	ほっほっほっ、\nとうとう、１２人目のすがたを\n見ることができなんだの。%b	
3797	map	1	47	/YG00.MAP@116298	こうなったら、\nもうどこまででも付き合うわい。%b	
3798	map	1	28	/YG00.MAP@116377	国王のカタキはオレがとる！%b	
3799	map	1	35	/YG00.MAP@116438	へっ、\n楽しくなってきやがったぜ！%b	
3800	map	1	56	/YG00.MAP@116506	いつでも、いいよ！\nヤロー・・・\n目にモノ見せてくれる！%b	
3801	map	1	20	/YG00.MAP@116686	おっし、行くか！%b%h	
3802	map	1	39	/YG00.MAP@116738	お前らも、\n安心して待っててくれよな！%b	
3803	map	1	64	/YG00.MAP@116860	この先につづくのは、\n世界と世界をつなぐ\nただひとつの道・・・。%b	
3804	map	1	14	/YG00.MAP@116957	ご覧なさい。%b	
3805	map	1	76	/YG00.MAP@117004	あなた方も何度か\n目にしたことがある水晶が、\n２つの世界を結びつけています。%b	
3806	map	1	95	/YG00.MAP@117168	皮肉なものね、\nゲンユウサイがひらいたこの道を、\nあなた方も\n通らなければならないなんて・・・。%b	
3807	map	1	62	/YG00.MAP@117295	すべてにケリをつける・・・\nそのためには\nやむをえないんだろ？%b	
3808	map	1	39	/YG00.MAP@117390	ええ・・・\nどうかお気をつけて・・・。%b	
3809	map	1	68	/YG00.MAP@117472	よく来てくださいました。\n今度は、道に迷うことも\nなかったでしょう？%b	
3810	map	1	81	/YG00.MAP@117573	あなた方には、\nこの『扉』を通って\nゲンユウサイの待つ城へと\n向かってもらいます。%b	
3811	map	1	37	/YG00.MAP@117686	いよいよか。\nみぶるいしてきやがる。%b	
3812	map	1	64	/YG00.MAP@117756	・・・ひとつだけ、\nおぼえておいていただきたいことが\nあります。%b	
3813	map	1	64	/YG00.MAP@117853	カカルクランは、\nそもそもこの世界とは\nまったく異なる世界です。%b	
3814	map	1	103	/YG00.MAP@117950	その中に、異物・・・\nつまり、この世界の住人である\nあなた方がまぎれこんだとしたら、\nどうなるでしょう？%b	
3815	map	1	72	/YG00.MAP@118086	異なる物質がまじり合った世界は、\nその姿形を\n大きくかえてしまうのです。%b	
3816	map	1	59	/YG00.MAP@118191	それがすなわち『カオス』・・・。\n彼らの真の目的なのです。%b	
3817	map	1	60	/YG00.MAP@118282	ゲンユウサイは、\nそんなことまで\nたくらんでいたのか・・・！%b	
3818	map	1	105	/YG00.MAP@118375	ふたつの世界がまじり合うことで\n生じた『カオス』が、\nこの世界に何をもたらすかは、\n私にもわかりません。%b%h	
3819	map	1	113	/YG00.MAP@118513	・・・ただひとつ言えるのは、\n世界の調和をみだす『カオス』は、\n同時におおくの不幸をも\n生み出すということ・・・。%b	
3820	map	1	83	/YG00.MAP@118659	それは、\nあなた方が出向かずとも、\nいずれゲンユウサイが\nことを成すでしょう・・・。%b	
3821	map	1	51	/YG00.MAP@118774	・・・だからこそ、\nオレたちが行くしかないんだな。%b	
3822	map	1	85	/YG00.MAP@118857	どのみち、\nゲンユウサイの野望が\nついえないかぎり、\nボクたちの旅は終わらない・・・。%b	
3823	map	1	85	/YG00.MAP@118974	・・・だけど、\nここにいるみんなで\nカカルクランにのりこむのは\nやめた方がいいと思う。%b	
3824	map	1	75	/YG00.MAP@119091	だって\n実際に『カオス』が起こったとき、\n世界がどうなるか\nわからないだろ？%b	
3825	map	1	85	/YG00.MAP@119198	・・・そうだな。\n向こうの世界へ行って\nそれでカタがつくってわけでも\nなさそうだしな。%b	
3826	map	1	41	/YG00.MAP@119315	思い切って\n完全に２組にわかれちまうか。%b	
3827	map	1	62	/YG00.MAP@119388	そうなると、\n組み合わせを考えるのが\nむずかしい所だが・・・。%b	
3828	map	1	52	/YG00.MAP@119483	・・・ゆっくりと、\n時間をかけて\nよくお考えなさい。%b	
3829	map	1	74	/YG00.MAP@119568	いまのうちに、\n身の回りの装備などにも\n注意をはらっておくといいでしょう。%b	
3830	map	1	62	/YG00.MAP@119675	だいたいの考えが\nまとまりましたら、\n『扉』に触れてください。%b	
3831	map	1	93	/YG00.MAP@119770	そのときに、\nカカルクランへわたられる方と\nこちらに残られる方とに\n分かれていただきましょう。%b	
3832	map	1	30	/YG00.MAP@119896	考えがまとまったようですね。%b	
3833	map	1	87	/YG00.MAP@119959	それでは、\nカカルクランへわたられる方と\nこちらに残られる方とに\n分かれていただきます。%b	
3834	map	1	57	/YG00.MAP@120079	ゲンユウサイとの戦いにのぞむ６人が\n決まったようですね。%b	
3835	map	1	68	/YG00.MAP@120169	いまならまだメンバーを\n入れかえることもできますが、\nどうしますか？%b	
3836	map	1	22	/YG00.MAP@120238	メンバーをかえますか？	
3837	map	1	6	/YG00.MAP@120261	かえる	
3838	map	1	8	/YG00.MAP@120268	かえない	
3839	map	1	41	/YG00.MAP@120308	・・・そうだな、\nもう１度考えてみよう。%b	
3840	map	1	25	/YG00.MAP@120381	いや。\nこのままでいい。%b	
3841	map	1	33	/YG00.MAP@120438	みんな！\nかならず帰ってきてね！%b	
3842	map	1	58	/YG00.MAP@120503	ぼっちゃま、\nかならず・・・\nかならず帰ってきてくだされ！%b	
3843	map	1	18	/YG00.MAP@120593	後はまかせたぞ。%b	
3844	map	1	30	/YG00.MAP@120643	%s1ー！\n行ってらっしゃーい！%b	
3845	map	1	51	/YG00.MAP@120705	うらむぜ、大将！\nなんでオレを連れてかねぇんだ！？%b	
3846	map	1	41	/YG00.MAP@120788	ほっほっほっ、\nみんな、気をつけてのう。%b	
3847	map	1	25	/YG00.MAP@120861	%s0、%s1！\nまかせたぜ！%b	
3848	map	1	30	/YG00.MAP@120919	・・・生きて帰れよ、みんな。%b	
3849	map	1	60	/YG00.MAP@120982	みんな！\nゲンユウサイのヤロー、\nブッとばしてきておくれよ！%b	
3850	map	1	24	/YG00.MAP@121166	ありがとう、みんな！%b%h	
3851	map	1	45	/YG00.MAP@121222	かならず、\nいい知らせをもって帰ってくるよ！%b	
3852	map	1	37	/YG00.MAP@121305	カカルクランへ\n向かわれるのですね？%b	
3853	map	1	66	/YG00.MAP@121375	では、\nこの『次元の扉』の前で、\n６人のメンバーを選んでください。%b	
3854	map	1	22	/YR00.MAP@99783	また水晶か・・・。%b%h	
3855	map	1	47	/YR00.MAP@99837	まるで、オレたちを\n呼びよせているみたいだぜ。%b	
3856	map	1	57	/YR00.MAP@99917	どうやら、この水晶・・・\nなにかヒミツがありそうだな。%b%h	
3857	map	1	80	/YR00.MAP@100007	あちこちにちらばるように\n立ってた水晶が、\nここだけ、妙にかたまっていやがる。%b%h	
3858	map	1	68	/YR00.MAP@100175	これじゃあ、\nちょいとけずって、\nもっていくってワケにゃいかねぇな。%b	
3859	map	1	35	/YR00.MAP@100276	まただ、\nこの水晶・・・・・・。%b%h	
3860	map	1	47	/YR00.MAP@100344	こんなにたくさん、\nどうするってんだろうね！？%b	
3861	map	1	63	/YR00.MAP@100505	何度か目にしたこの水晶が、\nここには、こんなに立ってる・・・%b%h	
3862	map	1	91	/YR00.MAP@100600	どうやらこの水晶は、\nボクたちの世界と\nカカルクランとを\n結びつけるはたらきがあるみたいだ。%b	
3863	map	1	80	/YR00.MAP@100723	あちこちで見かけたこの水晶・・・\nこいつもゲンユウサイが\nからんでいたとはな。%b%h	
3864	map	1	68	/YR00.MAP@100835	おそらく、\nこれをカカルクラン進出への\n足がかりにしていたのだろう。%b	
3865	map	1	57	/YR00.MAP@100935	こんな所にも水晶が！？\nしかも、こんなにたくさん・・・%b%h	
3866	map	1	81	/YR00.MAP@101024	どうやら、\nあちこちで見かけたものとこれとは、深いつながりがありそうね・・・。%b%h	
3867	map	1	82	/YR00.MAP@101137	おそらくは、水晶の力が\nこの空間をつくり出している・・・\nとまぁ、そんな所かしら。%b	
3868	map	1	54	/YR00.MAP@101251	なんと！\nこの水晶を、\nかような所でも目にするとは！%b%h	
3869	map	1	53	/YR00.MAP@101337	さてはこの水晶も、\nゲンユウサイの手によるものか！？%b	
3870	map	1	43	/YR00.MAP@101422	この水晶、\nまがまがしい気を感じる・・・%b%h	
3871	map	1	58	/YR00.MAP@101497	やはり、これを用いて\n力を集めていたに\nちがいあるまい。%b%h	
3872	map	1	62	/YR00.MAP@101587	２つの世界を結ぶ力・・・\nそれが、\nこの次元の道というわけか。%b	
3873	map	1	43	/YR00.MAP@101681	ここにもあるね、\nこの水晶・・・・・・。%b%h	
3874	map	1	39	/YR00.MAP@101756	こんなにいっぱい、\nどうするのかなぁ？%b	
3875	map	1	28	/YR00.MAP@101827	また、この水晶か・・・。%b%h	
3876	map	1	86	/YR00.MAP@101887	そう言や、たしかに前から\nゲンユウサイはこんな水晶を\n気にかけていたっけなぁ・・・。%b%h	
3877	map	1	58	/YR00.MAP@102005	あのときは、\n単なる光りモン好きかと\n思ってたが・・・。%b%h	
3878	map	1	58	/YR00.MAP@102095	まさか、\nこんなモノをつくり出すための\n布石だったとはな。%b	
3879	map	1	43	/YR00.MAP@102185	ほっほっほっ、\n水晶がこんなにあるわい。%b%h	
3880	map	1	53	/YR00.MAP@102260	ゲンユウサイめ、\nよほど、あせっておったと見える。%b%h	
3881	map	1	89	/YR00.MAP@102345	たしかに、２つの世界を\nむすぶだけの力ともなれば、\nこの水晶にでも\nたよらざるを得まい。%b%h	
3882	map	1	73	/YR00.MAP@102466	・・・もっとも、\nそれがいまは\nわしらの命づなと\nなっておるのじゃがのう。%b	
3883	map	1	45	/YR00.MAP@102571	まさか、こんなトコまで\n来ちまうなんてな。%b%h	
3884	map	1	34	/YR00.MAP@102648	・・・だけど後悔なんてしねぇ。%b%h	
3885	map	1	37	/YR00.MAP@102714	力のかぎり、\nあばれまくってやるぜ！%b	
3886	map	1	22	/YR00.MAP@102784	ふぅ・・・・・・。%b%h	
3887	map	1	55	/YR00.MAP@102839	こんなおおごとになると\n最初からわかってりゃあなぁ。%b%h	
3888	map	1	47	/YR00.MAP@102927	カカルクランって・・・\n金めのモンあんのか！？%b	
3889	map	1	18	/YR00.MAP@103007	いよいよだね。%b%h	
3890	map	1	70	/YR00.MAP@103058	ちょいと前まで海賊だったあたしが、今じゃリッパな冒険家だもんねぇ。%b%h	
3891	map	1	77	/YR00.MAP@103161	海賊おっぱじめたときも思ったけど、世の中、\nいろんな生き方があるもんだねぇ。%b	
3892	map	1	53	/YR00.MAP@103271	・・・・・・・・・。\n（↑実は何もかんがえていない）%b	
3893	map	1	35	/YR00.MAP@103387	よし。\nカカルクランにのりこむぞ。%b	
3894	map	1	27	/YR00.MAP@103454	行くか。\nカカルクランへ！%b	
3895	map	1	16	/YR00.MAP@103513	いよいよね。%b%h	
3896	map	1	43	/YR00.MAP@103561	・・・カカルクランって、\nどんな所かしら？%b	
3897	map	1	52	/YR00.MAP@103636	むぅ・・・。\nこの先に\n異世界が広がっておるのか。%b%h	
3898	map	1	26	/YR00.MAP@103720	気を引きしめていかねば。%b	
3899	map	1	16	/YR00.MAP@103778	いよいよだな。%b	
3900	map	1	57	/YR00.MAP@103826	ねー、みんなー、\nはやくー！\n%s6、先に行っちゃうからね！%b	
3901	map	1	29	/YR00.MAP@103915	おし。\n気合い入れて行くか！%b	
3902	map	1	58	/YR00.MAP@103976	ほっほっほっ、\nカカルクランは、\nわしもはじめてじゃのう。%b	
3903	map	1	41	/YR00.MAP@104141	これが、\n世界と世界をつなぐ空間・・・。%b	
3904	map	1	22	/YR00.MAP@104214	次元の道、か・・・。%b	
3905	map	1	57	/YR00.MAP@104268	うしろをふり向いても、\nもうボクたちの世界は見えない。%b%h	
3906	map	1	64	/YR00.MAP@104357	この空間に、\n本当に出口とよべるものが\nあるんだろうか・・・！？%b	
3907	map	1	24	/YR00.MAP@104453	・・・・・・さぁな。%b%h	
3908	map	1	51	/YR00.MAP@104509	けど、もう入っちまったんだから、\nしようがねぇ。%b%h	
3909	map	1	30	/YR00.MAP@104592	行けるトコまで行ってみるさ。%b	
3910	map	1	33	/YW00.MAP@174163	うーん・・・\nどうくつですねぇ。%b	
3911	map	1	47	/YW00.MAP@174229	なんだい、ここ？\n中に入れるようだけど・・・？%b	
3912	map	1	36	/YW00.MAP@174388	こんな森の奥にどうくつの入口！？%b%h	
3913	map	1	45	/YW00.MAP@174456	中をしらべておいた方が\nいいかもしれないね。%b	
3914	map	1	24	/YW00.MAP@174533	なんだぁ、こりゃあ？%b%h	
3915	map	1	69	/YW00.MAP@174589	こんな所にどうくつがあるなんて、\nいかにも、入ってみろって感じだな。%b	
3916	map	1	47	/YW00.MAP@174690	こんな所にどうくつ！？\nあやしいわねぇ・・・%b%h	
3917	map	1	32	/YW00.MAP@174769	ちょっとしらべてみようかしら？%b	
3918	map	1	41	/YW00.MAP@174833	なんと、\nかような所にどうくつとは！？%b%h	
3919	map	1	72	/YW00.MAP@174906	これは、しらべてみる必要が\nありそうじゃが・・・\nさて、どうしたものか？%b	
3920	map	1	41	/YW00.MAP@175010	人の手が加えられた\nどうくつのようだな。%b	
3921	map	1	45	/YW00.MAP@175083	ねーねー！\nこんな所にほらあながあるよー！%b%h	
3922	map	1	49	/YW00.MAP@175160	ちょっとぐらい、\n入ってみたっていいよねー！？%b%h	
3923	map	1	42	/YW00.MAP@175241	では、いっちばん、%s6！\nはいりまぁーす！%b	
3924	map	1	30	/YW00.MAP@175315	こんな所にどうくつだぁ！？%b%h	
3925	map	1	70	/YW00.MAP@175377	・・・まぁ、いいけどよ。\nついでだから、\nちょいと中をのぞいていくか。%b	
3926	map	1	56	/YW00.MAP@175479	ほっほっほっ、\nこんな所にどうくつが\nあるんじゃのう。%b%h	
3927	map	1	35	/YW00.MAP@175567	どれ、\nついでに中を見ていくかの。%b	
3928	map	1	53	/YW00.MAP@175634	なんだろ、ここ・・・？\nちょっくら、しらべてくっか。%b	
3929	map	1	20	/YW00.MAP@175729	森の外に出ますか？？	
3930	map	1	32	/YW00.MAP@175858	ものすごく深い森だな・・・。%b%h	
3931	map	1	75	/YW00.MAP@175922	とおって来た道も、\nもうわかんなくなっちまったぜ。\nなぁ、%s0・・・・・・%b%h	
3932	map	1	15	/YW00.MAP@176029	おい、%s0！%b%h	
3933	map	1	53	/YW00.MAP@176076	ボーッとしてる場合じゃないぜ、\nしっかりしてくれよ。%b	
3934	map	1	41	/YW00.MAP@176161	・・・・・・う、うん。\n・・・そうだね。%b	
3935	map	1	51	/YW00.MAP@176234	何かありそうな森だから、\n気をつけて進まないとね。%b	
3936	map	1	47	/YW00.MAP@176317	この森には、\nいったい何があるんだろう・・・？%b	
3937	map	1	41	/YW00.MAP@176396	とにかく、\nあちこち歩き回ってみようぜ。%b	
3938	map	1	4	/YW20.MAP@132623	ぢEj	
3939	map	1	39	/YW20.MAP@135353	・・・ったくよぉ、\nタチの悪い森だぜ。%b	
3940	map	1	22	/YW20.MAP@135425	・・・おかしいな。%b%h	
3941	map	1	64	/YW20.MAP@135480	つながってる所を確認しながら進めば抜けられるハズなのに・・・。%b	
3942	map	1	47	/YW20.MAP@135577	・・・なんでだ？\nちっとも森から出られねぇ。%b%h	
3943	map	1	47	/YW20.MAP@135657	まだ気がついてない道でも\nあるってのか・・・？%b	
3944	map	1	51	/YW20.MAP@135737	だぁぁぁあぁぁぁあぁぁぁっ！\n出られねぇーっ！！%b%h	
3945	map	1	66	/YW20.MAP@135821	まわりの景色を見れば、\nどこら辺にいるかぐらいの\n区別ができる！%b%h	
3946	map	1	54	/YW20.MAP@135920	なのに、\nどうして同じ所を\n回りつづけるんだよーっ！！%b	
3947	map	1	83	/YW20.MAP@135975	　\n・・・くすくすくす・・・\nしようのない迷子さんね・・・\n・・・くすくすくす・・・%b	
3948	map	1	85	/YW20.MAP@136059	　\n・・・くすくすくす・・・\n私たちが手を貸してあげる・・・\n・・・くすくすくす・・・%b	
3949	map	1	45	/YW20.MAP@136177	なんだ？\nここは最初に来たトコじゃないか。%b%h	
3950	map	1	28	/YW20.MAP@136255	・・・方向まちがえたかな？%b	
3951	map	10	32	/YW20.MAP@136284	　\n　\n・・・くすくすくす・・・%b	
3952	map	1	44	/YW20.MAP@136349	くそっ、\nどうなってやがんだ、\nこの森は！？%b	
3953	map	1	85	/YW20.MAP@136427	　\n・・・ラ・・・ラララ・・・\n・・・森の・・・木々・・・\n・・・わたる・・・風・・・%b	
3954	map	1	22	/YW20.MAP@136578	なにがおかしい！？%b%h	
3955	map	1	31	/YW20.MAP@136633	歌なんか\n歌ってんじゃねぇや！%b	
3956	map	1	91	/YW20.MAP@136665	　\n・・・ラ・・・ラララ・・・\n・・・ゆめを・・・はこぶ・・・\n・・・緑の・・・わかば・・・%b	
3957	map	1	43	/YW20.MAP@136822	・・・なんだってんだ、\nちくしょう・・・！%b	
3958	map	1	97	/YW20.MAP@136866	　\n・・・ラ・・・ラララ・・・\n・・・ときに・・・やさしく・・・\n・・・つつんで・・・くれる・・・%b	
3959	map	1	22	/YW20.MAP@137029	いいかげんにしろ！%b%h	
3960	map	1	30	/YW20.MAP@137084	とっととオレをここから出せ！%b	
3961	map	1	77	/YW20.MAP@137115	　\n・・・ラ・・・ラララ・・・\n・・・ラララ・・・\n・・・ラ・・・ラララ・・・%b	
3962	map	1	33	/YW20.MAP@137258	ちっくしょう！\nアッタマきた！%b%h	
3963	map	1	60	/YW20.MAP@137324	ぜったいにお前の正体を\nあばいてやるからな！\nおぼえてろよ！%b	
3964	map	1	89	/YW20.MAP@137418	　\n・・・ラ・・・ラララ・・・\n・・・森の・・・ざわめき・・・\n・・・そよぐ・・・風・・・%b	
3965	map	1	37	/YW20.MAP@137573	ムシだ、ムシ！\nかまってらんねぇ！%b%h	
3966	map	1	43	/YW20.MAP@137643	それより、\nさっさとここから出てやるんだ！%b	
3967	map	1	93	/YW20.MAP@137687	　\n・・・ラ・・・ラララ・・・\n・・・こころを・・・ささえる・・・\n・・・緑の・・・大地・・・%b	
3968	map	1	37	/YW20.MAP@137846	いちいちシャクにさわる\n歌声だぜ！%b%h	
3969	map	1	35	/YW20.MAP@137916	・・・それより、\n出口はどこだ！？%b	
3970	map	1	26	/YW20.MAP@137984	・・・くすくすくす・・・%b	
3971	map	1	37	/YW20.MAP@138043	やはり心配なのね、\nお仲間のことが。%b	
3972	map	1	43	/YW20.MAP@138113	・・・いいでしょう、\nついていらっしゃい。%b	
3973	map	1	91	/YW20.MAP@138167	　\n・・・ラ・・・ラララ・・・\n・・・ときに・・・つよく・・・\n・・・だき・・・しめて・・・%b	
3974	map	1	16	/YW20.MAP@138291	・・・ん！？%b%h	
3975	map	1	29	/YW20.MAP@138340	歌が・・・\n終わった・・・？%b	
3976	map	1	26	/YW20.MAP@138402	ようこそ、幽玄の森へ。%b%h	
3977	map	1	35	/YW20.MAP@138461	お待ちしていましたよ、\n%s11さん。%b	
3978	map	1	31	/YW20.MAP@138529	お前か、\nさっきの声の主は！？%b	
3979	map	1	58	/YW20.MAP@138593	そうです。\nあなたの行動を\n一部始終見せていただきました。%b	
3980	map	1	30	/YW20.MAP@138684	なんで、そんなコトをする？%b%h	
3981	map	1	49	/YW20.MAP@138747	オレに用があるんなら、\nお前が来ればいいだろ！？%b	
3982	map	1	68	/YW20.MAP@138884	あなた・・・\nどうして、お仲間とわかれて、\nたったひとりでこの森へ？%b	
3983	map	1	68	/YW20.MAP@138985	ここは、\n『扉』からもれた邪悪な気が、\n辺りにあふれているの・・・。%b	
3984	map	1	39	/YW20.MAP@139086	一度まよいこめば、\n命つきるまで・・・%b	
3985	map	1	68	/YW20.MAP@139158	いいえ、\n死してなお、永久にこの森を\nさまよいつづけることになるわ。%b	
3986	map	1	18	/YW20.MAP@139259	知ったコトかよ。%b	
3987	map	1	47	/YW20.MAP@139310	現にオレはこうして、\nお前の所へたどりついた。%b	
3988	map	1	35	/YW20.MAP@139390	・・・ま、\nいろいろあったけどよ。%b	
3989	map	1	24	/YW20.MAP@139458	それでいいじゃねぇか。%b	
3990	map	1	37	/YW20.MAP@139515	わかっていないのね、\nあなた・・・。%b	
3991	map	1	61	/YW20.MAP@139585	あなたは、私の導きによって\nここまで連れてこられただけなの。%b	
3992	map	1	30	/YW20.MAP@139679	じゃあ、あいつらは・・・！？%b	
3993	map	1	22	/YW20.MAP@139742	・・・見えるわ・・・%b	
3994	map	1	55	/YW20.MAP@139797	あなたのお仲間はいま、\n常世塚の奥深くにいるわ・・・。%b	
3995	map	1	39	/YW20.MAP@139885	なんだ・・・\nあいつら、ぶじなんだな。%b	
3996	map	1	35	/YW20.MAP@139957	そんなら、\nなんの問題もねぇだろ。%b	
3997	map	1	22	/YW20.MAP@140025	・・・・・・いいえ。%b	
3998	map	1	64	/YW20.MAP@140080	常世塚は、\n生きとし生けるものが\n入りこんではならない所・・・。%b	
3999	map	1	58	/YW20.MAP@140177	・・・死してなお、\n生にすがろうとするものが\nまよいこみ、%b	
4000	map	1	87	/YW20.MAP@140268	・・・死してなお、\nその業の深さゆえに\nねむることを許されぬ者が\nさまよいこむ所・・・。%b	
4001	map	1	64	/YW20.MAP@140388	そこに出口はなく\nただ、無限のときを\nさまよいつづけるのみ・・・%b	
4002	map	1	22	/YW20.MAP@140485	どうして・・・・・・%b	
4003	map	1	66	/YW20.MAP@140540	どうして、\nあいつらも助けてやらねぇんだ！？\nオレは助けたクセに！%b	
4004	map	1	32	/YW20.MAP@140607	　\n　\n・・・・・・・・・・・・%b	
4005	map	1	22	/YW20.MAP@140672	気のせいか・・・？%b%h	
4006	map	1	72	/YW20.MAP@140727	ち、ちっきしょう、\nいったい、なんだってんだ！？\n人をコケにしやがって！%b	
4007	map	1	54	/YW20.MAP@140832	それより、\nどうやって先に進むか\n考えなきゃな・・・。%b	
4008	map	1	47	/YW20.MAP@141054	・・・・・・ふぅ、\nちょっと言いすぎたかな。%b%h	
4009	map	1	89	/YW20.MAP@141134	いやいや、\nあーゆーあまったれたのには、\nだれかがビシッと言ってやらなきゃ\nダメなんだ。%b%h	
4010	map	1	74	/YW20.MAP@141256	あいつだって\n仮にも一国の王子なんだから、\nその辺はわかってくれるよな。%b%h	
4011	map	1	22	/YW20.MAP@141363	・・・・・・さて。%b%h	
4012	map	1	65	/YW20.MAP@141418	一人飛び出してきたのはいいが、\nたしかにこの森はやっかいだな。%b%h	
4013	map	1	45	/YW20.MAP@141516	まともに歩けそうなところが、\nほとんどねぇ。%b	
4014	map	1	43	/YW20.MAP@141594	し、しかし、\nなんか気味わるいな、ここ。%b%h	
4015	map	1	51	/YW20.MAP@141670	こう森が深くちゃ、\nロクにまわりも見えねぇしな。%b%h	
4016	map	1	58	/YW20.MAP@141754	くそっ、\nこんな木、かたっぱしから\n切り倒して行ってやる！%b	
4017	map	1	31	/YW20.MAP@141878	な、なんだ、\nいまの声は！？%b%h	
4018	map	1	54	/YW20.MAP@141942	おい！\nだれかいるのか！？\nいるんなら、返事しやがれ！%b	
